index_id,index_name,symbol,valid_from,valid_to,weightage,source,source_url,notes
217,Nifty 50,AMBUJACEM,2014-01-01,2018-04-02,,snapshot_floor,,closed by ind_prs21022018.pdf
217,Nifty 50,AUROPHARMA,2014-01-01,2018-04-02,,snapshot_floor,,closed by ind_prs21022018.pdf
217,Nifty 50,BOSCHLTD,2014-01-01,2018-04-02,,snapshot_floor,,closed by ind_prs21022018.pdf
217,Nifty 50,LUPIN,2014-01-01,2018-09-28,,snapshot_floor,,closed by ind_prs28082018.pdf
217,Nifty 50,HINDPETRO,2014-01-01,2019-03-29,,snapshot_floor,,closed by ind_prs25022019.pdf
217,Nifty 50,SAMMAANCAP,2014-01-01,2019-09-27,,snapshot_floor,,closed by ind_prs28082019.pdf
217,Nifty 50,YESBANK,2014-01-01,2020-03-19,,snapshot_floor,,closed by ind_prs16032020.pdf
217,Nifty 50,YESBANK,2014-01-01,2020-03-27,,snapshot_floor,https://niftyindices.com/Press_Release/ind_prs18022020.pdf,orphan-exclude (no prior include in coverage)
217,Nifty 50,VEDL,2014-01-01,2020-07-31,,snapshot_floor,,closed by ind_prs02072020_1.pdf
217,Nifty 50,INDUSTOWER,2014-01-01,2020-09-25,,snapshot_floor,,closed by ind_prs20082020.pdf
217,Nifty 50,ZEEL,2014-01-01,2020-09-25,,snapshot_floor,,closed by ind_prs20082020.pdf
217,Nifty 50,GAIL,2014-01-01,2021-03-31,,snapshot_floor,,closed by ind_prs23022021.pdf
217,Nifty 50,IOC,2014-01-01,2022-03-31,,snapshot_floor,,closed by ind_prs24022022_1.pdf
217,Nifty 50,SHREECEM,2020-03-27,2022-09-30,,press_release,https://niftyindices.com/Press_Release/ind_prs18022020.pdf,closed by ind_prs01092022.pdf
217,Nifty 50,HDFC,2014-01-01,2023-07-13,,snapshot_floor,,closed by ind_prs04072023.pdf
217,Nifty 50,UPL,2014-01-01,2024-03-28,,snapshot_floor,,closed by ind_prs28022024.pdf
217,Nifty 50,DIVISLAB,2020-09-25,2024-09-30,,press_release,https://niftyindices.com/Press_Release/ind_prs20082020.pdf,closed by ind_prs23082024.pdf
217,Nifty 50,LTM,2023-07-13,2024-09-30,,press_release,https://niftyindices.com/Press_Release/ind_prs04072023.pdf,closed by ind_prs23082024.pdf
217,Nifty 50,BPCL,2014-01-01,2025-03-28,,snapshot_floor,,closed by ind_prs21022025.pdf
217,Nifty 50,BRITANNIA,2019-03-29,2025-03-28,,press_release,https://niftyindices.com/Press_Release/ind_prs25022019.pdf,closed by ind_prs21022025.pdf
217,Nifty 50,HEROMOTOCO,2014-01-01,2025-09-30,,snapshot_floor,,closed by ind_prs22082025.pdf
217,Nifty 50,INDUSINDBK,2014-01-01,2025-09-30,,snapshot_floor,,closed by ind_prs22082025.pdf
217,Nifty 50,ULTRACEMCO,2014-01-01,,,snapshot_floor,,
217,Nifty 50,RELIANCE,2014-01-01,,,snapshot_floor,,
217,Nifty 50,CIPLA,2014-01-01,,,snapshot_floor,,
217,Nifty 50,ASIANPAINT,2014-01-01,,,snapshot_floor,,
217,Nifty 50,DRREDDY,2014-01-01,,,snapshot_floor,,
217,Nifty 50,ONGC,2014-01-01,,,snapshot_floor,,
217,Nifty 50,WIPRO,2014-01-01,,,snapshot_floor,,
217,Nifty 50,KOTAKBANK,2014-01-01,,,snapshot_floor,,
217,Nifty 50,TCS,2014-01-01,,,snapshot_floor,,
217,Nifty 50,HINDALCO,2014-01-01,,,snapshot_floor,,
217,Nifty 50,BHARTIARTL,2014-01-01,,,snapshot_floor,,
217,Nifty 50,ICICIBANK,2014-01-01,,,snapshot_floor,,
217,Nifty 50,AXISBANK,2014-01-01,,,snapshot_floor,,
217,Nifty 50,INFY,2014-01-01,,,snapshot_floor,,
217,Nifty 50,BAJFINANCE,2014-01-01,,,snapshot_floor,,
217,Nifty 50,M&M,2014-01-01,,,snapshot_floor,,
217,Nifty 50,TECHM,2014-01-01,,,snapshot_floor,,
217,Nifty 50,HCLTECH,2014-01-01,,,snapshot_floor,,
217,Nifty 50,SBIN,2014-01-01,,,snapshot_floor,,
217,Nifty 50,MARUTI,2014-01-01,,,snapshot_floor,,
217,Nifty 50,TATASTEEL,2014-01-01,,,snapshot_floor,,
217,Nifty 50,EICHERMOT,2014-01-01,,,snapshot_floor,,
217,Nifty 50,POWERGRID,2014-01-01,,,snapshot_floor,,
217,Nifty 50,TMPV,2014-01-01,,,snapshot_floor,,
217,Nifty 50,BAJAJ-AUTO,2014-01-01,,,snapshot_floor,,
217,Nifty 50,LT,2014-01-01,,,snapshot_floor,,
217,Nifty 50,NTPC,2014-01-01,,,snapshot_floor,,
217,Nifty 50,HINDUNILVR,2014-01-01,,,snapshot_floor,,
217,Nifty 50,SUNPHARMA,2014-01-01,,,snapshot_floor,,
217,Nifty 50,ITC,2014-01-01,,,snapshot_floor,,
217,Nifty 50,COALINDIA,2014-01-01,,,snapshot_floor,,
217,Nifty 50,HDFCBANK,2014-01-01,,,snapshot_floor,,
217,Nifty 50,ADANIPORTS,2014-01-01,,,snapshot_floor,,
217,Nifty 50,BAJAJFINSV,2018-04-02,,,press_release,https://niftyindices.com/Press_Release/ind_prs21022018.pdf,
217,Nifty 50,GRASIM,2018-04-02,,,press_release,https://niftyindices.com/Press_Release/ind_prs21022018.pdf,
217,Nifty 50,TITAN,2018-04-02,,,press_release,https://niftyindices.com/Press_Release/ind_prs21022018.pdf,
217,Nifty 50,JSWSTEEL,2018-09-28,,,press_release,https://niftyindices.com/Press_Release/ind_prs28082018.pdf,
217,Nifty 50,NESTLEIND,2019-09-27,,,press_release,https://niftyindices.com/Press_Release/ind_prs28082019.pdf,
217,Nifty 50,HDFCLIFE,2020-07-31,,,press_release,https://niftyindices.com/Press_Release/ind_prs02072020_1.pdf,
217,Nifty 50,SBILIFE,2020-09-25,,,press_release,https://niftyindices.com/Press_Release/ind_prs20082020.pdf,
217,Nifty 50,TATACONSUM,2021-03-31,,,press_release,https://niftyindices.com/Press_Release/ind_prs23022021.pdf,
217,Nifty 50,APOLLOHOSP,2022-03-31,,,press_release,https://niftyindices.com/Press_Release/ind_prs24022022_1.pdf,
217,Nifty 50,ADANIENT,2022-09-30,,,press_release,https://niftyindices.com/Press_Release/ind_prs01092022.pdf,
217,Nifty 50,SHRIRAMFIN,2024-03-28,,,press_release,https://niftyindices.com/Press_Release/ind_prs28022024.pdf,
217,Nifty 50,BEL,2024-09-30,,,press_release,https://niftyindices.com/Press_Release/ind_prs23082024.pdf,
217,Nifty 50,TRENT,2024-09-30,,,press_release,https://niftyindices.com/Press_Release/ind_prs23082024.pdf,
217,Nifty 50,JIOFIN,2025-03-28,,,press_release,https://niftyindices.com/Press_Release/ind_prs21022025.pdf,
217,Nifty 50,ETERNAL,2025-03-28,,,press_release,https://niftyindices.com/Press_Release/ind_prs21022025.pdf,
217,Nifty 50,INDIGO,2025-09-30,,,press_release,https://niftyindices.com/Press_Release/ind_prs22082025.pdf,
217,Nifty 50,MAXHEALTH,2025-09-30,,,press_release,https://niftyindices.com/Press_Release/ind_prs22082025.pdf,
218,Nifty Next 50,APOLLOHOSP,2014-01-01,2017-03-31,,snapshot_floor,,closed by ind_prs16022017.pdf
218,Nifty Next 50,BHARATFORG,2014-01-01,2017-03-31,,snapshot_floor,,closed by ind_prs16022017.pdf
218,Nifty Next 50,CASTROLIND,2014-01-01,2017-03-31,,snapshot_floor,,closed by ind_prs16022017.pdf
218,Nifty Next 50,SAMMAANCAP,2014-01-01,2017-03-31,,snapshot_floor,,closed by ind_prs16022017.pdf
218,Nifty Next 50,IOC,2014-01-01,2017-03-31,,snapshot_floor,,closed by ind_prs16022017.pdf
218,Nifty Next 50,BAJFINANCE,2014-01-01,2017-09-29,,snapshot_floor,,closed by ind_prs28082017.pdf
218,Nifty Next 50,DIVISLAB,2014-01-01,2017-09-29,,snapshot_floor,,closed by ind_prs28082017.pdf
218,Nifty Next 50,HINDPETRO,2014-01-01,2017-09-29,,snapshot_floor,,closed by ind_prs28082017.pdf
218,Nifty Next 50,UBL,2014-01-01,2017-09-29,,snapshot_floor,,closed by ind_prs28082017.pdf
218,Nifty Next 50,UPL,2014-01-01,2017-09-29,,snapshot_floor,,closed by ind_prs28082017.pdf
218,Nifty Next 50,BAJAJFINSV,2014-01-01,2018-04-02,,snapshot_floor,,closed by ind_prs21022018.pdf
218,Nifty Next 50,GSKCONS,2014-01-01,2018-04-02,,snapshot_floor,,closed by ind_prs21022018.pdf
218,Nifty Next 50,GLAXO,2014-01-01,2018-04-02,,snapshot_floor,,closed by ind_prs21022018.pdf
218,Nifty Next 50,GLENMARK,2014-01-01,2018-04-02,,snapshot_floor,,closed by ind_prs21022018.pdf
218,Nifty Next 50,TATAPOWER,2017-09-29,2018-04-02,,press_release,https://niftyindices.com/Press_Release/ind_prs28082017.pdf,closed by ind_prs21022018.pdf
218,Nifty Next 50,TITAN,2014-01-01,2018-04-02,,snapshot_floor,,closed by ind_prs21022018.pdf
218,Nifty Next 50,TORNTPHARM,2014-01-01,2018-04-02,,snapshot_floor,,closed by ind_prs21022018.pdf
218,Nifty Next 50,CUMMINSIND,2014-01-01,2018-09-28,,snapshot_floor,,closed by ind_prs28082018.pdf
218,Nifty Next 50,EMAMILTD,2014-01-01,2018-09-28,,snapshot_floor,,closed by ind_prs28082018.pdf
218,Nifty Next 50,JSWSTEEL,2014-01-01,2018-09-28,,snapshot_floor,,closed by ind_prs28082018.pdf
218,Nifty Next 50,PFC,2014-01-01,2018-09-28,,snapshot_floor,,closed by ind_prs28082018.pdf
218,Nifty Next 50,PNB,2014-01-01,2018-09-28,,snapshot_floor,,closed by ind_prs28082018.pdf
218,Nifty Next 50,RECLTD,2017-03-31,2018-09-28,,press_release,https://niftyindices.com/Press_Release/ind_prs16022017.pdf,closed by ind_prs28082018.pdf
218,Nifty Next 50,ABCAPITAL,2018-04-02,2019-03-29,,press_release,https://niftyindices.com/Press_Release/ind_prs21022018.pdf,closed by ind_prs25022019.pdf
218,Nifty Next 50,BEL,2014-01-01,2019-03-29,,snapshot_floor,,closed by ind_prs25022019.pdf
218,Nifty Next 50,BRITANNIA,2014-01-01,2019-03-29,,snapshot_floor,,closed by ind_prs25022019.pdf
218,Nifty Next 50,LICHSGFIN,2014-01-01,2019-03-29,,snapshot_floor,,closed by ind_prs25022019.pdf
218,Nifty Next 50,OIL,2014-01-01,2019-03-29,,snapshot_floor,,closed by ind_prs25022019.pdf
218,Nifty Next 50,SUNTV,2014-01-01,2019-03-29,,snapshot_floor,,closed by ind_prs25022019.pdf
218,Nifty Next 50,ABB,2014-01-01,2019-09-27,,snapshot_floor,,closed by ind_prs28082019.pdf
218,Nifty Next 50,BHEL,2017-03-31,2019-09-27,,press_release,https://niftyindices.com/Press_Release/ind_prs16022017.pdf,closed by ind_prs28082019.pdf
218,Nifty Next 50,MRF,2017-09-29,2019-09-27,,press_release,https://niftyindices.com/Press_Release/ind_prs28082017.pdf,closed by ind_prs28082019.pdf
218,Nifty Next 50,SAIL,2014-01-01,2019-09-27,,snapshot_floor,,closed by ind_prs28082019.pdf
218,Nifty Next 50,SHREECEM,2014-01-01,2020-03-19,,snapshot_floor,,closed by ind_prs16032020.pdf
218,Nifty Next 50,ASHOKLEY,2014-01-01,2020-03-27,,snapshot_floor,,closed by ind_prs18022020.pdf
218,Nifty Next 50,SAMMAANCAP,2019-09-27,2020-03-27,,press_release,https://niftyindices.com/Press_Release/ind_prs28082019.pdf,closed by ind_prs18022020.pdf
218,Nifty Next 50,LTF,2018-04-02,2020-03-27,,press_release,https://niftyindices.com/Press_Release/ind_prs21022018.pdf,closed by ind_prs18022020.pdf
218,Nifty Next 50,SHREECEM,2014-01-01,2020-03-27,,snapshot_floor,https://niftyindices.com/Press_Release/ind_prs18022020.pdf,orphan-exclude (no prior include in coverage)
218,Nifty Next 50,IDEA,2017-03-31,2020-03-27,,press_release,https://niftyindices.com/Press_Release/ind_prs16022017.pdf,closed by ind_prs18022020.pdf
218,Nifty Next 50,ASHOKLEY,2014-01-01,2020-06-26,,snapshot_floor,https://niftyindices.com/Press_Release/ind_prs10062020.pdf,orphan-exclude (no prior include in coverage)
218,Nifty Next 50,SAMMAANCAP,2014-01-01,2020-06-26,,snapshot_floor,https://niftyindices.com/Press_Release/ind_prs10062020.pdf,orphan-exclude (no prior include in coverage)
218,Nifty Next 50,LTF,2014-01-01,2020-06-26,,snapshot_floor,https://niftyindices.com/Press_Release/ind_prs10062020.pdf,orphan-exclude (no prior include in coverage)
218,Nifty Next 50,NIACL,2018-09-28,2020-06-26,,press_release,https://niftyindices.com/Press_Release/ind_prs28082018.pdf,closed by ind_prs10062020.pdf
218,Nifty Next 50,IDEA,2014-01-01,2020-06-26,,snapshot_floor,https://niftyindices.com/Press_Release/ind_prs10062020.pdf,orphan-exclude (no prior include in coverage)
218,Nifty Next 50,HDFCLIFE,2018-09-28,2020-07-31,,press_release,https://niftyindices.com/Press_Release/ind_prs28082018.pdf,closed by ind_prs02072020_1.pdf
218,Nifty Next 50,DIVISLAB,2019-03-29,2020-09-25,,press_release,https://niftyindices.com/Press_Release/ind_prs25022019.pdf,closed by ind_prs20082020.pdf
218,Nifty Next 50,NHPC,2014-01-01,2020-09-25,,snapshot_floor,,closed by ind_prs20082020.pdf
218,Nifty Next 50,PAGEIND,2019-03-29,2020-09-25,,press_release,https://niftyindices.com/Press_Release/ind_prs25022019.pdf,closed by ind_prs20082020.pdf
218,Nifty Next 50,SBILIFE,2018-04-02,2020-09-25,,press_release,https://niftyindices.com/Press_Release/ind_prs21022018.pdf,closed by ind_prs20082020.pdf
218,Nifty Next 50,SHRIRAMFIN,2014-01-01,2020-09-25,,snapshot_floor,,closed by ind_prs20082020.pdf
218,Nifty Next 50,BANKBARODA,2017-09-29,2021-03-31,,press_release,https://niftyindices.com/Press_Release/ind_prs28082017.pdf,closed by ind_prs23022021.pdf
218,Nifty Next 50,CONCOR,2014-01-01,2021-03-31,,snapshot_floor,,closed by ind_prs23022021.pdf
218,Nifty Next 50,GICRE,2018-04-02,2021-03-31,,press_release,https://niftyindices.com/Press_Release/ind_prs21022018.pdf,closed by ind_prs23022021.pdf
218,Nifty Next 50,HINDZINC,2014-01-01,2021-03-31,,snapshot_floor,,closed by ind_prs23022021.pdf
218,Nifty Next 50,OFSS,2014-01-01,2021-03-31,,snapshot_floor,,closed by ind_prs23022021.pdf
218,Nifty Next 50,PFC,2019-09-27,2021-03-31,,press_release,https://niftyindices.com/Press_Release/ind_prs28082019.pdf,closed by ind_prs23022021.pdf
218,Nifty Next 50,TATACONSUM,2020-09-25,2021-03-31,,press_release,https://niftyindices.com/Press_Release/ind_prs20082020.pdf,closed by ind_prs23022021.pdf
218,Nifty Next 50,MOTHERSON,2014-01-01,2021-06-30,,snapshot_floor,,closed by ind_prs15062021.pdf
218,Nifty Next 50,APOLLOHOSP,2021-03-31,2022-03-31,,press_release,https://niftyindices.com/Press_Release/ind_prs23022021.pdf,closed by ind_prs24022022_1.pdf
218,Nifty Next 50,AUROPHARMA,2018-04-02,2022-03-31,,press_release,https://niftyindices.com/Press_Release/ind_prs21022018.pdf,closed by ind_prs24022022_1.pdf
218,Nifty Next 50,HINDPETRO,2019-03-29,2022-03-31,,press_release,https://niftyindices.com/Press_Release/ind_prs25022019.pdf,closed by ind_prs24022022_1.pdf
218,Nifty Next 50,IGL,2020-06-26,2022-03-31,,press_release,https://niftyindices.com/Press_Release/ind_prs10062020.pdf,closed by ind_prs24022022_1.pdf
218,Nifty Next 50,JINDALSTEL,2014-01-01,2022-03-31,,snapshot_floor,,closed by ind_prs24022022_1.pdf
218,Nifty Next 50,YESBANK,2021-03-31,2022-03-31,,press_release,https://niftyindices.com/Press_Release/ind_prs23022021.pdf,closed by ind_prs24022022_1.pdf
218,Nifty Next 50,NMDC,2014-01-01,2022-08-08,,snapshot_floor,,closed by ind_prs11072022.pdf
218,Nifty Next 50,PEL,2014-01-01,2022-08-08,,snapshot_floor,,closed by ind_prs11072022.pdf
218,Nifty Next 50,ADANIENT,2021-03-31,2022-09-30,,press_release,https://niftyindices.com/Press_Release/ind_prs23022021.pdf,closed by ind_prs01092022.pdf
218,Nifty Next 50,JUBLFOOD,2021-03-31,2022-09-30,,press_release,https://niftyindices.com/Press_Release/ind_prs23022021.pdf,closed by ind_prs01092022.pdf
218,Nifty Next 50,LUPIN,2018-09-28,2022-09-30,,press_release,https://niftyindices.com/Press_Release/ind_prs28082018.pdf,closed by ind_prs01092022.pdf
218,Nifty Next 50,LTM,2022-03-31,2022-09-30,,press_release,https://niftyindices.com/Press_Release/ind_prs24022022_1.pdf,closed by ind_prs01092022.pdf
218,Nifty Next 50,PNB,2019-09-27,2022-09-30,,press_release,https://niftyindices.com/Press_Release/ind_prs28082019.pdf,closed by ind_prs01092022.pdf
218,Nifty Next 50,SAIL,2014-01-01,2022-09-30,,snapshot_floor,https://niftyindices.com/Press_Release/ind_prs01092022.pdf,orphan-exclude (no prior include in coverage)
218,Nifty Next 50,ZYDUSLIFE,2014-01-01,2022-09-30,,snapshot_floor,,closed by ind_prs01092022.pdf
218,Nifty Next 50,BANDHANBNK,2018-09-28,2023-03-31,,press_release,https://niftyindices.com/Press_Release/ind_prs28082018.pdf,closed by ind_prs17022023_1.pdf
218,Nifty Next 50,BIOCON,2018-09-28,2023-03-31,,press_release,https://niftyindices.com/Press_Release/ind_prs28082018.pdf,closed by ind_prs17022023_1.pdf
218,Nifty Next 50,GLAND,2021-06-30,2023-03-31,,press_release,https://niftyindices.com/Press_Release/ind_prs15062021.pdf,closed by ind_prs17022023_1.pdf
218,Nifty Next 50,MPHASIS,2022-09-30,2023-03-31,,press_release,https://niftyindices.com/Press_Release/ind_prs01092022.pdf,closed by ind_prs17022023_1.pdf
218,Nifty Next 50,PAYTM,2022-03-31,2023-03-31,,press_release,https://niftyindices.com/Press_Release/ind_prs24022022_1.pdf,closed by ind_prs17022023_1.pdf
218,Nifty Next 50,LTM,2014-01-01,2023-07-13,,snapshot_floor,https://niftyindices.com/Press_Release/ind_prs04072023.pdf,orphan-exclude (no prior include in coverage)
218,Nifty Next 50,ACC,2017-09-29,2023-09-29,,press_release,https://niftyindices.com/Press_Release/ind_prs28082017.pdf,closed by ind_prs17082023.pdf
218,Nifty Next 50,NYKAA,2022-03-31,2023-09-29,,press_release,https://niftyindices.com/Press_Release/ind_prs24022022_1.pdf,closed by ind_prs17082023.pdf
218,Nifty Next 50,HDFCAMC,2019-03-29,2023-09-29,,press_release,https://niftyindices.com/Press_Release/ind_prs25022019.pdf,closed by ind_prs17082023.pdf
218,Nifty Next 50,INDUSTOWER,2020-09-25,2023-09-29,,press_release,https://niftyindices.com/Press_Release/ind_prs20082020.pdf,closed by ind_prs17082023.pdf
218,Nifty Next 50,PAGEIND,2023-03-31,2023-09-29,,press_release,https://niftyindices.com/Press_Release/ind_prs17022023_1.pdf,closed by ind_prs17082023.pdf
218,Nifty Next 50,AWL,2023-03-31,2024-03-28,,press_release,https://niftyindices.com/Press_Release/ind_prs17022023_1.pdf,closed by ind_prs28022024.pdf
218,Nifty Next 50,MUTHOOTFIN,2020-06-26,2024-03-28,,press_release,https://niftyindices.com/Press_Release/ind_prs10062020.pdf,closed by ind_prs28022024.pdf
218,Nifty Next 50,PIIND,2014-01-01,2024-03-28,,snapshot_floor,,closed by ind_prs28022024.pdf
218,Nifty Next 50,PGHH,2014-01-01,2024-03-28,,snapshot_floor,,closed by ind_prs28022024.pdf
218,Nifty Next 50,SHRIRAMFIN,2023-09-29,2024-03-28,,press_release,https://niftyindices.com/Press_Release/ind_prs17082023.pdf,closed by ind_prs28022024.pdf
218,Nifty Next 50,BERGEPAINT,2019-09-27,2024-09-30,,press_release,https://niftyindices.com/Press_Release/ind_prs28082019.pdf,closed by ind_prs23082024.pdf
218,Nifty Next 50,BEL,2022-09-30,2024-09-30,,press_release,https://niftyindices.com/Press_Release/ind_prs01092022.pdf,closed by ind_prs23082024.pdf
218,Nifty Next 50,COLPAL,2014-01-01,2024-09-30,,snapshot_floor,,closed by ind_prs23082024.pdf
218,Nifty Next 50,MARICO,2014-01-01,2024-09-30,,snapshot_floor,,closed by ind_prs23082024.pdf
218,Nifty Next 50,SBICARD,2020-07-31,2024-09-30,,press_release,https://niftyindices.com/Press_Release/ind_prs02072020_1.pdf,closed by ind_prs23082024.pdf
218,Nifty Next 50,SRF,2022-03-31,2024-09-30,,press_release,https://niftyindices.com/Press_Release/ind_prs24022022_1.pdf,closed by ind_prs23082024.pdf
218,Nifty Next 50,TRENT,2023-09-29,2024-09-30,,press_release,https://niftyindices.com/Press_Release/ind_prs17082023.pdf,closed by ind_prs23082024.pdf
218,Nifty Next 50,ATGL,2022-09-30,2025-03-28,,press_release,https://niftyindices.com/Press_Release/ind_prs01092022.pdf,closed by ind_prs21022025.pdf
218,Nifty Next 50,BHEL,2024-09-30,2025-03-28,,press_release,https://niftyindices.com/Press_Release/ind_prs23082024.pdf,closed by ind_prs21022025.pdf
218,Nifty Next 50,IRCTC,2022-09-30,2025-03-28,,press_release,https://niftyindices.com/Press_Release/ind_prs01092022.pdf,closed by ind_prs21022025.pdf
218,Nifty Next 50,JIOFIN,2024-03-28,2025-03-28,,press_release,https://niftyindices.com/Press_Release/ind_prs28022024.pdf,closed by ind_prs21022025.pdf
218,Nifty Next 50,NHPC,2024-09-30,2025-03-28,,press_release,https://niftyindices.com/Press_Release/ind_prs23082024.pdf,closed by ind_prs21022025.pdf
218,Nifty Next 50,UNIONBANK,2024-09-30,2025-03-28,,press_release,https://niftyindices.com/Press_Release/ind_prs23082024.pdf,closed by ind_prs21022025.pdf
218,Nifty Next 50,ETERNAL,2022-03-31,2025-03-28,,press_release,https://niftyindices.com/Press_Release/ind_prs24022022_1.pdf,closed by ind_prs21022025.pdf
218,Nifty Next 50,DABUR,2014-01-01,2025-09-30,,snapshot_floor,,closed by ind_prs22082025.pdf
218,Nifty Next 50,ICICIPRULI,2017-03-31,2025-09-30,,press_release,https://niftyindices.com/Press_Release/ind_prs16022017.pdf,closed by ind_prs22082025.pdf
218,Nifty Next 50,INDIGO,2014-01-01,2025-09-30,,snapshot_floor,,closed by ind_prs22082025.pdf
218,Nifty Next 50,SWIGGY,2025-03-28,2025-09-30,,press_release,https://niftyindices.com/Press_Release/ind_prs21022025.pdf,closed by ind_prs22082025.pdf
218,Nifty Next 50,BAJAJHFL,2025-03-28,2026-03-30,,press_release,https://niftyindices.com/Press_Release/ind_prs21022025.pdf,closed by ind_prs23022026.pdf
218,Nifty Next 50,HAVELLS,2014-01-01,2026-03-30,,snapshot_floor,,closed by ind_prs23022026.pdf
218,Nifty Next 50,ICICIGI,2018-09-28,2026-03-30,,press_release,https://niftyindices.com/Press_Release/ind_prs28082018.pdf,closed by ind_prs23022026.pdf
218,Nifty Next 50,NAUKRI,2020-06-26,2026-03-30,,press_release,https://niftyindices.com/Press_Release/ind_prs10062020.pdf,closed by ind_prs23022026.pdf
218,Nifty Next 50,JSWENERGY,2024-09-30,2026-03-30,,press_release,https://niftyindices.com/Press_Release/ind_prs23082024.pdf,closed by ind_prs23022026.pdf
218,Nifty Next 50,LICI,2022-08-08,2026-03-30,,press_release,https://niftyindices.com/Press_Release/ind_prs11072022.pdf,closed by ind_prs23022026.pdf
218,Nifty Next 50,GODREJCP,2014-01-01,,,snapshot_floor,,
218,Nifty Next 50,SIEMENS,2014-01-01,,,snapshot_floor,,
218,Nifty Next 50,PIDILITIND,2014-01-01,,,snapshot_floor,,
218,Nifty Next 50,CHOLAFIN,2014-01-01,,,snapshot_floor,,
218,Nifty Next 50,UNITDSPR,2014-01-01,,,snapshot_floor,,
218,Nifty Next 50,DLF,2014-01-01,,,snapshot_floor,,
218,Nifty Next 50,PETRONET,2017-03-31,2017-09-30,,press_release,https://niftyindices.com/Press_Release/ind_prs16022017.pdf,"inferred-exclude: not in NSE current snapshot, no PR found (closed at next semi-annual review)"
218,Nifty Next 50,DMART,2017-09-29,,,press_release,https://niftyindices.com/Press_Release/ind_prs28082017.pdf,
218,Nifty Next 50,AMBUJACEM,2018-04-02,,,press_release,https://niftyindices.com/Press_Release/ind_prs21022018.pdf,
218,Nifty Next 50,BOSCHLTD,2018-04-02,,,press_release,https://niftyindices.com/Press_Release/ind_prs21022018.pdf,
218,Nifty Next 50,BAJAJHLDNG,2019-03-29,,,press_release,https://niftyindices.com/Press_Release/ind_prs25022019.pdf,
218,Nifty Next 50,UBL,2019-03-29,2019-03-31,,press_release,https://niftyindices.com/Press_Release/ind_prs25022019.pdf,"inferred-exclude: not in NSE current snapshot, no PR found (closed at next semi-annual review)"
218,Nifty Next 50,ADANIENSOL,2020-03-27,,,press_release,https://niftyindices.com/Press_Release/ind_prs18022020.pdf,
218,Nifty Next 50,IDBI,2020-03-27,2020-03-31,,press_release,https://niftyindices.com/Press_Release/ind_prs18022020.pdf,"inferred-exclude: not in NSE current snapshot, no PR found (closed at next semi-annual review)"
218,Nifty Next 50,TORNTPHARM,2020-06-26,,,press_release,https://niftyindices.com/Press_Release/ind_prs10062020.pdf,
218,Nifty Next 50,ABBOTINDIA,2020-06-26,2020-09-30,,press_release,https://niftyindices.com/Press_Release/ind_prs10062020.pdf,"inferred-exclude: not in NSE current snapshot, no PR found (closed at next semi-annual review)"
218,Nifty Next 50,ADANIGREEN,2020-09-25,,,press_release,https://niftyindices.com/Press_Release/ind_prs20082020.pdf,
218,Nifty Next 50,ALKEM,2020-09-25,2020-09-30,,press_release,https://niftyindices.com/Press_Release/ind_prs20082020.pdf,"inferred-exclude: not in NSE current snapshot, no PR found (closed at next semi-annual review)"
218,Nifty Next 50,GAIL,2021-03-31,,,press_release,https://niftyindices.com/Press_Release/ind_prs23022021.pdf,
218,Nifty Next 50,MRF,2021-03-31,2021-09-30,,press_release,https://niftyindices.com/Press_Release/ind_prs23022021.pdf,"inferred-exclude: not in NSE current snapshot, no PR found (closed at next semi-annual review)"
218,Nifty Next 50,VEDL,2021-03-31,,,press_release,https://niftyindices.com/Press_Release/ind_prs23022021.pdf,
218,Nifty Next 50,IOC,2022-03-31,,,press_release,https://niftyindices.com/Press_Release/ind_prs24022022_1.pdf,
218,Nifty Next 50,TATAPOWER,2022-08-08,,,press_release,https://niftyindices.com/Press_Release/ind_prs11072022.pdf,
218,Nifty Next 50,HAL,2022-09-30,,,press_release,https://niftyindices.com/Press_Release/ind_prs01092022.pdf,
218,Nifty Next 50,MOTHERSON,2022-09-30,,,press_release,https://niftyindices.com/Press_Release/ind_prs01092022.pdf,
218,Nifty Next 50,SHREECEM,2022-09-30,,,press_release,https://niftyindices.com/Press_Release/ind_prs01092022.pdf,
218,Nifty Next 50,ABB,2023-03-31,,,press_release,https://niftyindices.com/Press_Release/ind_prs17022023_1.pdf,
218,Nifty Next 50,CANBK,2023-03-31,,,press_release,https://niftyindices.com/Press_Release/ind_prs17022023_1.pdf,
218,Nifty Next 50,VBL,2023-03-31,,,press_release,https://niftyindices.com/Press_Release/ind_prs17022023_1.pdf,
218,Nifty Next 50,JINDALSTEL,2023-07-13,,,press_release,https://niftyindices.com/Press_Release/ind_prs04072023.pdf,
218,Nifty Next 50,PNB,2023-09-29,,,press_release,https://niftyindices.com/Press_Release/ind_prs17082023.pdf,
218,Nifty Next 50,TVSMOTOR,2023-09-29,,,press_release,https://niftyindices.com/Press_Release/ind_prs17082023.pdf,
218,Nifty Next 50,ZYDUSLIFE,2023-09-29,,,press_release,https://niftyindices.com/Press_Release/ind_prs17082023.pdf,
218,Nifty Next 50,ADANIPOWER,2024-03-28,,,press_release,https://niftyindices.com/Press_Release/ind_prs28022024.pdf,
218,Nifty Next 50,IRFC,2024-03-28,,,press_release,https://niftyindices.com/Press_Release/ind_prs28022024.pdf,
218,Nifty Next 50,PFC,2024-03-28,,,press_release,https://niftyindices.com/Press_Release/ind_prs28022024.pdf,
218,Nifty Next 50,RECLTD,2024-03-28,,,press_release,https://niftyindices.com/Press_Release/ind_prs28022024.pdf,
218,Nifty Next 50,DIVISLAB,2024-09-30,,,press_release,https://niftyindices.com/Press_Release/ind_prs23082024.pdf,
218,Nifty Next 50,LTM,2024-09-30,,,press_release,https://niftyindices.com/Press_Release/ind_prs23082024.pdf,
218,Nifty Next 50,LODHA,2024-09-30,,,press_release,https://niftyindices.com/Press_Release/ind_prs23082024.pdf,
218,Nifty Next 50,BPCL,2025-03-28,,,press_release,https://niftyindices.com/Press_Release/ind_prs21022025.pdf,
218,Nifty Next 50,BRITANNIA,2025-03-28,,,press_release,https://niftyindices.com/Press_Release/ind_prs21022025.pdf,
218,Nifty Next 50,CGPOWER,2025-03-28,,,press_release,https://niftyindices.com/Press_Release/ind_prs21022025.pdf,
218,Nifty Next 50,HYUNDAI,2025-03-28,,,press_release,https://niftyindices.com/Press_Release/ind_prs21022025.pdf,
218,Nifty Next 50,INDHOTEL,2025-03-28,,,press_release,https://niftyindices.com/Press_Release/ind_prs21022025.pdf,
218,Nifty Next 50,HINDZINC,2025-09-30,,,press_release,https://niftyindices.com/Press_Release/ind_prs22082025.pdf,
218,Nifty Next 50,MAZDOCK,2025-09-30,,,press_release,https://niftyindices.com/Press_Release/ind_prs22082025.pdf,
218,Nifty Next 50,ENRIN,2025-09-30,,,press_release,https://niftyindices.com/Press_Release/ind_prs22082025.pdf,
218,Nifty Next 50,SOLARINDS,2025-09-30,,,press_release,https://niftyindices.com/Press_Release/ind_prs22082025.pdf,
218,Nifty Next 50,CUMMINSIND,2026-03-30,,,press_release,https://niftyindices.com/Press_Release/ind_prs23022026.pdf,
218,Nifty Next 50,HDFCAMC,2026-03-30,,,press_release,https://niftyindices.com/Press_Release/ind_prs23022026.pdf,
218,Nifty Next 50,MUTHOOTFIN,2026-03-30,,,press_release,https://niftyindices.com/Press_Release/ind_prs23022026.pdf,
218,Nifty Next 50,TATACAP,2026-03-30,,,press_release,https://niftyindices.com/Press_Release/ind_prs23022026.pdf,
218,Nifty Next 50,TMCV,2026-03-30,,,press_release,https://niftyindices.com/Press_Release/ind_prs23022026.pdf,
218,Nifty Next 50,UNIONBANK,2026-03-30,,,press_release,https://niftyindices.com/Press_Release/ind_prs23022026.pdf,
219,Nifty 100,APOLLOHOSP,2014-01-01,2017-03-31,,snapshot_floor,,closed by ind_prs16022017.pdf
219,Nifty 100,BHARATFORG,2014-01-01,2017-03-31,,snapshot_floor,,closed by ind_prs16022017.pdf
219,Nifty 100,CASTROLIND,2014-01-01,2017-03-31,,snapshot_floor,,closed by ind_prs16022017.pdf
219,Nifty 100,GRASIM,2014-01-01,2017-05-26,,snapshot_floor,,closed by ind_prs27042017.pdf
219,Nifty 100,DIVISLAB,2014-01-01,2017-09-29,,snapshot_floor,,closed by ind_prs28082017.pdf
219,Nifty 100,UBL,2014-01-01,2017-09-29,,snapshot_floor,,closed by ind_prs28082017.pdf
219,Nifty 100,GSKCONS,2014-01-01,2018-04-02,,snapshot_floor,,closed by ind_prs21022018.pdf
219,Nifty 100,GLAXO,2014-01-01,2018-04-02,,snapshot_floor,,closed by ind_prs21022018.pdf
219,Nifty 100,GLENMARK,2014-01-01,2018-04-02,,snapshot_floor,,closed by ind_prs21022018.pdf
219,Nifty 100,TATAPOWER,2014-01-01,2018-04-02,,snapshot_floor,,closed by ind_prs21022018.pdf
219,Nifty 100,TORNTPHARM,2014-01-01,2018-04-02,,snapshot_floor,,closed by ind_prs21022018.pdf
219,Nifty 100,CUMMINSIND,2014-01-01,2018-09-28,,snapshot_floor,,closed by ind_prs28082018.pdf
219,Nifty 100,EMAMILTD,2014-01-01,2018-09-28,,snapshot_floor,,closed by ind_prs28082018.pdf
219,Nifty 100,PFC,2014-01-01,2018-09-28,,snapshot_floor,,closed by ind_prs28082018.pdf
219,Nifty 100,PNB,2014-01-01,2018-09-28,,snapshot_floor,,closed by ind_prs28082018.pdf
219,Nifty 100,RECLTD,2017-03-31,2018-09-28,,press_release,https://niftyindices.com/Press_Release/ind_prs16022017.pdf,closed by ind_prs28082018.pdf
219,Nifty 100,ABCAPITAL,2018-04-02,2019-03-29,,press_release,https://niftyindices.com/Press_Release/ind_prs21022018.pdf,closed by ind_prs25022019.pdf
219,Nifty 100,BEL,2014-01-01,2019-03-29,,snapshot_floor,,closed by ind_prs25022019.pdf
219,Nifty 100,LICHSGFIN,2014-01-01,2019-03-29,,snapshot_floor,,closed by ind_prs25022019.pdf
219,Nifty 100,OIL,2014-01-01,2019-03-29,,snapshot_floor,,closed by ind_prs25022019.pdf
219,Nifty 100,SUNTV,2017-05-26,2019-03-29,,press_release,https://niftyindices.com/Press_Release/ind_prs27042017.pdf,closed by ind_prs25022019.pdf
219,Nifty 100,ABB,2014-01-01,2019-09-27,,snapshot_floor,,closed by ind_prs28082019.pdf
219,Nifty 100,BHEL,2014-01-01,2019-09-27,,snapshot_floor,,closed by ind_prs28082019.pdf
219,Nifty 100,MRF,2017-09-29,2019-09-27,,press_release,https://niftyindices.com/Press_Release/ind_prs28082017.pdf,closed by ind_prs28082019.pdf
219,Nifty 100,SAIL,2014-01-01,2019-09-27,,snapshot_floor,,closed by ind_prs28082019.pdf
219,Nifty 100,YESBANK,2014-01-01,2020-03-19,,snapshot_floor,,closed by ind_prs16032020.pdf
219,Nifty 100,ASHOKLEY,2014-01-01,2020-03-27,,snapshot_floor,,closed by ind_prs18022020.pdf
219,Nifty 100,SAMMAANCAP,2014-01-01,2020-03-27,,snapshot_floor,,closed by ind_prs18022020.pdf
219,Nifty 100,LTF,2018-04-02,2020-03-27,,press_release,https://niftyindices.com/Press_Release/ind_prs21022018.pdf,closed by ind_prs18022020.pdf
219,Nifty 100,IDEA,2014-01-01,2020-03-27,,snapshot_floor,,closed by ind_prs18022020.pdf
219,Nifty 100,YESBANK,2014-01-01,2020-03-27,,snapshot_floor,https://niftyindices.com/Press_Release/ind_prs18022020.pdf,orphan-exclude (no prior include in coverage)
219,Nifty 100,ASHOKLEY,2014-01-01,2020-06-26,,snapshot_floor,https://niftyindices.com/Press_Release/ind_prs10062020.pdf,orphan-exclude (no prior include in coverage)
219,Nifty 100,SAMMAANCAP,2014-01-01,2020-06-26,,snapshot_floor,https://niftyindices.com/Press_Release/ind_prs10062020.pdf,orphan-exclude (no prior include in coverage)
219,Nifty 100,LTF,2014-01-01,2020-06-26,,snapshot_floor,https://niftyindices.com/Press_Release/ind_prs10062020.pdf,orphan-exclude (no prior include in coverage)
219,Nifty 100,NIACL,2018-09-28,2020-06-26,,press_release,https://niftyindices.com/Press_Release/ind_prs28082018.pdf,closed by ind_prs10062020.pdf
219,Nifty 100,IDEA,2014-01-01,2020-06-26,,snapshot_floor,https://niftyindices.com/Press_Release/ind_prs10062020.pdf,orphan-exclude (no prior include in coverage)
219,Nifty 100,TMPV,2014-01-01,2020-06-26,,snapshot_floor,,closed by ind_prs10062020.pdf
219,Nifty 100,VEDL,2014-01-01,2020-07-31,,snapshot_floor,,closed by ind_prs02072020_1.pdf
219,Nifty 100,NHPC,2014-01-01,2020-09-25,,snapshot_floor,,closed by ind_prs20082020.pdf
219,Nifty 100,PAGEIND,2019-03-29,2020-09-25,,press_release,https://niftyindices.com/Press_Release/ind_prs25022019.pdf,closed by ind_prs20082020.pdf
219,Nifty 100,SHRIRAMFIN,2014-01-01,2020-09-25,,snapshot_floor,,closed by ind_prs20082020.pdf
219,Nifty 100,ZEEL,2014-01-01,2020-09-25,,snapshot_floor,,closed by ind_prs20082020.pdf
219,Nifty 100,BANKBARODA,2014-01-01,2021-03-31,,snapshot_floor,,closed by ind_prs23022021.pdf
219,Nifty 100,CONCOR,2014-01-01,2021-03-31,,snapshot_floor,,closed by ind_prs23022021.pdf
219,Nifty 100,GICRE,2018-04-02,2021-03-31,,press_release,https://niftyindices.com/Press_Release/ind_prs21022018.pdf,closed by ind_prs23022021.pdf
219,Nifty 100,HINDZINC,2014-01-01,2021-03-31,,snapshot_floor,,closed by ind_prs23022021.pdf
219,Nifty 100,OFSS,2014-01-01,2021-03-31,,snapshot_floor,,closed by ind_prs23022021.pdf
219,Nifty 100,PFC,2019-09-27,2021-03-31,,press_release,https://niftyindices.com/Press_Release/ind_prs28082019.pdf,closed by ind_prs23022021.pdf
219,Nifty 100,MOTHERSON,2014-01-01,2021-06-30,,snapshot_floor,,closed by ind_prs15062021.pdf
219,Nifty 100,AUROPHARMA,2014-01-01,2022-03-31,,snapshot_floor,,closed by ind_prs24022022_1.pdf
219,Nifty 100,HINDPETRO,2014-01-01,2022-03-31,,snapshot_floor,,closed by ind_prs24022022_1.pdf
219,Nifty 100,IGL,2020-06-26,2022-03-31,,press_release,https://niftyindices.com/Press_Release/ind_prs10062020.pdf,closed by ind_prs24022022_1.pdf
219,Nifty 100,JINDALSTEL,2014-01-01,2022-03-31,,snapshot_floor,,closed by ind_prs24022022_1.pdf
219,Nifty 100,YESBANK,2021-03-31,2022-03-31,,press_release,https://niftyindices.com/Press_Release/ind_prs23022021.pdf,closed by ind_prs24022022_1.pdf
219,Nifty 100,NMDC,2014-01-01,2022-08-08,,snapshot_floor,,closed by ind_prs11072022.pdf
219,Nifty 100,PEL,2014-01-01,2022-08-08,,snapshot_floor,,closed by ind_prs11072022.pdf
219,Nifty 100,JUBLFOOD,2021-03-31,2022-09-30,,press_release,https://niftyindices.com/Press_Release/ind_prs23022021.pdf,closed by ind_prs01092022.pdf
219,Nifty 100,LUPIN,2014-01-01,2022-09-30,,snapshot_floor,,closed by ind_prs01092022.pdf
219,Nifty 100,LTM,2022-03-31,2022-09-30,,press_release,https://niftyindices.com/Press_Release/ind_prs24022022_1.pdf,closed by ind_prs01092022.pdf
219,Nifty 100,PNB,2019-09-27,2022-09-30,,press_release,https://niftyindices.com/Press_Release/ind_prs28082019.pdf,closed by ind_prs01092022.pdf
219,Nifty 100,SAIL,2014-01-01,2022-09-30,,snapshot_floor,https://niftyindices.com/Press_Release/ind_prs01092022.pdf,orphan-exclude (no prior include in coverage)
219,Nifty 100,ZYDUSLIFE,2014-01-01,2022-09-30,,snapshot_floor,,closed by ind_prs01092022.pdf
219,Nifty 100,BANDHANBNK,2018-09-28,2023-03-31,,press_release,https://niftyindices.com/Press_Release/ind_prs28082018.pdf,closed by ind_prs17022023_1.pdf
219,Nifty 100,BIOCON,2018-09-28,2023-03-31,,press_release,https://niftyindices.com/Press_Release/ind_prs28082018.pdf,closed by ind_prs17022023_1.pdf
219,Nifty 100,GLAND,2021-06-30,2023-03-31,,press_release,https://niftyindices.com/Press_Release/ind_prs15062021.pdf,closed by ind_prs17022023_1.pdf
219,Nifty 100,MPHASIS,2022-09-30,2023-03-31,,press_release,https://niftyindices.com/Press_Release/ind_prs01092022.pdf,closed by ind_prs17022023_1.pdf
219,Nifty 100,PAYTM,2022-03-31,2023-03-31,,press_release,https://niftyindices.com/Press_Release/ind_prs24022022_1.pdf,closed by ind_prs17022023_1.pdf
219,Nifty 100,HDFC,2014-01-01,2023-07-13,,snapshot_floor,,closed by ind_prs04072023.pdf
219,Nifty 100,ACC,2014-01-01,2023-09-29,,snapshot_floor,,closed by ind_prs17082023.pdf
219,Nifty 100,NYKAA,2022-03-31,2023-09-29,,press_release,https://niftyindices.com/Press_Release/ind_prs24022022_1.pdf,closed by ind_prs17082023.pdf
219,Nifty 100,HDFCAMC,2019-03-29,2023-09-29,,press_release,https://niftyindices.com/Press_Release/ind_prs25022019.pdf,closed by ind_prs17082023.pdf
219,Nifty 100,INDUSTOWER,2014-01-01,2023-09-29,,snapshot_floor,,closed by ind_prs17082023.pdf
219,Nifty 100,PAGEIND,2023-03-31,2023-09-29,,press_release,https://niftyindices.com/Press_Release/ind_prs17022023_1.pdf,closed by ind_prs17082023.pdf
219,Nifty 100,AWL,2023-03-31,2024-03-28,,press_release,https://niftyindices.com/Press_Release/ind_prs17022023_1.pdf,closed by ind_prs28022024.pdf
219,Nifty 100,MUTHOOTFIN,2020-06-26,2024-03-28,,press_release,https://niftyindices.com/Press_Release/ind_prs10062020.pdf,closed by ind_prs28022024.pdf
219,Nifty 100,PIIND,2014-01-01,2024-03-28,,snapshot_floor,,closed by ind_prs28022024.pdf
219,Nifty 100,PGHH,2014-01-01,2024-03-28,,snapshot_floor,,closed by ind_prs28022024.pdf
219,Nifty 100,UPL,2014-01-01,2024-03-28,,snapshot_floor,,closed by ind_prs28022024.pdf
219,Nifty 100,BERGEPAINT,2019-09-27,2024-09-30,,press_release,https://niftyindices.com/Press_Release/ind_prs28082019.pdf,closed by ind_prs23082024.pdf
219,Nifty 100,COLPAL,2014-01-01,2024-09-30,,snapshot_floor,,closed by ind_prs23082024.pdf
219,Nifty 100,MARICO,2014-01-01,2024-09-30,,snapshot_floor,,closed by ind_prs23082024.pdf
219,Nifty 100,SBICARD,2020-07-31,2024-09-30,,press_release,https://niftyindices.com/Press_Release/ind_prs02072020_1.pdf,closed by ind_prs23082024.pdf
219,Nifty 100,SRF,2022-03-31,2024-09-30,,press_release,https://niftyindices.com/Press_Release/ind_prs24022022_1.pdf,closed by ind_prs23082024.pdf
219,Nifty 100,ATGL,2022-09-30,2025-03-28,,press_release,https://niftyindices.com/Press_Release/ind_prs01092022.pdf,closed by ind_prs21022025.pdf
219,Nifty 100,BHEL,2024-09-30,2025-03-28,,press_release,https://niftyindices.com/Press_Release/ind_prs23082024.pdf,closed by ind_prs21022025.pdf
219,Nifty 100,IRCTC,2022-09-30,2025-03-28,,press_release,https://niftyindices.com/Press_Release/ind_prs01092022.pdf,closed by ind_prs21022025.pdf
219,Nifty 100,NHPC,2024-09-30,2025-03-28,,press_release,https://niftyindices.com/Press_Release/ind_prs23082024.pdf,closed by ind_prs21022025.pdf
219,Nifty 100,UNIONBANK,2024-09-30,2025-03-28,,press_release,https://niftyindices.com/Press_Release/ind_prs23082024.pdf,closed by ind_prs21022025.pdf
219,Nifty 100,DABUR,2014-01-01,2025-09-30,,snapshot_floor,,closed by ind_prs22082025.pdf
219,Nifty 100,HEROMOTOCO,2014-01-01,2025-09-30,,snapshot_floor,,closed by ind_prs22082025.pdf
219,Nifty 100,ICICIPRULI,2017-03-31,2025-09-30,,press_release,https://niftyindices.com/Press_Release/ind_prs16022017.pdf,closed by ind_prs22082025.pdf
219,Nifty 100,INDUSINDBK,2014-01-01,2025-09-30,,snapshot_floor,,closed by ind_prs22082025.pdf
219,Nifty 100,SWIGGY,2025-03-28,2025-09-30,,press_release,https://niftyindices.com/Press_Release/ind_prs21022025.pdf,closed by ind_prs22082025.pdf
219,Nifty 100,BAJAJHFL,2025-03-28,2026-03-30,,press_release,https://niftyindices.com/Press_Release/ind_prs21022025.pdf,closed by ind_prs23022026.pdf
219,Nifty 100,HAVELLS,2014-01-01,2026-03-30,,snapshot_floor,,closed by ind_prs23022026.pdf
219,Nifty 100,ICICIGI,2018-09-28,2026-03-30,,press_release,https://niftyindices.com/Press_Release/ind_prs28082018.pdf,closed by ind_prs23022026.pdf
219,Nifty 100,NAUKRI,2020-06-26,2026-03-30,,press_release,https://niftyindices.com/Press_Release/ind_prs10062020.pdf,closed by ind_prs23022026.pdf
219,Nifty 100,JSWENERGY,2024-09-30,2026-03-30,,press_release,https://niftyindices.com/Press_Release/ind_prs23082024.pdf,closed by ind_prs23022026.pdf
219,Nifty 100,LICI,2022-08-08,2026-03-30,,press_release,https://niftyindices.com/Press_Release/ind_prs11072022.pdf,closed by ind_prs23022026.pdf
219,Nifty 100,RELIANCE,2014-01-01,,,snapshot_floor,,
219,Nifty 100,CIPLA,2014-01-01,,,snapshot_floor,,
219,Nifty 100,ASIANPAINT,2014-01-01,,,snapshot_floor,,
219,Nifty 100,DRREDDY,2014-01-01,,,snapshot_floor,,
219,Nifty 100,BRITANNIA,2014-01-01,,,snapshot_floor,,
219,Nifty 100,BOSCHLTD,2014-01-01,,,snapshot_floor,,
219,Nifty 100,GODREJCP,2014-01-01,,,snapshot_floor,,
219,Nifty 100,KOTAKBANK,2014-01-01,,,snapshot_floor,,
219,Nifty 100,HINDALCO,2014-01-01,,,snapshot_floor,,
219,Nifty 100,BAJFINANCE,2014-01-01,,,snapshot_floor,,
219,Nifty 100,TECHM,2014-01-01,,,snapshot_floor,,
219,Nifty 100,AMBUJACEM,2014-01-01,,,snapshot_floor,,
219,Nifty 100,MARUTI,2014-01-01,,,snapshot_floor,,
219,Nifty 100,GAIL,2014-01-01,,,snapshot_floor,,
219,Nifty 100,POWERGRID,2014-01-01,,,snapshot_floor,,
219,Nifty 100,SIEMENS,2014-01-01,,,snapshot_floor,,
219,Nifty 100,JSWSTEEL,2014-01-01,,,snapshot_floor,,
219,Nifty 100,LT,2014-01-01,,,snapshot_floor,,
219,Nifty 100,NTPC,2014-01-01,,,snapshot_floor,,
219,Nifty 100,HINDUNILVR,2014-01-01,,,snapshot_floor,,
219,Nifty 100,BPCL,2014-01-01,,,snapshot_floor,,
219,Nifty 100,COALINDIA,2014-01-01,,,snapshot_floor,,
219,Nifty 100,HDFCBANK,2014-01-01,,,snapshot_floor,,
219,Nifty 100,ULTRACEMCO,2014-01-01,,,snapshot_floor,,
219,Nifty 100,ONGC,2014-01-01,,,snapshot_floor,,
219,Nifty 100,WIPRO,2014-01-01,,,snapshot_floor,,
219,Nifty 100,TCS,2014-01-01,,,snapshot_floor,,
219,Nifty 100,PIDILITIND,2014-01-01,,,snapshot_floor,,
219,Nifty 100,BHARTIARTL,2014-01-01,,,snapshot_floor,,
219,Nifty 100,SHREECEM,2014-01-01,,,snapshot_floor,,
219,Nifty 100,ICICIBANK,2014-01-01,,,snapshot_floor,,
219,Nifty 100,AXISBANK,2014-01-01,,,snapshot_floor,,
219,Nifty 100,INFY,2014-01-01,,,snapshot_floor,,
219,Nifty 100,BAJAJFINSV,2014-01-01,,,snapshot_floor,,
219,Nifty 100,CHOLAFIN,2014-01-01,,,snapshot_floor,,
219,Nifty 100,IOC,2014-01-01,,,snapshot_floor,,
219,Nifty 100,HCLTECH,2014-01-01,,,snapshot_floor,,
219,Nifty 100,SBIN,2014-01-01,,,snapshot_floor,,
219,Nifty 100,TATASTEEL,2014-01-01,,,snapshot_floor,,
219,Nifty 100,EICHERMOT,2014-01-01,,,snapshot_floor,,
219,Nifty 100,BAJAJ-AUTO,2014-01-01,,,snapshot_floor,,
219,Nifty 100,UNITDSPR,2014-01-01,,,snapshot_floor,,
219,Nifty 100,INDIGO,2014-01-01,,,snapshot_floor,,
219,Nifty 100,SUNPHARMA,2014-01-01,,,snapshot_floor,,
219,Nifty 100,TITAN,2014-01-01,,,snapshot_floor,,
219,Nifty 100,DLF,2014-01-01,,,snapshot_floor,,
219,Nifty 100,ITC,2014-01-01,,,snapshot_floor,,
219,Nifty 100,M&M,2014-01-01,,,snapshot_floor,,
219,Nifty 100,ADANIPORTS,2014-01-01,,,snapshot_floor,,
219,Nifty 100,PETRONET,2017-03-31,2017-09-30,,press_release,https://niftyindices.com/Press_Release/ind_prs16022017.pdf,"inferred-exclude: not in NSE current snapshot, no PR found (closed at next semi-annual review)"
219,Nifty 100,DMART,2017-09-29,,,press_release,https://niftyindices.com/Press_Release/ind_prs28082017.pdf,
219,Nifty 100,GRASIM,2018-04-02,,,press_release,https://niftyindices.com/Press_Release/ind_prs21022018.pdf,
219,Nifty 100,SBILIFE,2018-04-02,,,press_release,https://niftyindices.com/Press_Release/ind_prs21022018.pdf,
219,Nifty 100,HDFCLIFE,2018-09-28,,,press_release,https://niftyindices.com/Press_Release/ind_prs28082018.pdf,
219,Nifty 100,BAJAJHLDNG,2019-03-29,,,press_release,https://niftyindices.com/Press_Release/ind_prs25022019.pdf,
219,Nifty 100,DIVISLAB,2019-03-29,,,press_release,https://niftyindices.com/Press_Release/ind_prs25022019.pdf,
219,Nifty 100,UBL,2019-03-29,2019-03-31,,press_release,https://niftyindices.com/Press_Release/ind_prs25022019.pdf,"inferred-exclude: not in NSE current snapshot, no PR found (closed at next semi-annual review)"
219,Nifty 100,NESTLEIND,2019-09-27,,,press_release,https://niftyindices.com/Press_Release/ind_prs28082019.pdf,
219,Nifty 100,ADANIENSOL,2020-03-27,,,press_release,https://niftyindices.com/Press_Release/ind_prs18022020.pdf,
219,Nifty 100,IDBI,2020-03-27,2020-03-31,,press_release,https://niftyindices.com/Press_Release/ind_prs18022020.pdf,"inferred-exclude: not in NSE current snapshot, no PR found (closed at next semi-annual review)"
219,Nifty 100,TORNTPHARM,2020-06-26,,,press_release,https://niftyindices.com/Press_Release/ind_prs10062020.pdf,
219,Nifty 100,ABBOTINDIA,2020-06-26,2020-09-30,,press_release,https://niftyindices.com/Press_Release/ind_prs10062020.pdf,"inferred-exclude: not in NSE current snapshot, no PR found (closed at next semi-annual review)"
219,Nifty 100,ADANIGREEN,2020-09-25,,,press_release,https://niftyindices.com/Press_Release/ind_prs20082020.pdf,
219,Nifty 100,ALKEM,2020-09-25,2020-09-30,,press_release,https://niftyindices.com/Press_Release/ind_prs20082020.pdf,"inferred-exclude: not in NSE current snapshot, no PR found (closed at next semi-annual review)"
219,Nifty 100,TATACONSUM,2020-09-25,,,press_release,https://niftyindices.com/Press_Release/ind_prs20082020.pdf,
219,Nifty 100,ADANIENT,2021-03-31,,,press_release,https://niftyindices.com/Press_Release/ind_prs23022021.pdf,
219,Nifty 100,APOLLOHOSP,2021-03-31,,,press_release,https://niftyindices.com/Press_Release/ind_prs23022021.pdf,
219,Nifty 100,MRF,2021-03-31,2021-09-30,,press_release,https://niftyindices.com/Press_Release/ind_prs23022021.pdf,"inferred-exclude: not in NSE current snapshot, no PR found (closed at next semi-annual review)"
219,Nifty 100,VEDL,2021-03-31,,,press_release,https://niftyindices.com/Press_Release/ind_prs23022021.pdf,
219,Nifty 100,ETERNAL,2022-03-31,,,press_release,https://niftyindices.com/Press_Release/ind_prs24022022_1.pdf,
219,Nifty 100,TATAPOWER,2022-08-08,,,press_release,https://niftyindices.com/Press_Release/ind_prs11072022.pdf,
219,Nifty 100,BEL,2022-09-30,,,press_release,https://niftyindices.com/Press_Release/ind_prs01092022.pdf,
219,Nifty 100,HAL,2022-09-30,,,press_release,https://niftyindices.com/Press_Release/ind_prs01092022.pdf,
219,Nifty 100,MOTHERSON,2022-09-30,,,press_release,https://niftyindices.com/Press_Release/ind_prs01092022.pdf,
219,Nifty 100,LTM,2022-11-14,,,merger,https://www.nseindia.com/companies-listing/corporate-filings-actions,
219,Nifty 100,ABB,2023-03-31,,,press_release,https://niftyindices.com/Press_Release/ind_prs17022023_1.pdf,
219,Nifty 100,CANBK,2023-03-31,,,press_release,https://niftyindices.com/Press_Release/ind_prs17022023_1.pdf,
219,Nifty 100,VBL,2023-03-31,,,press_release,https://niftyindices.com/Press_Release/ind_prs17022023_1.pdf,
219,Nifty 100,JINDALSTEL,2023-07-13,,,press_release,https://niftyindices.com/Press_Release/ind_prs04072023.pdf,
219,Nifty 100,PNB,2023-09-29,,,press_release,https://niftyindices.com/Press_Release/ind_prs17082023.pdf,
219,Nifty 100,SHRIRAMFIN,2023-09-29,,,press_release,https://niftyindices.com/Press_Release/ind_prs17082023.pdf,
219,Nifty 100,TRENT,2023-09-29,,,press_release,https://niftyindices.com/Press_Release/ind_prs17082023.pdf,
219,Nifty 100,TVSMOTOR,2023-09-29,,,press_release,https://niftyindices.com/Press_Release/ind_prs17082023.pdf,
219,Nifty 100,ZYDUSLIFE,2023-09-29,,,press_release,https://niftyindices.com/Press_Release/ind_prs17082023.pdf,
219,Nifty 100,TMPV,2023-09-29,,,press_release,https://niftyindices.com/Press_Release/ind_prs17082023.pdf,
219,Nifty 100,ADANIPOWER,2024-03-28,,,press_release,https://niftyindices.com/Press_Release/ind_prs28022024.pdf,
219,Nifty 100,IRFC,2024-03-28,,,press_release,https://niftyindices.com/Press_Release/ind_prs28022024.pdf,
219,Nifty 100,JIOFIN,2024-03-28,,,press_release,https://niftyindices.com/Press_Release/ind_prs28022024.pdf,
219,Nifty 100,PFC,2024-03-28,,,press_release,https://niftyindices.com/Press_Release/ind_prs28022024.pdf,
219,Nifty 100,RECLTD,2024-03-28,,,press_release,https://niftyindices.com/Press_Release/ind_prs28022024.pdf,
219,Nifty 100,LODHA,2024-09-30,,,press_release,https://niftyindices.com/Press_Release/ind_prs23082024.pdf,
219,Nifty 100,CGPOWER,2025-03-28,,,press_release,https://niftyindices.com/Press_Release/ind_prs21022025.pdf,
219,Nifty 100,HYUNDAI,2025-03-28,,,press_release,https://niftyindices.com/Press_Release/ind_prs21022025.pdf,
219,Nifty 100,INDHOTEL,2025-03-28,,,press_release,https://niftyindices.com/Press_Release/ind_prs21022025.pdf,
219,Nifty 100,HINDZINC,2025-09-30,,,press_release,https://niftyindices.com/Press_Release/ind_prs22082025.pdf,
219,Nifty 100,MAXHEALTH,2025-09-30,,,press_release,https://niftyindices.com/Press_Release/ind_prs22082025.pdf,
219,Nifty 100,MAZDOCK,2025-09-30,,,press_release,https://niftyindices.com/Press_Release/ind_prs22082025.pdf,
219,Nifty 100,ENRIN,2025-09-30,,,press_release,https://niftyindices.com/Press_Release/ind_prs22082025.pdf,
219,Nifty 100,SOLARINDS,2025-09-30,,,press_release,https://niftyindices.com/Press_Release/ind_prs22082025.pdf,
219,Nifty 100,CUMMINSIND,2026-03-30,,,press_release,https://niftyindices.com/Press_Release/ind_prs23022026.pdf,
219,Nifty 100,HDFCAMC,2026-03-30,,,press_release,https://niftyindices.com/Press_Release/ind_prs23022026.pdf,
219,Nifty 100,MUTHOOTFIN,2026-03-30,,,press_release,https://niftyindices.com/Press_Release/ind_prs23022026.pdf,
219,Nifty 100,TATACAP,2026-03-30,,,press_release,https://niftyindices.com/Press_Release/ind_prs23022026.pdf,
219,Nifty 100,TMCV,2026-03-30,,,press_release,https://niftyindices.com/Press_Release/ind_prs23022026.pdf,
219,Nifty 100,UNIONBANK,2026-03-30,,,press_release,https://niftyindices.com/Press_Release/ind_prs23022026.pdf,
221,Nifty 500,VIDEOIND,2014-01-01,2018-04-02,,snapshot_floor,,closed by ind_prs06032018.pdf
221,Nifty 500,ADANIENT,2014-01-01,2018-04-02,,snapshot_floor,,closed by ind_prs21022018.pdf
221,Nifty 500,AHLUCONT,2014-01-01,2018-04-02,,snapshot_floor,,closed by ind_prs21022018.pdf
221,Nifty 500,APARINDS,2014-01-01,2018-04-02,,snapshot_floor,,closed by ind_prs21022018.pdf
221,Nifty 500,ASTRAZEN,2014-01-01,2018-04-02,,snapshot_floor,,closed by ind_prs21022018.pdf
221,Nifty 500,CORPBANK,2014-01-01,2018-04-02,,snapshot_floor,,closed by ind_prs21022018.pdf
221,Nifty 500,DALBHARAT,2014-01-01,2018-04-02,,snapshot_floor,,closed by ind_prs21022018.pdf
221,Nifty 500,DHANUKA,2014-01-01,2018-04-02,,snapshot_floor,,closed by ind_prs21022018.pdf
221,Nifty 500,EPL,2014-01-01,2018-04-02,,snapshot_floor,,closed by ind_prs21022018.pdf
221,Nifty 500,ICRA,2014-01-01,2018-04-02,,snapshot_floor,,closed by ind_prs21022018.pdf
221,Nifty 500,IGARASHI,2014-01-01,2018-04-02,,snapshot_floor,,closed by ind_prs21022018.pdf
221,Nifty 500,INGERRAND,2014-01-01,2018-04-02,,snapshot_floor,,closed by ind_prs21022018.pdf
221,Nifty 500,LINDEINDIA,2014-01-01,2018-04-02,,snapshot_floor,,closed by ind_prs21022018.pdf
221,Nifty 500,MONSANTO,2014-01-01,2018-04-02,,snapshot_floor,,closed by ind_prs21022018.pdf
221,Nifty 500,NAVNETEDUL,2014-01-01,2018-04-02,,snapshot_floor,,closed by ind_prs21022018.pdf
221,Nifty 500,SCHNEIDER,2014-01-01,2018-04-02,,snapshot_floor,,closed by ind_prs21022018.pdf
221,Nifty 500,SHARDACROP,2014-01-01,2018-04-02,,snapshot_floor,,closed by ind_prs21022018.pdf
221,Nifty 500,SHILPAMED,2014-01-01,2018-04-02,,snapshot_floor,,closed by ind_prs21022018.pdf
221,Nifty 500,SNOWMAN,2014-01-01,2018-04-02,,snapshot_floor,,closed by ind_prs21022018.pdf
221,Nifty 500,SOMANYCERA,2014-01-01,2018-04-02,,snapshot_floor,,closed by ind_prs21022018.pdf
221,Nifty 500,SUPRAJIT,2014-01-01,2018-04-02,,snapshot_floor,,closed by ind_prs21022018.pdf
221,Nifty 500,SUPPETRO,2014-01-01,2018-04-02,,snapshot_floor,,closed by ind_prs21022018.pdf
221,Nifty 500,UNITEDBNK,2014-01-01,2018-04-02,,snapshot_floor,,closed by ind_prs21022018.pdf
221,Nifty 500,VESUVIUS,2014-01-01,2018-04-02,,snapshot_floor,,closed by ind_prs21022018.pdf
221,Nifty 500,VIDEOIND,2014-01-01,2018-04-02,,snapshot_floor,https://niftyindices.com/Press_Release/ind_prs21022018.pdf,orphan-exclude (no prior include in coverage)
221,Nifty 500,ZENSARTECH,2014-01-01,2018-04-02,,snapshot_floor,,closed by ind_prs21022018.pdf
221,Nifty 500,ABAN,2014-01-01,2018-09-28,,snapshot_floor,,closed by ind_prs28082018.pdf
221,Nifty 500,ASAHIINDIA,2018-04-02,2018-09-28,,press_release,https://niftyindices.com/Press_Release/ind_prs21022018.pdf,closed by ind_prs28082018.pdf
221,Nifty 500,BAJAJHIND,2014-01-01,2018-09-28,,snapshot_floor,,closed by ind_prs28082018.pdf
221,Nifty 500,BALLARPUR,2014-01-01,2018-09-28,,snapshot_floor,,closed by ind_prs28082018.pdf
221,Nifty 500,BFUTILITIE,2014-01-01,2018-09-28,,snapshot_floor,,closed by ind_prs28082018.pdf
221,Nifty 500,BGRENERGY,2014-01-01,2018-09-28,,snapshot_floor,,closed by ind_prs28082018.pdf
221,Nifty 500,BHUSANSTL,2014-01-01,2018-09-28,,snapshot_floor,,closed by ind_prs28082018.pdf
221,Nifty 500,BRFL,2014-01-01,2018-09-28,,snapshot_floor,,closed by ind_prs28082018.pdf
221,Nifty 500,DBREALTY,2014-01-01,2018-09-28,,snapshot_floor,,closed by ind_prs28082018.pdf
221,Nifty 500,GATI,2014-01-01,2018-09-28,,snapshot_floor,,closed by ind_prs28082018.pdf
221,Nifty 500,HDIL,2014-01-01,2018-09-28,,snapshot_floor,,closed by ind_prs28082018.pdf
221,Nifty 500,JBFIND,2014-01-01,2018-09-28,,snapshot_floor,,closed by ind_prs28082018.pdf
221,Nifty 500,JINDALPOLY,2014-01-01,2018-09-28,,snapshot_floor,,closed by ind_prs28082018.pdf
221,Nifty 500,KESORAMIND,2014-01-01,2018-09-28,,snapshot_floor,,closed by ind_prs28082018.pdf
221,Nifty 500,KITEX,2014-01-01,2018-09-28,,snapshot_floor,,closed by ind_prs28082018.pdf
221,Nifty 500,KWALITY,2014-01-01,2018-09-28,,snapshot_floor,,closed by ind_prs28082018.pdf
221,Nifty 500,MTNL,2014-01-01,2018-09-28,,snapshot_floor,,closed by ind_prs28082018.pdf
221,Nifty 500,MARKSANS,2014-01-01,2018-09-28,,snapshot_floor,,closed by ind_prs28082018.pdf
221,Nifty 500,RAMCOSYS,2014-01-01,2018-09-28,,snapshot_floor,,closed by ind_prs28082018.pdf
221,Nifty 500,RTNPOWER,2014-01-01,2018-09-28,,snapshot_floor,,closed by ind_prs28082018.pdf
221,Nifty 500,RELIGARE,2014-01-01,2018-09-28,,snapshot_floor,,closed by ind_prs28082018.pdf
221,Nifty 500,SFL,2014-01-01,2018-09-28,,snapshot_floor,,closed by ind_prs28082018.pdf
221,Nifty 500,SMLISUZU,2014-01-01,2018-09-28,,snapshot_floor,,closed by ind_prs28082018.pdf
221,Nifty 500,UNITECH,2014-01-01,2018-09-28,,snapshot_floor,,closed by ind_prs28082018.pdf
221,Nifty 500,ZEELEARN,2014-01-01,2018-09-28,,snapshot_floor,,closed by ind_prs28082018.pdf
221,Nifty 500,KPIT,2014-01-01,2018-09-28,,snapshot_floor,,closed by ind_prs31082018.pdf
221,Nifty 500,BHARATFIN,2014-01-01,2018-12-28,,snapshot_floor,,closed by ind_prs14122018.pdf
221,Nifty 500,CAPF,2014-01-01,2018-12-28,,snapshot_floor,,closed by ind_prs14122018.pdf
221,Nifty 500,CENTURYTEX,2014-01-01,2018-12-28,,snapshot_floor,,closed by ind_prs14122018.pdf
221,Nifty 500,HSIL,2014-01-01,2018-12-28,,snapshot_floor,,closed by ind_prs14122018.pdf
221,Nifty 500,IIFL,2018-04-02,2018-12-28,,press_release,https://niftyindices.com/Press_Release/ind_prs21022018.pdf,closed by ind_prs14122018.pdf
221,Nifty 500,DENABANK,2014-01-01,2019-01-28,,snapshot_floor,,closed by ind_prs21012019.pdf
221,Nifty 500,VIJAYABANK,2014-01-01,2019-01-28,,snapshot_floor,,closed by ind_prs21012019.pdf
221,Nifty 500,8KMILES,2014-01-01,2019-03-29,,snapshot_floor,,closed by ind_prs25022019.pdf
221,Nifty 500,AARTIIND,2014-01-01,2019-03-29,,snapshot_floor,,closed by ind_prs25022019.pdf
221,Nifty 500,DEN,2014-01-01,2019-03-29,,snapshot_floor,,closed by ind_prs25022019.pdf
221,Nifty 500,DREDGECORP,2014-01-01,2019-03-29,,snapshot_floor,,closed by ind_prs25022019.pdf
221,Nifty 500,EROSMEDIA,2014-01-01,2019-03-29,,snapshot_floor,,closed by ind_prs25022019.pdf
221,Nifty 500,EVEREADY,2014-01-01,2019-03-29,,snapshot_floor,,closed by ind_prs25022019.pdf
221,Nifty 500,GREENPLY,2014-01-01,2019-03-29,,snapshot_floor,,closed by ind_prs25022019.pdf
221,Nifty 500,GVKPIL,2014-01-01,2019-03-29,,snapshot_floor,,closed by ind_prs25022019.pdf
221,Nifty 500,HCL-INSYS,2014-01-01,2019-03-29,,snapshot_floor,,closed by ind_prs25022019.pdf
221,Nifty 500,HCC,2014-01-01,2019-03-29,,snapshot_floor,,closed by ind_prs25022019.pdf
221,Nifty 500,IL&FSTRANS,2014-01-01,2019-03-29,,snapshot_floor,,closed by ind_prs25022019.pdf
221,Nifty 500,ICIL,2014-01-01,2019-03-29,,snapshot_floor,,closed by ind_prs25022019.pdf
221,Nifty 500,JKIL,2014-01-01,2019-03-29,,snapshot_floor,,closed by ind_prs25022019.pdf
221,Nifty 500,JPPOWER,2014-01-01,2019-03-29,,snapshot_floor,,closed by ind_prs25022019.pdf
221,Nifty 500,JCHAC,2014-01-01,2019-03-29,,snapshot_floor,,closed by ind_prs25022019.pdf
221,Nifty 500,MANPASAND,2014-01-01,2019-03-29,,snapshot_floor,,closed by ind_prs25022019.pdf
221,Nifty 500,MCLEODRUSS,2014-01-01,2019-03-29,,snapshot_floor,,closed by ind_prs25022019.pdf
221,Nifty 500,NAVKARCORP,2014-01-01,2019-03-29,,snapshot_floor,,closed by ind_prs25022019.pdf
221,Nifty 500,PFS,2014-01-01,2019-03-29,,snapshot_floor,,closed by ind_prs25022019.pdf
221,Nifty 500,RNAVAL,2014-01-01,2019-03-29,,snapshot_floor,,closed by ind_prs25022019.pdf
221,Nifty 500,SADBHIN,2018-04-02,2019-03-29,,press_release,https://niftyindices.com/Press_Release/ind_prs21022018.pdf,closed by ind_prs25022019.pdf
221,Nifty 500,TATASPONGE,2014-01-01,2019-03-29,,snapshot_floor,,closed by ind_prs25022019.pdf
221,Nifty 500,TEXRAIL,2014-01-01,2019-03-29,,snapshot_floor,,closed by ind_prs25022019.pdf
221,Nifty 500,TVSSRICHAK,2014-01-01,2019-03-29,,snapshot_floor,,closed by ind_prs25022019.pdf
221,Nifty 500,UNICHEMLAB,2014-01-01,2019-03-29,,snapshot_floor,,closed by ind_prs25022019.pdf
221,Nifty 500,EXCELCROP,2018-09-28,2019-04-15,,press_release,https://niftyindices.com/Press_Release/ind_prs28082018.pdf,closed by ind_prs08042019.pdf
221,Nifty 500,GUJFLUORO,2014-01-01,2019-06-28,,snapshot_floor,,closed by ind_prs13062019.pdf
221,Nifty 500,MONSANTO,2018-09-28,2019-06-28,,press_release,https://niftyindices.com/Press_Release/ind_prs28082018.pdf,closed by ind_prs13062019.pdf
221,Nifty 500,JETAIRWAYS,2014-01-01,2019-09-24,,snapshot_floor,,closed by ind_prs17092019_1.pdf
221,Nifty 500,THOMASCOOK,2014-01-01,2019-09-27,,snapshot_floor,,closed by ind_prs17092019.pdf
221,Nifty 500,ABB,2014-01-01,2019-09-27,,snapshot_floor,,closed by ind_prs28082019.pdf
221,Nifty 500,DEEPAKFERT,2014-01-01,2019-09-27,,snapshot_floor,,closed by ind_prs28082019.pdf
221,Nifty 500,GDL,2014-01-01,2019-09-27,,snapshot_floor,,closed by ind_prs28082019.pdf
221,Nifty 500,GSKCONS,2014-01-01,2019-09-27,,snapshot_floor,,closed by ind_prs28082019.pdf
221,Nifty 500,GRUH,2014-01-01,2019-09-27,,snapshot_floor,,closed by ind_prs28082019.pdf
221,Nifty 500,INDOCO,2014-01-01,2019-09-27,,snapshot_floor,,closed by ind_prs28082019.pdf
221,Nifty 500,INOXWIND,2014-01-01,2019-09-27,,snapshot_floor,,closed by ind_prs28082019.pdf
221,Nifty 500,JPASSOCIAT,2014-01-01,2019-09-27,,snapshot_floor,,closed by ind_prs28082019.pdf
221,Nifty 500,KIOCL,2014-01-01,2019-09-27,,snapshot_floor,,closed by ind_prs28082019.pdf
221,Nifty 500,RKFORGE,2014-01-01,2019-09-27,,snapshot_floor,,closed by ind_prs28082019.pdf
221,Nifty 500,RCOM,2014-01-01,2019-09-27,,snapshot_floor,,closed by ind_prs28082019.pdf
221,Nifty 500,RHFL,2018-04-02,2019-09-27,,press_release,https://niftyindices.com/Press_Release/ind_prs21022018.pdf,closed by ind_prs28082019.pdf
221,Nifty 500,RUPA,2014-01-01,2019-09-27,,snapshot_floor,,closed by ind_prs28082019.pdf
221,Nifty 500,SHANKARA,2018-04-02,2019-09-27,,press_release,https://niftyindices.com/Press_Release/ind_prs21022018.pdf,closed by ind_prs28082019.pdf
221,Nifty 500,SHARDACROP,2019-03-29,2019-09-27,,press_release,https://niftyindices.com/Press_Release/ind_prs25022019.pdf,closed by ind_prs28082019.pdf
221,Nifty 500,SCI,2014-01-01,2019-09-27,,snapshot_floor,,closed by ind_prs28082019.pdf
221,Nifty 500,SPTL,2018-04-02,2019-09-27,,press_release,https://niftyindices.com/Press_Release/ind_prs21022018.pdf,closed by ind_prs28082019.pdf
221,Nifty 500,SREINFRA,2014-01-01,2019-09-27,,snapshot_floor,,closed by ind_prs28082019.pdf
221,Nifty 500,TNPL,2014-01-01,2019-09-27,,snapshot_floor,,closed by ind_prs28082019.pdf
221,Nifty 500,TATACOFFEE,2014-01-01,2019-09-27,,snapshot_floor,,closed by ind_prs28082019.pdf
221,Nifty 500,TRITURBINE,2019-03-29,2019-09-27,,press_release,https://niftyindices.com/Press_Release/ind_prs25022019.pdf,closed by ind_prs28082019.pdf
221,Nifty 500,CGPOWER,2014-01-01,2019-12-26,,snapshot_floor,,closed by ind_prs18122019.pdf
221,Nifty 500,COFFEEDAY,2014-01-01,2019-12-26,,snapshot_floor,,closed by ind_prs18122019.pdf
221,Nifty 500,COX&KINGS,2019-03-29,2019-12-26,,press_release,https://niftyindices.com/Press_Release/ind_prs25022019.pdf,closed by ind_prs18122019.pdf
221,Nifty 500,ALBK,2014-01-01,2019-12-27,,snapshot_floor,,closed by ind_prs16122019.pdf
221,Nifty 500,ANDHRABANK,2014-01-01,2019-12-27,,snapshot_floor,,closed by ind_prs16122019.pdf
221,Nifty 500,CORPBANK,2019-01-28,2019-12-27,,press_release,https://niftyindices.com/Press_Release/ind_prs21012019.pdf,closed by ind_prs16122019.pdf
221,Nifty 500,MAXINDIA,2014-01-01,2019-12-27,,snapshot_floor,,closed by ind_prs16122019.pdf
221,Nifty 500,ORIENTBANK,2014-01-01,2019-12-27,,snapshot_floor,,closed by ind_prs16122019.pdf
221,Nifty 500,SYNDIBANK,2014-01-01,2019-12-27,,snapshot_floor,,closed by ind_prs16122019.pdf
221,Nifty 500,TATACHEM,2014-01-01,2019-12-27,,snapshot_floor,,closed by ind_prs16122019.pdf
221,Nifty 500,DEN,2019-09-27,2019-12-27,,press_release,https://niftyindices.com/Press_Release/ind_prs28082019.pdf,closed by ind_prs19122019.pdf
221,Nifty 500,HATHWAY,2014-01-01,2019-12-27,,snapshot_floor,,closed by ind_prs19122019.pdf
221,Nifty 500,SUVEN,2014-01-01,2020-01-16,,snapshot_floor,,closed by ind_prs09012020.pdf
221,Nifty 500,YESBANK,2014-01-01,2020-03-19,,snapshot_floor,,closed by ind_prs16032020.pdf
221,Nifty 500,GAYAPROJ,2018-09-28,2020-03-27,,press_release,https://niftyindices.com/Press_Release/ind_prs28082018.pdf,closed by ind_prs12032020.pdf
221,Nifty 500,BLISSGVS,2014-01-01,2020-03-27,,snapshot_floor,,closed by ind_prs18022020.pdf
221,Nifty 500,DHFL,2014-01-01,2020-03-27,,snapshot_floor,,closed by ind_prs18022020.pdf
221,Nifty 500,IFCI,2014-01-01,2020-03-27,,snapshot_floor,,closed by ind_prs18022020.pdf
221,Nifty 500,IBULISL,2019-03-29,2020-03-27,,press_release,https://niftyindices.com/Press_Release/ind_prs25022019.pdf,closed by ind_prs18022020.pdf
221,Nifty 500,ITDCEM,2014-01-01,2020-03-27,,snapshot_floor,,closed by ind_prs18022020.pdf
221,Nifty 500,JISLJALEQS,2014-01-01,2020-03-27,,snapshot_floor,,closed by ind_prs18022020.pdf
221,Nifty 500,KENNAMET,2019-12-27,2020-03-27,,press_release,https://niftyindices.com/Press_Release/ind_prs19122019.pdf,closed by ind_prs18022020.pdf
221,Nifty 500,KIRLOSENG,2019-03-29,2020-03-27,,press_release,https://niftyindices.com/Press_Release/ind_prs25022019.pdf,closed by ind_prs18022020.pdf
221,Nifty 500,LAKSHVILAS,2014-01-01,2020-03-27,,snapshot_floor,,closed by ind_prs18022020.pdf
221,Nifty 500,MAGMA,2014-01-01,2020-03-27,,snapshot_floor,,closed by ind_prs18022020.pdf
221,Nifty 500,NFL,2014-01-01,2020-03-27,,snapshot_floor,,closed by ind_prs18022020.pdf
221,Nifty 500,PARAGMILK,2014-01-01,2020-03-27,,snapshot_floor,,closed by ind_prs18022020.pdf
221,Nifty 500,PCJEWELLER,2014-01-01,2020-03-27,,snapshot_floor,,closed by ind_prs18022020.pdf
221,Nifty 500,RELCAPITAL,2014-01-01,2020-03-27,,snapshot_floor,,closed by ind_prs18022020.pdf
221,Nifty 500,RELINFRA,2014-01-01,2020-03-27,,snapshot_floor,,closed by ind_prs18022020.pdf
221,Nifty 500,RPOWER,2014-01-01,2020-03-27,,snapshot_floor,,closed by ind_prs18022020.pdf
221,Nifty 500,SHILPAMED,2020-03-27,2020-03-27,,press_release,https://niftyindices.com/Press_Release/ind_prs12032020.pdf,closed by ind_prs18022020.pdf
221,Nifty 500,SUNCLAYLTD,2019-04-15,2020-03-27,,press_release,https://niftyindices.com/Press_Release/ind_prs08042019.pdf,closed by ind_prs18022020.pdf
221,Nifty 500,TASTYBITE,2019-12-27,2020-03-27,,press_release,https://niftyindices.com/Press_Release/ind_prs19122019.pdf,closed by ind_prs18022020.pdf
221,Nifty 500,WABAG,2014-01-01,2020-03-27,,snapshot_floor,,closed by ind_prs18022020.pdf
221,Nifty 500,CHALET,2019-06-28,2020-06-26,,press_release,https://niftyindices.com/Press_Release/ind_prs13062019.pdf,closed by ind_prs10062020.pdf
221,Nifty 500,DHFL,2014-01-01,2020-06-26,,snapshot_floor,https://niftyindices.com/Press_Release/ind_prs10062020.pdf,orphan-exclude (no prior include in coverage)
221,Nifty 500,FMGOETZE,2019-09-27,2020-06-26,,press_release,https://niftyindices.com/Press_Release/ind_prs28082019.pdf,closed by ind_prs10062020.pdf
221,Nifty 500,FLFL,2014-01-01,2020-06-26,,snapshot_floor,,closed by ind_prs10062020.pdf
221,Nifty 500,GAYAPROJ,2014-01-01,2020-06-26,,snapshot_floor,https://niftyindices.com/Press_Release/ind_prs10062020.pdf,orphan-exclude (no prior include in coverage)
221,Nifty 500,IBULISL,2014-01-01,2020-06-26,,snapshot_floor,https://niftyindices.com/Press_Release/ind_prs10062020.pdf,orphan-exclude (no prior include in coverage)
221,Nifty 500,ITDCEM,2014-01-01,2020-06-26,,snapshot_floor,https://niftyindices.com/Press_Release/ind_prs10062020.pdf,orphan-exclude (no prior include in coverage)
221,Nifty 500,JISLJALEQS,2014-01-01,2020-06-26,,snapshot_floor,https://niftyindices.com/Press_Release/ind_prs10062020.pdf,orphan-exclude (no prior include in coverage)
221,Nifty 500,KENNAMET,2014-01-01,2020-06-26,,snapshot_floor,https://niftyindices.com/Press_Release/ind_prs10062020.pdf,orphan-exclude (no prior include in coverage)
221,Nifty 500,KIRLOSENG,2014-01-01,2020-06-26,,snapshot_floor,https://niftyindices.com/Press_Release/ind_prs10062020.pdf,orphan-exclude (no prior include in coverage)
221,Nifty 500,LAKSHVILAS,2014-01-01,2020-06-26,,snapshot_floor,https://niftyindices.com/Press_Release/ind_prs10062020.pdf,orphan-exclude (no prior include in coverage)
221,Nifty 500,MAGMA,2014-01-01,2020-06-26,,snapshot_floor,https://niftyindices.com/Press_Release/ind_prs10062020.pdf,orphan-exclude (no prior include in coverage)
221,Nifty 500,NETWORK18,2014-01-01,2020-06-26,,snapshot_floor,,closed by ind_prs10062020.pdf
221,Nifty 500,PARAGMILK,2014-01-01,2020-06-26,,snapshot_floor,https://niftyindices.com/Press_Release/ind_prs10062020.pdf,orphan-exclude (no prior include in coverage)
221,Nifty 500,PCJEWELLER,2014-01-01,2020-06-26,,snapshot_floor,https://niftyindices.com/Press_Release/ind_prs10062020.pdf,orphan-exclude (no prior include in coverage)
221,Nifty 500,RELCAPITAL,2014-01-01,2020-06-26,,snapshot_floor,https://niftyindices.com/Press_Release/ind_prs10062020.pdf,orphan-exclude (no prior include in coverage)
221,Nifty 500,RELINFRA,2014-01-01,2020-06-26,,snapshot_floor,https://niftyindices.com/Press_Release/ind_prs10062020.pdf,orphan-exclude (no prior include in coverage)
221,Nifty 500,RPOWER,2014-01-01,2020-06-26,,snapshot_floor,https://niftyindices.com/Press_Release/ind_prs10062020.pdf,orphan-exclude (no prior include in coverage)
221,Nifty 500,RESPONIND,2019-12-26,2020-06-26,,press_release,https://niftyindices.com/Press_Release/ind_prs18122019.pdf,closed by ind_prs10062020.pdf
221,Nifty 500,SHK,2014-01-01,2020-06-26,,snapshot_floor,,closed by ind_prs10062020.pdf
221,Nifty 500,SHILPAMED,2014-01-01,2020-06-26,,snapshot_floor,https://niftyindices.com/Press_Release/ind_prs10062020.pdf,orphan-exclude (no prior include in coverage)
221,Nifty 500,SUNCLAYLTD,2014-01-01,2020-06-26,,snapshot_floor,https://niftyindices.com/Press_Release/ind_prs10062020.pdf,orphan-exclude (no prior include in coverage)
221,Nifty 500,TECHNOE,2019-09-27,2020-06-26,,press_release,https://niftyindices.com/Press_Release/ind_prs28082019.pdf,closed by ind_prs10062020.pdf
221,Nifty 500,TRITURBINE,2019-12-27,2020-06-26,,press_release,https://niftyindices.com/Press_Release/ind_prs16122019.pdf,closed by ind_prs10062020.pdf
221,Nifty 500,WABAG,2014-01-01,2020-06-26,,snapshot_floor,https://niftyindices.com/Press_Release/ind_prs10062020.pdf,orphan-exclude (no prior include in coverage)
221,Nifty 500,VEDL,2014-01-01,2020-07-31,,snapshot_floor,,closed by ind_prs02072020_1.pdf
221,Nifty 500,ASAHIINDIA,2019-12-27,2020-09-14,,press_release,https://niftyindices.com/Press_Release/ind_prs16122019.pdf,closed by ind_prs07092020.pdf
221,Nifty 500,ARVINDFASN,2019-09-27,2020-09-14,,press_release,https://niftyindices.com/Press_Release/ind_prs28082019.pdf,closed by ind_prs07092020.pdf
221,Nifty 500,KPITTECH,2019-09-27,2020-09-14,,press_release,https://niftyindices.com/Press_Release/ind_prs28082019.pdf,closed by ind_prs07092020.pdf
221,Nifty 500,REPCOHOME,2014-01-01,2020-09-14,,snapshot_floor,,closed by ind_prs07092020.pdf
221,Nifty 500,SPANDANA,2019-12-27,2020-09-14,,press_release,https://niftyindices.com/Press_Release/ind_prs16122019.pdf,closed by ind_prs07092020.pdf
221,Nifty 500,ADANIPOWER,2014-01-01,2020-09-25,,snapshot_floor,,closed by ind_prs20082020.pdf
221,Nifty 500,GET&D,2014-01-01,2020-09-25,,snapshot_floor,,closed by ind_prs20082020.pdf
221,Nifty 500,HEXAWARE,2014-01-01,2020-09-25,,snapshot_floor,,closed by ind_prs20082020.pdf
221,Nifty 500,HIMATSEIDE,2014-01-01,2020-09-25,,snapshot_floor,,closed by ind_prs20082020.pdf
221,Nifty 500,IFCI,2014-01-01,2020-09-25,,snapshot_floor,https://niftyindices.com/Press_Release/ind_prs20082020.pdf,orphan-exclude (no prior include in coverage)
221,Nifty 500,ITDC,2014-01-01,2020-09-25,,snapshot_floor,,closed by ind_prs20082020.pdf
221,Nifty 500,INDOSTAR,2019-03-29,2020-09-25,,press_release,https://niftyindices.com/Press_Release/ind_prs25022019.pdf,closed by ind_prs20082020.pdf
221,Nifty 500,INTELLECT,2014-01-01,2020-09-25,,snapshot_floor,,closed by ind_prs20082020.pdf
221,Nifty 500,JUBILANT,2014-01-01,2020-09-25,,snapshot_floor,,closed by ind_prs20082020.pdf
221,Nifty 500,KPRMILL,2014-01-01,2020-09-25,,snapshot_floor,,closed by ind_prs20082020.pdf
221,Nifty 500,MAHINDCIE,2014-01-01,2020-09-25,,snapshot_floor,,closed by ind_prs20082020.pdf
221,Nifty 500,NBVENTURES,2014-01-01,2020-09-25,,snapshot_floor,,closed by ind_prs20082020.pdf
221,Nifty 500,SADBHAV,2014-01-01,2020-09-25,,snapshot_floor,,closed by ind_prs20082020.pdf
221,Nifty 500,RENUKA,2014-01-01,2020-09-25,,snapshot_floor,,closed by ind_prs20082020.pdf
221,Nifty 500,TAKE,2014-01-01,2020-09-25,,snapshot_floor,,closed by ind_prs20082020.pdf
221,Nifty 500,TIMETECHNO,2014-01-01,2020-09-25,,snapshot_floor,,closed by ind_prs20082020.pdf
221,Nifty 500,VESUVIUS,2020-06-26,2020-09-25,,press_release,https://niftyindices.com/Press_Release/ind_prs10062020.pdf,closed by ind_prs20082020.pdf
221,Nifty 500,ALLCARGO,2014-01-01,2020-11-02,,snapshot_floor,,closed by ind_prs26102020.pdf
221,Nifty 500,INFIBEAM,2014-01-01,2020-11-25,,snapshot_floor,,closed by ind_prs18112020.pdf
221,Nifty 500,BOMDYEING,2014-01-01,2021-03-31,,snapshot_floor,,closed by ind_prs23022021.pdf
221,Nifty 500,CARERATING,2014-01-01,2021-03-31,,snapshot_floor,,closed by ind_prs23022021.pdf
221,Nifty 500,CHENNPETRO,2014-01-01,2021-03-31,,snapshot_floor,,closed by ind_prs23022021.pdf
221,Nifty 500,DBCORP,2014-01-01,2021-03-31,,snapshot_floor,,closed by ind_prs23022021.pdf
221,Nifty 500,ESABINDIA,2020-06-26,2021-03-31,,press_release,https://niftyindices.com/Press_Release/ind_prs10062020.pdf,closed by ind_prs23022021.pdf
221,Nifty 500,GMDCLTD,2014-01-01,2021-03-31,,snapshot_floor,,closed by ind_prs23022021.pdf
221,Nifty 500,HATHWAY,2020-06-26,2021-03-31,,press_release,https://niftyindices.com/Press_Release/ind_prs10062020.pdf,closed by ind_prs23022021.pdf
221,Nifty 500,HERITGFOOD,2014-01-01,2021-03-31,,snapshot_floor,,closed by ind_prs23022021.pdf
221,Nifty 500,ICRA,2019-03-29,2021-03-31,,press_release,https://niftyindices.com/Press_Release/ind_prs25022019.pdf,closed by ind_prs23022021.pdf
221,Nifty 500,JAGRAN,2014-01-01,2021-03-31,,snapshot_floor,,closed by ind_prs23022021.pdf
221,Nifty 500,JAICORPLTD,2014-01-01,2021-03-31,,snapshot_floor,,closed by ind_prs23022021.pdf
221,Nifty 500,J&KBANK,2014-01-01,2021-03-31,,snapshot_floor,,closed by ind_prs23022021.pdf
221,Nifty 500,KTKBANK,2014-01-01,2021-03-31,,snapshot_floor,,closed by ind_prs23022021.pdf
221,Nifty 500,KOLTEPATIL,2014-01-01,2021-03-31,,snapshot_floor,,closed by ind_prs23022021.pdf
221,Nifty 500,NAVNETEDUL,2020-09-25,2021-03-31,,press_release,https://niftyindices.com/Press_Release/ind_prs20082020.pdf,closed by ind_prs23022021.pdf
221,Nifty 500,OMAXE,2014-01-01,2021-03-31,,snapshot_floor,,closed by ind_prs23022021.pdf
221,Nifty 500,ORIENTCEM,2014-01-01,2021-03-31,,snapshot_floor,,closed by ind_prs23022021.pdf
221,Nifty 500,PRAJIND,2014-01-01,2021-03-31,,snapshot_floor,,closed by ind_prs23022021.pdf
221,Nifty 500,PSPPROJECT,2020-09-14,2021-03-31,,press_release,https://niftyindices.com/Press_Release/ind_prs07092020.pdf,closed by ind_prs23022021.pdf
221,Nifty 500,PTC,2014-01-01,2021-03-31,,snapshot_floor,,closed by ind_prs23022021.pdf
221,Nifty 500,SOUTHBANK,2014-01-01,2021-03-31,,snapshot_floor,,closed by ind_prs23022021.pdf
221,Nifty 500,SWARAJENG,2020-09-14,2021-03-31,,press_release,https://niftyindices.com/Press_Release/ind_prs07092020.pdf,closed by ind_prs23022021.pdf
221,Nifty 500,TVTODAY,2014-01-01,2021-03-31,,snapshot_floor,,closed by ind_prs23022021.pdf
221,Nifty 500,VRLLOG,2014-01-01,2021-03-31,,snapshot_floor,,closed by ind_prs23022021.pdf
221,Nifty 500,GHCL,2014-01-01,2021-04-29,,snapshot_floor,,closed by ind_prs22042021.pdf
221,Nifty 500,TATASTLBSL,2020-01-16,2021-04-29,,press_release,https://niftyindices.com/Press_Release/ind_prs09012020.pdf,closed by ind_prs22042021.pdf
221,Nifty 500,MOTHERSON,2014-01-01,2021-06-30,,snapshot_floor,,closed by ind_prs15062021.pdf
221,Nifty 500,AKZOINDIA,2014-01-01,2021-09-30,,snapshot_floor,,closed by ind_prs15092021.pdf
221,Nifty 500,BALMLAWRIE,2014-01-01,2021-09-30,,snapshot_floor,,closed by ind_prs15092021.pdf
221,Nifty 500,BLISSGVS,2014-01-01,2021-09-30,,snapshot_floor,https://niftyindices.com/Press_Release/ind_prs15092021.pdf,orphan-exclude (no prior include in coverage)
221,Nifty 500,DISHTV,2014-01-01,2021-09-30,,snapshot_floor,,closed by ind_prs15092021.pdf
221,Nifty 500,DCAL,2018-04-02,2021-09-30,,press_release,https://niftyindices.com/Press_Release/ind_prs21022018.pdf,closed by ind_prs15092021.pdf
221,Nifty 500,FCONSUMER,2014-01-01,2021-09-30,,snapshot_floor,,closed by ind_prs15092021.pdf
221,Nifty 500,GRSE,2020-06-26,2021-09-30,,press_release,https://niftyindices.com/Press_Release/ind_prs10062020.pdf,closed by ind_prs15092021.pdf
221,Nifty 500,GEPIL,2014-01-01,2021-09-30,,snapshot_floor,,closed by ind_prs15092021.pdf
221,Nifty 500,GULFOILLUB,2014-01-01,2021-09-30,,snapshot_floor,,closed by ind_prs15092021.pdf
221,Nifty 500,HSCL,2018-04-02,2021-09-30,,press_release,https://niftyindices.com/Press_Release/ind_prs21022018.pdf,closed by ind_prs15092021.pdf
221,Nifty 500,HUHTAMAKI,2014-01-01,2021-09-30,,snapshot_floor,,closed by ind_prs15092021.pdf
221,Nifty 500,JTEKTINDIA,2020-09-14,2021-09-30,,press_release,https://niftyindices.com/Press_Release/ind_prs07092020.pdf,closed by ind_prs15092021.pdf
221,Nifty 500,MAHSCOOTER,2019-03-29,2021-09-30,,press_release,https://niftyindices.com/Press_Release/ind_prs25022019.pdf,closed by ind_prs15092021.pdf
221,Nifty 500,MAHSEAMLES,2019-03-29,2021-09-30,,press_release,https://niftyindices.com/Press_Release/ind_prs25022019.pdf,closed by ind_prs15092021.pdf
221,Nifty 500,MASFIN,2018-04-02,2021-09-30,,press_release,https://niftyindices.com/Press_Release/ind_prs21022018.pdf,closed by ind_prs15092021.pdf
221,Nifty 500,RAYMOND,2014-01-01,2021-09-30,,snapshot_floor,,closed by ind_prs15092021.pdf
221,Nifty 500,RESPONIND,2021-03-31,2021-09-30,,press_release,https://niftyindices.com/Press_Release/ind_prs23022021.pdf,closed by ind_prs15092021.pdf
221,Nifty 500,SHOPERSTOP,2014-01-01,2021-09-30,,snapshot_floor,,closed by ind_prs15092021.pdf
221,Nifty 500,SUNCLAYLTD,2021-03-31,2021-09-30,,press_release,https://niftyindices.com/Press_Release/ind_prs23022021.pdf,closed by ind_prs15092021.pdf
221,Nifty 500,SWANENERGY,2014-01-01,2021-09-30,,snapshot_floor,,closed by ind_prs15092021.pdf
221,Nifty 500,TATAINVEST,2014-01-01,2021-09-30,,snapshot_floor,,closed by ind_prs15092021.pdf
221,Nifty 500,VSTIND,2019-03-29,2021-09-30,,press_release,https://niftyindices.com/Press_Release/ind_prs25022019.pdf,closed by ind_prs15092021.pdf
221,Nifty 500,SHTV,2014-01-01,2021-09-30,,snapshot_floor,,closed by ind_prs23082021.pdf
221,Nifty 500,SGPC,2014-01-01,2021-09-30,,snapshot_floor,,closed by ind_prs23082021.pdf
221,Nifty 500,GMRAIRPORT,2014-01-01,2021-10-29,,snapshot_floor,,closed by ind_prs22102021.pdf
221,Nifty 500,ALEMBICLTD,2020-09-25,2022-03-31,,press_release,https://niftyindices.com/Press_Release/ind_prs20082020.pdf,closed by ind_prs24022022_1.pdf
221,Nifty 500,ASHOKA,2014-01-01,2022-03-31,,snapshot_floor,,closed by ind_prs24022022_1.pdf
221,Nifty 500,BAJAJCON,2014-01-01,2022-03-31,,snapshot_floor,,closed by ind_prs24022022_1.pdf
221,Nifty 500,BHARATRAS,2020-06-26,2022-03-31,,press_release,https://niftyindices.com/Press_Release/ind_prs10062020.pdf,closed by ind_prs24022022_1.pdf
221,Nifty 500,CGCL,2019-09-27,2022-03-31,,press_release,https://niftyindices.com/Press_Release/ind_prs28082019.pdf,closed by ind_prs24022022_1.pdf
221,Nifty 500,DCBBANK,2014-01-01,2022-03-31,,snapshot_floor,,closed by ind_prs24022022_1.pdf
221,Nifty 500,DHANUKA,2020-06-26,2022-03-31,,press_release,https://niftyindices.com/Press_Release/ind_prs10062020.pdf,closed by ind_prs24022022_1.pdf
221,Nifty 500,FRETAIL,2014-01-01,2022-03-31,,snapshot_floor,,closed by ind_prs24022022_1.pdf
221,Nifty 500,GILLETTE,2014-01-01,2022-03-31,,snapshot_floor,,closed by ind_prs24022022_1.pdf
221,Nifty 500,GREAVESCOT,2014-01-01,2022-03-31,,snapshot_floor,,closed by ind_prs24022022_1.pdf
221,Nifty 500,HEIDELBERG,2014-01-01,2022-03-31,,snapshot_floor,,closed by ind_prs24022022_1.pdf
221,Nifty 500,INGERRAND,2020-06-26,2022-03-31,,press_release,https://niftyindices.com/Press_Release/ind_prs10062020.pdf,closed by ind_prs24022022_1.pdf
221,Nifty 500,IOLCP,2020-09-25,2022-03-31,,press_release,https://niftyindices.com/Press_Release/ind_prs20082020.pdf,closed by ind_prs24022022_1.pdf
221,Nifty 500,JINDALSAW,2014-01-01,2022-03-31,,snapshot_floor,,closed by ind_prs24022022_1.pdf
221,Nifty 500,JKTYRE,2014-01-01,2022-03-31,,snapshot_floor,,closed by ind_prs24022022_1.pdf
221,Nifty 500,KSCL,2014-01-01,2022-03-31,,snapshot_floor,,closed by ind_prs24022022_1.pdf
221,Nifty 500,KSB,2020-06-26,2022-03-31,,press_release,https://niftyindices.com/Press_Release/ind_prs10062020.pdf,closed by ind_prs24022022_1.pdf
221,Nifty 500,LAOPALA,2020-06-26,2022-03-31,,press_release,https://niftyindices.com/Press_Release/ind_prs10062020.pdf,closed by ind_prs24022022_1.pdf
221,Nifty 500,LEMONTREE,2018-09-28,2022-03-31,,press_release,https://niftyindices.com/Press_Release/ind_prs28082018.pdf,closed by ind_prs24022022_1.pdf
221,Nifty 500,MINDACORP,2014-01-01,2022-03-31,,snapshot_floor,,closed by ind_prs24022022_1.pdf
221,Nifty 500,MIDHANI,2019-12-26,2022-03-31,,press_release,https://niftyindices.com/Press_Release/ind_prs18122019.pdf,closed by ind_prs24022022_1.pdf
221,Nifty 500,NFL,2014-01-01,2022-03-31,,snapshot_floor,https://niftyindices.com/Press_Release/ind_prs24022022_1.pdf,orphan-exclude (no prior include in coverage)
221,Nifty 500,NILKAMAL,2014-01-01,2022-03-31,,snapshot_floor,,closed by ind_prs24022022_1.pdf
221,Nifty 500,SCHNEIDER,2020-06-26,2022-03-31,,press_release,https://niftyindices.com/Press_Release/ind_prs10062020.pdf,closed by ind_prs24022022_1.pdf
221,Nifty 500,SHARDACROP,2021-03-31,2022-03-31,,press_release,https://niftyindices.com/Press_Release/ind_prs23022021.pdf,closed by ind_prs24022022_1.pdf
221,Nifty 500,SPANDANA,2021-03-31,2022-03-31,,press_release,https://niftyindices.com/Press_Release/ind_prs23022021.pdf,closed by ind_prs24022022_1.pdf
221,Nifty 500,STARCEMENT,2014-01-01,2022-03-31,,snapshot_floor,,closed by ind_prs24022022_1.pdf
221,Nifty 500,TASTYBITE,2014-01-01,2022-03-31,,snapshot_floor,https://niftyindices.com/Press_Release/ind_prs24022022_1.pdf,orphan-exclude (no prior include in coverage)
221,Nifty 500,UJJIVAN,2014-01-01,2022-03-31,,snapshot_floor,,closed by ind_prs24022022_1.pdf
221,Nifty 500,UJJIVANSFB,2020-06-26,2022-03-31,,press_release,https://niftyindices.com/Press_Release/ind_prs10062020.pdf,closed by ind_prs24022022_1.pdf
221,Nifty 500,VALIANTORG,2021-03-31,2022-03-31,,press_release,https://niftyindices.com/Press_Release/ind_prs23022021.pdf,closed by ind_prs24022022_1.pdf
221,Nifty 500,SUPPETRO,2020-09-25,2022-04-07,,press_release,https://niftyindices.com/Press_Release/ind_prs20082020.pdf,closed by ind_prs06042022.pdf
221,Nifty 500,BEML,2014-01-01,2022-04-12,,snapshot_floor,,closed by ind_prs05042022_1.pdf
221,Nifty 500,AARTIIND,2019-12-27,2022-05-04,,press_release,https://niftyindices.com/Press_Release/ind_prs16122019.pdf,closed by ind_prs05042022.pdf
221,Nifty 500,JSLHISAR,2014-01-01,2022-05-31,,snapshot_floor,,closed by ind_prs24052022.pdf
221,Nifty 500,NMDC,2014-01-01,2022-08-08,,snapshot_floor,,closed by ind_prs11072022.pdf
221,Nifty 500,PEL,2014-01-01,2022-08-08,,snapshot_floor,,closed by ind_prs11072022.pdf
221,Nifty 500,SHRIRAMCIT,2014-01-01,2022-08-08,,snapshot_floor,,closed by ind_prs11072022.pdf
221,Nifty 500,ADVENZYMES,2014-01-01,2022-09-30,,snapshot_floor,,closed by ind_prs01092022.pdf
221,Nifty 500,ERIS,2018-04-02,2022-09-30,,press_release,https://niftyindices.com/Press_Release/ind_prs21022018.pdf,closed by ind_prs01092022.pdf
221,Nifty 500,GLS,2022-03-31,2022-09-30,,press_release,https://niftyindices.com/Press_Release/ind_prs24022022_1.pdf,closed by ind_prs01092022.pdf
221,Nifty 500,HATHWAY,2021-09-30,2022-09-30,,press_release,https://niftyindices.com/Press_Release/ind_prs15092021.pdf,closed by ind_prs01092022.pdf
221,Nifty 500,HEMIPROP,2021-03-31,2022-09-30,,press_release,https://niftyindices.com/Press_Release/ind_prs23022021.pdf,closed by ind_prs01092022.pdf
221,Nifty 500,ICIL,2021-03-31,2022-09-30,,press_release,https://niftyindices.com/Press_Release/ind_prs23022021.pdf,closed by ind_prs01092022.pdf
221,Nifty 500,IRCON,2019-03-29,2022-09-30,,press_release,https://niftyindices.com/Press_Release/ind_prs25022019.pdf,closed by ind_prs01092022.pdf
221,Nifty 500,LTM,2014-01-01,2022-09-30,,snapshot_floor,,closed by ind_prs01092022.pdf
221,Nifty 500,NESCO,2018-04-02,2022-09-30,,press_release,https://niftyindices.com/Press_Release/ind_prs21022018.pdf,closed by ind_prs01092022.pdf
221,Nifty 500,RAILTEL,2021-09-30,2022-09-30,,press_release,https://niftyindices.com/Press_Release/ind_prs15092021.pdf,closed by ind_prs01092022.pdf
221,Nifty 500,SEQUENT,2020-06-26,2022-09-30,,press_release,https://niftyindices.com/Press_Release/ind_prs10062020.pdf,closed by ind_prs01092022.pdf
221,Nifty 500,SOLARA,2020-09-25,2022-09-30,,press_release,https://niftyindices.com/Press_Release/ind_prs20082020.pdf,closed by ind_prs01092022.pdf
221,Nifty 500,SPICEJET,2019-12-27,2022-09-30,,press_release,https://niftyindices.com/Press_Release/ind_prs16122019.pdf,closed by ind_prs01092022.pdf
221,Nifty 500,STAR,2018-09-28,2022-09-30,,press_release,https://niftyindices.com/Press_Release/ind_prs28082018.pdf,closed by ind_prs01092022.pdf
221,Nifty 500,TATASTLLP,2021-09-30,2022-09-30,,press_release,https://niftyindices.com/Press_Release/ind_prs15092021.pdf,closed by ind_prs01092022.pdf
221,Nifty 500,UCOBANK,2014-01-01,2022-09-30,,snapshot_floor,,closed by ind_prs01092022.pdf
221,Nifty 500,VAKRANGEE,2014-01-01,2022-09-30,,snapshot_floor,,closed by ind_prs01092022.pdf
221,Nifty 500,VENKEYS,2018-09-28,2022-09-30,,press_release,https://niftyindices.com/Press_Release/ind_prs28082018.pdf,closed by ind_prs01092022.pdf
221,Nifty 500,EQUITAS,2014-01-01,2022-09-30,,snapshot_floor,,closed by ind_prs16092022.pdf
221,Nifty 500,ALLCARGO,2022-03-31,2022-12-30,,press_release,https://niftyindices.com/Press_Release/ind_prs24022022_1.pdf,closed by ind_prs06122022.pdf
221,Nifty 500,NIITLTD,2022-09-30,2022-12-30,,press_release,https://niftyindices.com/Press_Release/ind_prs01092022.pdf,closed by ind_prs06122022.pdf
221,Nifty 500,SCI,2020-06-26,2022-12-30,,press_release,https://niftyindices.com/Press_Release/ind_prs10062020.pdf,closed by ind_prs06122022.pdf
221,Nifty 500,SAREGAMA,2022-03-31,2022-12-30,,press_release,https://niftyindices.com/Press_Release/ind_prs24022022_1.pdf,closed by ind_prs22122022.pdf
221,Nifty 500,INOXLEISUR,2014-01-01,2023-02-17,,snapshot_floor,,closed by ind_prs09022023_1.pdf
221,Nifty 500,ABSLAMC,2022-03-31,2023-03-31,,press_release,https://niftyindices.com/Press_Release/ind_prs24022022_1.pdf,closed by ind_prs17022023_1.pdf
221,Nifty 500,ALOKINDS,2020-09-25,2023-03-31,,press_release,https://niftyindices.com/Press_Release/ind_prs20082020.pdf,closed by ind_prs17022023_1.pdf
221,Nifty 500,ASTRAZEN,2019-03-29,2023-03-31,,press_release,https://niftyindices.com/Press_Release/ind_prs25022019.pdf,closed by ind_prs17022023_1.pdf
221,Nifty 500,BHARATRAS,2022-09-30,2023-03-31,,press_release,https://niftyindices.com/Press_Release/ind_prs01092022.pdf,closed by ind_prs17022023_1.pdf
221,Nifty 500,CAPLIPOINT,2014-01-01,2023-03-31,,snapshot_floor,,closed by ind_prs17022023_1.pdf
221,Nifty 500,DHANI,2014-01-01,2023-03-31,,snapshot_floor,,closed by ind_prs17022023_1.pdf
221,Nifty 500,DBL,2014-01-01,2023-03-31,,snapshot_floor,,closed by ind_prs17022023_1.pdf
221,Nifty 500,HATSUN,2014-01-01,2023-03-31,,snapshot_floor,,closed by ind_prs17022023_1.pdf
221,Nifty 500,INDOCO,2020-06-26,2023-03-31,,press_release,https://niftyindices.com/Press_Release/ind_prs10062020.pdf,closed by ind_prs17022023_1.pdf
221,Nifty 500,MOIL,2014-01-01,2023-03-31,,snapshot_floor,,closed by ind_prs17022023_1.pdf
221,Nifty 500,PRIVISCL,2022-03-31,2023-03-31,,press_release,https://niftyindices.com/Press_Release/ind_prs24022022_1.pdf,closed by ind_prs17022023_1.pdf
221,Nifty 500,PGHL,2014-01-01,2023-03-31,,snapshot_floor,,closed by ind_prs17022023_1.pdf
221,Nifty 500,SFL,2018-12-28,2023-03-31,,press_release,https://niftyindices.com/Press_Release/ind_prs14122018.pdf,closed by ind_prs17022023_1.pdf
221,Nifty 500,SHILPAMED,2020-09-25,2023-03-31,,press_release,https://niftyindices.com/Press_Release/ind_prs20082020.pdf,closed by ind_prs17022023_1.pdf
221,Nifty 500,SIS,2018-04-02,2023-03-31,,press_release,https://niftyindices.com/Press_Release/ind_prs21022018.pdf,closed by ind_prs17022023_1.pdf
221,Nifty 500,SUDARSCHEM,2014-01-01,2023-03-31,,snapshot_floor,,closed by ind_prs17022023_1.pdf
221,Nifty 500,SYMPHONY,2014-01-01,2023-03-31,,snapshot_floor,,closed by ind_prs17022023_1.pdf
221,Nifty 500,TATACOFFEE,2020-09-14,2023-03-31,,press_release,https://niftyindices.com/Press_Release/ind_prs07092020.pdf,closed by ind_prs17022023_1.pdf
221,Nifty 500,THYROCARE,2014-01-01,2023-03-31,,snapshot_floor,,closed by ind_prs17022023_1.pdf
221,Nifty 500,WOCKPHARMA,2014-01-01,2023-03-31,,snapshot_floor,,closed by ind_prs17022023_1.pdf
221,Nifty 500,BAJAJELEC,2014-01-01,2023-04-28,,snapshot_floor,,closed by ind_prs19042023_1.pdf
221,Nifty 500,EDELWEISS,2014-01-01,2023-04-28,,snapshot_floor,,closed by ind_prs19042023_1.pdf
221,Nifty 500,HDFC,2014-01-01,2023-07-13,,snapshot_floor,,closed by ind_prs04072023.pdf
221,Nifty 500,BASF,2014-01-01,2023-09-29,,snapshot_floor,,closed by ind_prs17082023.pdf
221,Nifty 500,GARFIBRES,2019-09-27,2023-09-29,,press_release,https://niftyindices.com/Press_Release/ind_prs28082019.pdf,closed by ind_prs17082023.pdf
221,Nifty 500,GODREJAGRO,2018-04-02,2023-09-29,,press_release,https://niftyindices.com/Press_Release/ind_prs21022018.pdf,closed by ind_prs17082023.pdf
221,Nifty 500,GREENPANEL,2022-09-30,2023-09-29,,press_release,https://niftyindices.com/Press_Release/ind_prs01092022.pdf,closed by ind_prs17082023.pdf
221,Nifty 500,HIKAL,2021-09-30,2023-09-29,,press_release,https://niftyindices.com/Press_Release/ind_prs15092021.pdf,closed by ind_prs17082023.pdf
221,Nifty 500,HGS,2021-09-30,2023-09-29,,press_release,https://niftyindices.com/Press_Release/ind_prs15092021.pdf,closed by ind_prs17082023.pdf
221,Nifty 500,IFBIND,2014-01-01,2023-09-29,,snapshot_floor,,closed by ind_prs17082023.pdf
221,Nifty 500,IBREALEST,2014-01-01,2023-09-29,,snapshot_floor,,closed by ind_prs17082023.pdf
221,Nifty 500,JINDWORLD,2023-03-31,2023-09-29,,press_release,https://niftyindices.com/Press_Release/ind_prs17022023_1.pdf,closed by ind_prs17082023.pdf
221,Nifty 500,KENNAMET,2023-03-31,2023-09-29,,press_release,https://niftyindices.com/Press_Release/ind_prs17022023_1.pdf,closed by ind_prs17082023.pdf
221,Nifty 500,RUSTOMJEE,2023-03-31,2023-09-29,,press_release,https://niftyindices.com/Press_Release/ind_prs17022023_1.pdf,closed by ind_prs17082023.pdf
221,Nifty 500,MAHLOG,2018-09-28,2023-09-29,,press_release,https://niftyindices.com/Press_Release/ind_prs28082018.pdf,closed by ind_prs17082023.pdf
221,Nifty 500,NOCIL,2020-09-14,2023-09-29,,press_release,https://niftyindices.com/Press_Release/ind_prs07092020.pdf,closed by ind_prs17082023.pdf
221,Nifty 500,TMB,2023-03-31,2023-09-29,,press_release,https://niftyindices.com/Press_Release/ind_prs17022023_1.pdf,closed by ind_prs17082023.pdf
221,Nifty 500,TCIEXP,2019-09-27,2023-09-29,,press_release,https://niftyindices.com/Press_Release/ind_prs28082019.pdf,closed by ind_prs17082023.pdf
221,Nifty 500,TCNSBRANDS,2019-03-29,2023-09-29,,press_release,https://niftyindices.com/Press_Release/ind_prs25022019.pdf,closed by ind_prs17082023.pdf
221,Nifty 500,TCI,2022-09-30,2023-09-29,,press_release,https://niftyindices.com/Press_Release/ind_prs01092022.pdf,closed by ind_prs17082023.pdf
221,Nifty 500,UFLEX,2014-01-01,2023-09-29,,snapshot_floor,,closed by ind_prs17082023.pdf
221,Nifty 500,KIRLFER,2023-09-29,2023-10-26,,press_release,https://niftyindices.com/Press_Release/ind_prs17082023.pdf,closed by ind_prs17102023.pdf
221,Nifty 500,AARTIDRUGS,2020-09-25,2024-03-28,,press_release,https://niftyindices.com/Press_Release/ind_prs20082020.pdf,closed by ind_prs28022024.pdf
221,Nifty 500,BCG,2022-03-31,2024-03-28,,press_release,https://niftyindices.com/Press_Release/ind_prs24022022_1.pdf,closed by ind_prs28022024.pdf
221,Nifty 500,DELTACORP,2014-01-01,2024-03-28,,snapshot_floor,,closed by ind_prs28022024.pdf
221,Nifty 500,EPIGRAL,2014-01-01,2024-03-28,,snapshot_floor,,closed by ind_prs28022024.pdf
221,Nifty 500,GRINFRA,2022-03-31,2024-03-28,,press_release,https://niftyindices.com/Press_Release/ind_prs24022022_1.pdf,closed by ind_prs28022024.pdf
221,Nifty 500,GALAXYSURF,2018-09-28,2024-03-28,,press_release,https://niftyindices.com/Press_Release/ind_prs28082018.pdf,closed by ind_prs28022024.pdf
221,Nifty 500,GOCOLORS,2022-03-31,2024-03-28,,press_release,https://niftyindices.com/Press_Release/ind_prs24022022_1.pdf,closed by ind_prs28022024.pdf
221,Nifty 500,GUJALKALI,2014-01-01,2024-03-28,,snapshot_floor,,closed by ind_prs28022024.pdf
221,Nifty 500,HLEGLAS,2022-03-31,2024-03-28,,press_release,https://niftyindices.com/Press_Release/ind_prs24022022_1.pdf,closed by ind_prs28022024.pdf
221,Nifty 500,INFIBEAM,2021-04-29,2024-03-28,,press_release,https://niftyindices.com/Press_Release/ind_prs22042021.pdf,closed by ind_prs28022024.pdf
221,Nifty 500,INGERRAND,2023-03-31,2024-03-28,,press_release,https://niftyindices.com/Press_Release/ind_prs17022023_1.pdf,closed by ind_prs28022024.pdf
221,Nifty 500,JAMNAAUTO,2019-03-29,2024-03-28,,press_release,https://niftyindices.com/Press_Release/ind_prs25022019.pdf,closed by ind_prs28022024.pdf
221,Nifty 500,LAXMIMACH,2014-01-01,2024-03-28,,snapshot_floor,,closed by ind_prs28022024.pdf
221,Nifty 500,LUXIND,2018-09-28,2024-03-28,,press_release,https://niftyindices.com/Press_Release/ind_prs28082018.pdf,closed by ind_prs28022024.pdf
221,Nifty 500,NAZARA,2021-09-30,2024-03-28,,press_release,https://niftyindices.com/Press_Release/ind_prs15092021.pdf,closed by ind_prs28022024.pdf
221,Nifty 500,ORIENTELEC,2019-03-29,2024-03-28,,press_release,https://niftyindices.com/Press_Release/ind_prs25022019.pdf,closed by ind_prs28022024.pdf
221,Nifty 500,PFIZER,2014-01-01,2024-03-28,,snapshot_floor,,closed by ind_prs28022024.pdf
221,Nifty 500,POLYPLEX,2020-09-25,2024-03-28,,press_release,https://niftyindices.com/Press_Release/ind_prs20082020.pdf,closed by ind_prs28022024.pdf
221,Nifty 500,PGHL,2023-09-29,2024-03-28,,press_release,https://niftyindices.com/Press_Release/ind_prs17082023.pdf,closed by ind_prs28022024.pdf
221,Nifty 500,RAIN,2014-01-01,2024-03-28,,snapshot_floor,,closed by ind_prs28022024.pdf
221,Nifty 500,RALLIS,2014-01-01,2024-03-28,,snapshot_floor,,closed by ind_prs28022024.pdf
221,Nifty 500,RELAXO,2014-01-01,2024-03-28,,snapshot_floor,,closed by ind_prs28022024.pdf
221,Nifty 500,ROSSARI,2021-03-31,2024-03-28,,press_release,https://niftyindices.com/Press_Release/ind_prs23022021.pdf,closed by ind_prs28022024.pdf
221,Nifty 500,SHARDACROP,2022-09-30,2024-03-28,,press_release,https://niftyindices.com/Press_Release/ind_prs01092022.pdf,closed by ind_prs28022024.pdf
221,Nifty 500,SFL,2023-09-29,2024-03-28,,press_release,https://niftyindices.com/Press_Release/ind_prs17082023.pdf,closed by ind_prs28022024.pdf
221,Nifty 500,SHOPERSTOP,2022-09-30,2024-03-28,,press_release,https://niftyindices.com/Press_Release/ind_prs16092022.pdf,closed by ind_prs28022024.pdf
221,Nifty 500,SUPRAJIT,2019-03-29,2024-03-28,,press_release,https://niftyindices.com/Press_Release/ind_prs25022019.pdf,closed by ind_prs28022024.pdf
221,Nifty 500,SYMPHONY,2023-09-29,2024-03-28,,press_release,https://niftyindices.com/Press_Release/ind_prs17082023.pdf,closed by ind_prs28022024.pdf
221,Nifty 500,TEAMLEASE,2018-09-28,2024-03-28,,press_release,https://niftyindices.com/Press_Release/ind_prs28082018.pdf,closed by ind_prs28022024.pdf
221,Nifty 500,TTKPRESTIG,2014-01-01,2024-03-28,,snapshot_floor,,closed by ind_prs28022024.pdf
221,Nifty 500,VGUARD,2014-01-01,2024-03-28,,snapshot_floor,,closed by ind_prs28022024.pdf
221,Nifty 500,VINATIORGA,2014-01-01,2024-03-28,,snapshot_floor,,closed by ind_prs28022024.pdf
221,Nifty 500,VMART,2018-09-28,2024-03-28,,press_release,https://niftyindices.com/Press_Release/ind_prs28082018.pdf,closed by ind_prs28022024.pdf
221,Nifty 500,ZYDUSWELL,2018-09-28,2024-03-28,,press_release,https://niftyindices.com/Press_Release/ind_prs28082018.pdf,closed by ind_prs28022024.pdf
221,Nifty 500,AETHER,2022-09-30,2024-09-30,,press_release,https://niftyindices.com/Press_Release/ind_prs01092022.pdf,closed by ind_prs23082024.pdf
221,Nifty 500,ALLCARGO,2023-09-29,2024-09-30,,press_release,https://niftyindices.com/Press_Release/ind_prs17082023.pdf,closed by ind_prs23082024.pdf
221,Nifty 500,ANURAS,2021-09-30,2024-09-30,,press_release,https://niftyindices.com/Press_Release/ind_prs15092021.pdf,closed by ind_prs23082024.pdf
221,Nifty 500,BORORENEW,2022-03-31,2024-09-30,,press_release,https://niftyindices.com/Press_Release/ind_prs24022022_1.pdf,closed by ind_prs23082024.pdf
221,Nifty 500,CSBBANK,2020-06-26,2024-09-30,,press_release,https://niftyindices.com/Press_Release/ind_prs10062020.pdf,closed by ind_prs23082024.pdf
221,Nifty 500,DCMSHRIRAM,2014-01-01,2024-09-30,,snapshot_floor,,closed by ind_prs23082024.pdf
221,Nifty 500,EPL,2019-03-29,2024-09-30,,press_release,https://niftyindices.com/Press_Release/ind_prs25022019.pdf,closed by ind_prs23082024.pdf
221,Nifty 500,FDC,2018-09-28,2024-09-30,,press_release,https://niftyindices.com/Press_Release/ind_prs28082018.pdf,closed by ind_prs23082024.pdf
221,Nifty 500,GLS,2023-09-29,2024-09-30,,press_release,https://niftyindices.com/Press_Release/ind_prs17082023.pdf,closed by ind_prs23082024.pdf
221,Nifty 500,GMMPFAUDLR,2020-06-26,2024-09-30,,press_release,https://niftyindices.com/Press_Release/ind_prs10062020.pdf,closed by ind_prs23082024.pdf
221,Nifty 500,HAPPYFORGE,2024-03-28,2024-09-30,,press_release,https://niftyindices.com/Press_Release/ind_prs28022024.pdf,closed by ind_prs23082024.pdf
221,Nifty 500,INDIGOPNTS,2021-09-30,2024-09-30,,press_release,https://niftyindices.com/Press_Release/ind_prs15092021.pdf,closed by ind_prs23082024.pdf
221,Nifty 500,JAIBALAJI,2024-03-28,2024-09-30,,press_release,https://niftyindices.com/Press_Release/ind_prs28022024.pdf,closed by ind_prs23082024.pdf
221,Nifty 500,JKPAPER,2019-03-29,2024-09-30,,press_release,https://niftyindices.com/Press_Release/ind_prs25022019.pdf,closed by ind_prs23082024.pdf
221,Nifty 500,KRBL,2014-01-01,2024-09-30,,snapshot_floor,,closed by ind_prs23082024.pdf
221,Nifty 500,LXCHEM,2021-09-30,2024-09-30,,press_release,https://niftyindices.com/Press_Release/ind_prs15092021.pdf,closed by ind_prs23082024.pdf
221,Nifty 500,MHRIL,2014-01-01,2024-09-30,,snapshot_floor,,closed by ind_prs23082024.pdf
221,Nifty 500,MEDPLUS,2022-03-31,2024-09-30,,press_release,https://niftyindices.com/Press_Release/ind_prs24022022_1.pdf,closed by ind_prs23082024.pdf
221,Nifty 500,MTARTECH,2022-04-07,2024-09-30,,press_release,https://niftyindices.com/Press_Release/ind_prs06042022.pdf,closed by ind_prs23082024.pdf
221,Nifty 500,PRINCEPIPE,2021-03-31,2024-09-30,,press_release,https://niftyindices.com/Press_Release/ind_prs23022021.pdf,closed by ind_prs23082024.pdf
221,Nifty 500,RBA,2021-04-29,2024-09-30,,press_release,https://niftyindices.com/Press_Release/ind_prs22042021.pdf,closed by ind_prs23082024.pdf
221,Nifty 500,SAFARI,2023-09-29,2024-09-30,,press_release,https://niftyindices.com/Press_Release/ind_prs17082023.pdf,closed by ind_prs23082024.pdf
221,Nifty 500,STLTECH,2014-01-01,2024-09-30,,snapshot_floor,,closed by ind_prs23082024.pdf
221,Nifty 500,SUNTECK,2014-01-01,2024-09-30,,snapshot_floor,,closed by ind_prs23082024.pdf
221,Nifty 500,TMB,2024-03-28,2024-09-30,,press_release,https://niftyindices.com/Press_Release/ind_prs28022024.pdf,closed by ind_prs23082024.pdf
221,Nifty 500,VAIBHAVGBL,2019-09-24,2024-09-30,,press_release,https://niftyindices.com/Press_Release/ind_prs17092019_1.pdf,closed by ind_prs23082024.pdf
221,Nifty 500,IDEA,2014-01-01,2024-09-30,,snapshot_floor,,closed by ind_prs23082024.pdf
221,Nifty 500,IDFC,2014-01-01,2024-10-10,,snapshot_floor,,closed by ind_prs04102024.pdf
221,Nifty 500,TV18BRDCST,2014-01-01,2024-10-16,,snapshot_floor,,closed by ind_prs10102024.pdf
221,Nifty 500,ISEC,2018-09-28,2025-03-21,,press_release,https://niftyindices.com/Press_Release/ind_prs28082018.pdf,closed by ind_prs17032025.pdf
221,Nifty 500,ACI,2023-03-31,2025-03-28,,press_release,https://niftyindices.com/Press_Release/ind_prs17022023_1.pdf,closed by ind_prs21022025.pdf
221,Nifty 500,AVANTIFEED,2014-01-01,2025-03-28,,snapshot_floor,,closed by ind_prs21022025.pdf
221,Nifty 500,BALAMINES,2021-03-31,2025-03-28,,press_release,https://niftyindices.com/Press_Release/ind_prs23022021.pdf,closed by ind_prs21022025.pdf
221,Nifty 500,BIRLACORPN,2014-01-01,2025-03-28,,snapshot_floor,,closed by ind_prs21022025.pdf
221,Nifty 500,CELLO,2024-03-28,2025-03-28,,press_release,https://niftyindices.com/Press_Release/ind_prs28022024.pdf,closed by ind_prs21022025.pdf
221,Nifty 500,CHEMPLASTS,2022-03-31,2025-03-28,,press_release,https://niftyindices.com/Press_Release/ind_prs24022022_1.pdf,closed by ind_prs21022025.pdf
221,Nifty 500,CIEINDIA,2014-01-01,2025-03-28,,snapshot_floor,,closed by ind_prs21022025.pdf
221,Nifty 500,EASEMYTRIP,2022-03-31,2025-03-28,,press_release,https://niftyindices.com/Press_Release/ind_prs24022022_1.pdf,closed by ind_prs21022025.pdf
221,Nifty 500,EQUITASBNK,2021-09-30,2025-03-28,,press_release,https://niftyindices.com/Press_Release/ind_prs15092021.pdf,closed by ind_prs21022025.pdf
221,Nifty 500,FINEORG,2019-03-29,2025-03-28,,press_release,https://niftyindices.com/Press_Release/ind_prs25022019.pdf,closed by ind_prs21022025.pdf
221,Nifty 500,GRINFRA,2024-09-30,2025-03-28,,press_release,https://niftyindices.com/Press_Release/ind_prs23082024.pdf,closed by ind_prs21022025.pdf
221,Nifty 500,GRINDWELL,2018-09-28,2025-03-28,,press_release,https://niftyindices.com/Press_Release/ind_prs28082018.pdf,closed by ind_prs21022025.pdf
221,Nifty 500,GAEL,2020-09-25,2025-03-28,,press_release,https://niftyindices.com/Press_Release/ind_prs20082020.pdf,closed by ind_prs21022025.pdf
221,Nifty 500,GSFC,2014-01-01,2025-03-28,,snapshot_floor,,closed by ind_prs21022025.pdf
221,Nifty 500,JKLAKSHMI,2014-01-01,2025-03-28,,snapshot_floor,,closed by ind_prs21022025.pdf
221,Nifty 500,KSB,2023-03-31,2025-03-28,,press_release,https://niftyindices.com/Press_Release/ind_prs17022023_1.pdf,closed by ind_prs21022025.pdf
221,Nifty 500,MAHLIFE,2022-09-30,2025-03-28,,press_release,https://niftyindices.com/Press_Release/ind_prs01092022.pdf,closed by ind_prs21022025.pdf
221,Nifty 500,METROBRAND,2022-03-31,2025-03-28,,press_release,https://niftyindices.com/Press_Release/ind_prs24022022_1.pdf,closed by ind_prs21022025.pdf
221,Nifty 500,NUVOCO,2022-03-31,2025-03-28,,press_release,https://niftyindices.com/Press_Release/ind_prs24022022_1.pdf,closed by ind_prs21022025.pdf
221,Nifty 500,PGHH,2014-01-01,2025-03-28,,snapshot_floor,,closed by ind_prs21022025.pdf
221,Nifty 500,RAJESHEXPO,2014-01-01,2025-03-28,,snapshot_floor,,closed by ind_prs21022025.pdf
221,Nifty 500,RATNAMANI,2019-09-27,2025-03-28,,press_release,https://niftyindices.com/Press_Release/ind_prs28082019.pdf,closed by ind_prs21022025.pdf
221,Nifty 500,SANOFI,2014-01-01,2025-03-28,,snapshot_floor,,closed by ind_prs21022025.pdf
221,Nifty 500,SPARC,2014-01-01,2025-03-28,,snapshot_floor,,closed by ind_prs21022025.pdf
221,Nifty 500,SUNDRMFAST,2014-01-01,2025-03-28,,snapshot_floor,,closed by ind_prs21022025.pdf
221,Nifty 500,TVSSCS,2024-03-28,2025-03-28,,press_release,https://niftyindices.com/Press_Release/ind_prs28022024.pdf,closed by ind_prs21022025.pdf
221,Nifty 500,UJJIVANSFB,2023-09-29,2025-03-28,,press_release,https://niftyindices.com/Press_Release/ind_prs17082023.pdf,closed by ind_prs21022025.pdf
221,Nifty 500,VIPIND,2014-01-01,2025-03-28,,snapshot_floor,,closed by ind_prs21022025.pdf
221,Nifty 500,VARROC,2018-12-28,2025-03-28,,press_release,https://niftyindices.com/Press_Release/ind_prs14122018.pdf,closed by ind_prs21022025.pdf
221,Nifty 500,VINATIORGA,2024-09-30,2025-03-28,,press_release,https://niftyindices.com/Press_Release/ind_prs23082024.pdf,closed by ind_prs21022025.pdf
221,Nifty 500,QUESS,2014-01-01,2025-04-11,,snapshot_floor,,closed by ind_prs04042025_2.pdf
221,Nifty 500,PEL,2023-03-31,2025-09-23,,press_release,https://niftyindices.com/Press_Release/ind_prs17022023_1.pdf,closed by ind_prs15092025_1.pdf
221,Nifty 500,ALIVUS,2025-03-28,2025-09-30,,press_release,https://niftyindices.com/Press_Release/ind_prs21022025.pdf,closed by ind_prs22082025.pdf
221,Nifty 500,GNFC,2014-01-01,2025-09-30,,snapshot_floor,,closed by ind_prs22082025.pdf
221,Nifty 500,GPPL,2014-01-01,2025-09-30,,snapshot_floor,,closed by ind_prs22082025.pdf
221,Nifty 500,JSWHL,2025-03-28,2025-09-30,,press_release,https://niftyindices.com/Press_Release/ind_prs21022025.pdf,closed by ind_prs22082025.pdf
221,Nifty 500,JUSTDIAL,2014-01-01,2025-09-30,,snapshot_floor,,closed by ind_prs22082025.pdf
221,Nifty 500,KANSAINER,2014-01-01,2025-09-30,,snapshot_floor,,closed by ind_prs22082025.pdf
221,Nifty 500,KNRCON,2018-04-02,2025-09-30,,press_release,https://niftyindices.com/Press_Release/ind_prs21022018.pdf,closed by ind_prs22082025.pdf
221,Nifty 500,MASTEK,2021-09-30,2025-09-30,,press_release,https://niftyindices.com/Press_Release/ind_prs15092021.pdf,closed by ind_prs22082025.pdf
221,Nifty 500,NETWORK18,2020-11-02,2025-09-30,,press_release,https://niftyindices.com/Press_Release/ind_prs26102020.pdf,closed by ind_prs22082025.pdf
221,Nifty 500,PNCINFRA,2014-01-01,2025-09-30,,snapshot_floor,,closed by ind_prs22082025.pdf
221,Nifty 500,RTNINDIA,2022-03-31,2025-09-30,,press_release,https://niftyindices.com/Press_Release/ind_prs24022022_1.pdf,closed by ind_prs22082025.pdf
221,Nifty 500,RAYMONDLSL,2025-03-21,2025-09-30,,press_release,https://niftyindices.com/Press_Release/ind_prs17032025.pdf,closed by ind_prs22082025.pdf
221,Nifty 500,RAYMOND,2022-09-30,2025-09-30,,press_release,https://niftyindices.com/Press_Release/ind_prs01092022.pdf,closed by ind_prs22082025.pdf
221,Nifty 500,ROUTE,2021-03-31,2025-09-30,,press_release,https://niftyindices.com/Press_Release/ind_prs23022021.pdf,closed by ind_prs22082025.pdf
221,Nifty 500,RENUKA,2022-03-31,2025-09-30,,press_release,https://niftyindices.com/Press_Release/ind_prs24022022_1.pdf,closed by ind_prs22082025.pdf
221,Nifty 500,SWSOLAR,2020-03-27,2025-09-30,,press_release,https://niftyindices.com/Press_Release/ind_prs18022020.pdf,closed by ind_prs22082025.pdf
221,Nifty 500,TANLA,2021-03-31,2025-09-30,,press_release,https://niftyindices.com/Press_Release/ind_prs23022021.pdf,closed by ind_prs22082025.pdf
221,Nifty 500,WESTLIFE,2019-12-27,2025-09-30,,press_release,https://niftyindices.com/Press_Release/ind_prs16122019.pdf,closed by ind_prs22082025.pdf
221,Nifty 500,SKFINDIA,2014-01-01,2025-12-31,,snapshot_floor,,closed by ind_prs11122025.pdf
221,Nifty 500,AKUMS,2024-10-16,2026-03-30,,press_release,https://niftyindices.com/Press_Release/ind_prs10102024.pdf,closed by ind_prs23022026.pdf
221,Nifty 500,APLLTD,2014-01-01,2026-03-30,,snapshot_floor,,closed by ind_prs23022026.pdf
221,Nifty 500,ALKYLAMINE,2020-06-26,2026-03-30,,press_release,https://niftyindices.com/Press_Release/ind_prs10062020.pdf,closed by ind_prs23022026.pdf
221,Nifty 500,ALOKINDS,2023-09-29,2026-03-30,,press_release,https://niftyindices.com/Press_Release/ind_prs17082023.pdf,closed by ind_prs23022026.pdf
221,Nifty 500,ASTRAZEN,2024-03-28,2026-03-30,,press_release,https://niftyindices.com/Press_Release/ind_prs28022024.pdf,closed by ind_prs23022026.pdf
221,Nifty 500,BASF,2024-09-30,2026-03-30,,press_release,https://niftyindices.com/Press_Release/ind_prs23082024.pdf,closed by ind_prs23022026.pdf
221,Nifty 500,CAMPUS,2022-08-08,2026-03-30,,press_release,https://niftyindices.com/Press_Release/ind_prs11072022.pdf,closed by ind_prs23022026.pdf
221,Nifty 500,CENTURYPLY,2014-01-01,2026-03-30,,snapshot_floor,,closed by ind_prs23022026.pdf
221,Nifty 500,CERA,2014-01-01,2026-03-30,,snapshot_floor,,closed by ind_prs23022026.pdf
221,Nifty 500,AGARWALEYE,2025-09-30,2026-03-30,,press_release,https://niftyindices.com/Press_Release/ind_prs22082025.pdf,closed by ind_prs23022026.pdf
221,Nifty 500,FINPIPE,2014-01-01,2026-03-30,,snapshot_floor,,closed by ind_prs23022026.pdf
221,Nifty 500,GODREJAGRO,2024-09-30,2026-03-30,,press_release,https://niftyindices.com/Press_Release/ind_prs23082024.pdf,closed by ind_prs23022026.pdf
221,Nifty 500,GUJGASLTD,2014-01-01,2026-03-30,,snapshot_floor,,closed by ind_prs23022026.pdf
221,Nifty 500,HAPPSTMNDS,2021-03-31,2026-03-30,,press_release,https://niftyindices.com/Press_Release/ind_prs23022021.pdf,closed by ind_prs23022026.pdf
221,Nifty 500,INOXINDIA,2024-09-30,2026-03-30,,press_release,https://niftyindices.com/Press_Release/ind_prs23082024.pdf,closed by ind_prs23022026.pdf
221,Nifty 500,JYOTHYLAB,2014-01-01,2026-03-30,,snapshot_floor,,closed by ind_prs23022026.pdf
221,Nifty 500,KIRLOSBROS,2024-09-30,2026-03-30,,press_release,https://niftyindices.com/Press_Release/ind_prs23082024.pdf,closed by ind_prs23022026.pdf
221,Nifty 500,KSB,2025-09-30,2026-03-30,,press_release,https://niftyindices.com/Press_Release/ind_prs22082025.pdf,closed by ind_prs23022026.pdf
221,Nifty 500,MAHSCOOTER,2025-09-30,2026-03-30,,press_release,https://niftyindices.com/Press_Release/ind_prs22082025.pdf,closed by ind_prs23022026.pdf
221,Nifty 500,MAHSEAMLES,2024-03-28,2026-03-30,,press_release,https://niftyindices.com/Press_Release/ind_prs28022024.pdf,closed by ind_prs23022026.pdf
221,Nifty 500,METROPOLIS,2019-09-27,2026-03-30,,press_release,https://niftyindices.com/Press_Release/ind_prs28082019.pdf,closed by ind_prs23022026.pdf
221,Nifty 500,PRAJIND,2021-09-30,2026-03-30,,press_release,https://niftyindices.com/Press_Release/ind_prs15092021.pdf,closed by ind_prs23022026.pdf
221,Nifty 500,PGHH,2025-09-30,2026-03-30,,press_release,https://niftyindices.com/Press_Release/ind_prs22082025.pdf,closed by ind_prs23022026.pdf
221,Nifty 500,RCF,2014-01-01,2026-03-30,,snapshot_floor,,closed by ind_prs23022026.pdf
221,Nifty 500,RELINFRA,2025-09-23,2026-03-30,,press_release,https://niftyindices.com/Press_Release/ind_prs15092025_1.pdf,closed by ind_prs23022026.pdf
221,Nifty 500,SUNDRMFAST,2025-04-11,2026-03-30,,press_release,https://niftyindices.com/Press_Release/ind_prs04042025_2.pdf,closed by ind_prs23022026.pdf
221,Nifty 500,TRIVENI,2022-05-31,2026-03-30,,press_release,https://niftyindices.com/Press_Release/ind_prs24052022.pdf,closed by ind_prs23022026.pdf
221,Nifty 500,DBREALTY,2024-09-30,2026-03-30,,press_release,https://niftyindices.com/Press_Release/ind_prs23082024.pdf,closed by ind_prs23022026.pdf
221,Nifty 500,MANYAVAR,2022-09-30,2026-03-30,,press_release,https://niftyindices.com/Press_Release/ind_prs01092022.pdf,closed by ind_prs23022026.pdf
221,Nifty 500,VENTIVE,2025-09-30,2026-03-30,,press_release,https://niftyindices.com/Press_Release/ind_prs22082025.pdf,closed by ind_prs23022026.pdf
221,Nifty 500,VGUARD,2014-01-01,2026-03-30,,snapshot_floor,https://niftyindices.com/Press_Release/ind_prs23022026.pdf,orphan-exclude (no prior include in coverage)
221,Nifty 500,GSPL,2014-01-01,2026-05-12,,snapshot_floor,,closed by ind_prs04052026.pdf
221,Nifty 500,RELIANCE,2014-01-01,,,snapshot_floor,,
221,Nifty 500,SYNGENE,2014-01-01,,,snapshot_floor,,
221,Nifty 500,GODREJCP,2014-01-01,,,snapshot_floor,,
221,Nifty 500,SOBHA,2014-01-01,,,snapshot_floor,,
221,Nifty 500,IPCALAB,2014-01-01,,,snapshot_floor,,
221,Nifty 500,NBCC,2014-01-01,,,snapshot_floor,,
221,Nifty 500,3MINDIA,2014-01-01,,,snapshot_floor,,
221,Nifty 500,INDIACEM,2014-01-01,,,snapshot_floor,,
221,Nifty 500,NHPC,2014-01-01,,,snapshot_floor,,
221,Nifty 500,TMPV,2014-01-01,,,snapshot_floor,,
221,Nifty 500,JSWSTEEL,2014-01-01,,,snapshot_floor,,
221,Nifty 500,LUPIN,2014-01-01,,,snapshot_floor,,
221,Nifty 500,FSL,2014-01-01,,,snapshot_floor,,
221,Nifty 500,INDHOTEL,2014-01-01,,,snapshot_floor,,
221,Nifty 500,ASTERDM,2014-01-01,,,snapshot_floor,,
221,Nifty 500,ADANIENSOL,2014-01-01,,,snapshot_floor,,
221,Nifty 500,BATAINDIA,2014-01-01,,,snapshot_floor,,
221,Nifty 500,ACC,2014-01-01,,,snapshot_floor,,
221,Nifty 500,HEROMOTOCO,2014-01-01,,,snapshot_floor,,
221,Nifty 500,PRESTIGE,2014-01-01,,,snapshot_floor,,
221,Nifty 500,SHREECEM,2014-01-01,,,snapshot_floor,,
221,Nifty 500,APOLLOHOSP,2014-01-01,,,snapshot_floor,,
221,Nifty 500,EMAMILTD,2014-01-01,,,snapshot_floor,,
221,Nifty 500,CANBK,2014-01-01,,,snapshot_floor,,
221,Nifty 500,JUBLFOOD,2014-01-01,,,snapshot_floor,,
221,Nifty 500,UNITDSPR,2014-01-01,,,snapshot_floor,,
221,Nifty 500,ALKEM,2014-01-01,,,snapshot_floor,,
221,Nifty 500,RHIM,2014-01-01,,,snapshot_floor,,
221,Nifty 500,PFC,2014-01-01,,,snapshot_floor,,
221,Nifty 500,WELCORP,2014-01-01,,,snapshot_floor,,
221,Nifty 500,BRITANNIA,2014-01-01,,,snapshot_floor,,
221,Nifty 500,NLCINDIA,2014-01-01,,,snapshot_floor,,
221,Nifty 500,ABFRL,2014-01-01,,,snapshot_floor,,
221,Nifty 500,PNB,2014-01-01,,,snapshot_floor,,
221,Nifty 500,AUBANK,2014-01-01,,,snapshot_floor,,
221,Nifty 500,CYIENT,2014-01-01,,,snapshot_floor,,
221,Nifty 500,CENTRALBK,2014-01-01,,,snapshot_floor,,
221,Nifty 500,FINCABLES,2014-01-01,,,snapshot_floor,,
221,Nifty 500,DABUR,2014-01-01,,,snapshot_floor,,
221,Nifty 500,PAGEIND,2014-01-01,,,snapshot_floor,,
221,Nifty 500,TECHM,2014-01-01,,,snapshot_floor,,
221,Nifty 500,COCHINSHIP,2014-01-01,,,snapshot_floor,,
221,Nifty 500,MARUTI,2014-01-01,,,snapshot_floor,,
221,Nifty 500,GAIL,2014-01-01,,,snapshot_floor,,
221,Nifty 500,SIEMENS,2014-01-01,,,snapshot_floor,,
221,Nifty 500,SJVN,2014-01-01,,,snapshot_floor,,
221,Nifty 500,CEATLTD,2014-01-01,,,snapshot_floor,,
221,Nifty 500,TATAELXSI,2014-01-01,,,snapshot_floor,,
221,Nifty 500,LALPATHLAB,2014-01-01,,,snapshot_floor,,
221,Nifty 500,EIDPARRY,2014-01-01,,,snapshot_floor,,
221,Nifty 500,BHEL,2014-01-01,,,snapshot_floor,,
221,Nifty 500,ENGINERSIN,2014-01-01,,,snapshot_floor,,
221,Nifty 500,TCS,2014-01-01,,,snapshot_floor,,
221,Nifty 500,ITI,2014-01-01,,,snapshot_floor,,
221,Nifty 500,IOC,2014-01-01,,,snapshot_floor,,
221,Nifty 500,PIIND,2014-01-01,,,snapshot_floor,,
221,Nifty 500,GODFRYPHLP,2014-01-01,,,snapshot_floor,,
221,Nifty 500,HCLTECH,2014-01-01,,,snapshot_floor,,
221,Nifty 500,TRENT,2014-01-01,,,snapshot_floor,,
221,Nifty 500,BALRAMCHIN,2014-01-01,,,snapshot_floor,,
221,Nifty 500,ASHOKLEY,2014-01-01,,,snapshot_floor,,
221,Nifty 500,PNBHOUSING,2014-01-01,,,snapshot_floor,,
221,Nifty 500,FEDERALBNK,2014-01-01,,,snapshot_floor,,
221,Nifty 500,ASIANPAINT,2014-01-01,,,snapshot_floor,,
221,Nifty 500,BANKBARODA,2014-01-01,,,snapshot_floor,,
221,Nifty 500,DIVISLAB,2014-01-01,,,snapshot_floor,,
221,Nifty 500,KOTAKBANK,2014-01-01,,,snapshot_floor,,
221,Nifty 500,CUMMINSIND,2014-01-01,,,snapshot_floor,,
221,Nifty 500,CHOLAHLDNG,2014-01-01,,,snapshot_floor,,
221,Nifty 500,AMBUJACEM,2014-01-01,,,snapshot_floor,,
221,Nifty 500,COFORGE,2014-01-01,,,snapshot_floor,,
221,Nifty 500,GRANULES,2014-01-01,,,snapshot_floor,,
221,Nifty 500,TORNTPOWER,2014-01-01,,,snapshot_floor,,
221,Nifty 500,HAVELLS,2014-01-01,,,snapshot_floor,,
221,Nifty 500,NATCOPHARM,2014-01-01,,,snapshot_floor,,
221,Nifty 500,NTPC,2014-01-01,,,snapshot_floor,,
221,Nifty 500,SUZLON,2014-01-01,,,snapshot_floor,,
221,Nifty 500,BAJAJHLDNG,2014-01-01,,,snapshot_floor,,
221,Nifty 500,ARE&M,2014-01-01,,,snapshot_floor,,
221,Nifty 500,RADICO,2014-01-01,,,snapshot_floor,,
221,Nifty 500,CHAMBLFERT,2014-01-01,,,snapshot_floor,,
221,Nifty 500,TRIDENT,2014-01-01,,,snapshot_floor,,
221,Nifty 500,UNOMINDA,2014-01-01,,,snapshot_floor,,
221,Nifty 500,IOB,2014-01-01,,,snapshot_floor,,
221,Nifty 500,BIOCON,2014-01-01,,,snapshot_floor,,
221,Nifty 500,PERSISTENT,2014-01-01,,,snapshot_floor,,
221,Nifty 500,SONATSOFTW,2014-01-01,,,snapshot_floor,,
221,Nifty 500,ZEEL,2014-01-01,,,snapshot_floor,,
221,Nifty 500,MPHASIS,2014-01-01,,,snapshot_floor,,
221,Nifty 500,JBCHEPHARM,2014-01-01,,,snapshot_floor,,
221,Nifty 500,GESHIP,2014-01-01,,,snapshot_floor,,
221,Nifty 500,ITC,2014-01-01,,,snapshot_floor,,
221,Nifty 500,M&M,2014-01-01,,,snapshot_floor,,
221,Nifty 500,KPIL,2014-01-01,,,snapshot_floor,,
221,Nifty 500,GLAXO,2014-01-01,,,snapshot_floor,,
221,Nifty 500,JMFINANCIL,2014-01-01,,,snapshot_floor,,
221,Nifty 500,BHARATFORG,2014-01-01,,,snapshot_floor,,
221,Nifty 500,TATAPOWER,2014-01-01,,,snapshot_floor,,
221,Nifty 500,PCBL,2014-01-01,,,snapshot_floor,,
221,Nifty 500,IRB,2014-01-01,,,snapshot_floor,,
221,Nifty 500,LT,2014-01-01,,,snapshot_floor,,
221,Nifty 500,M&MFIN,2014-01-01,,,snapshot_floor,,
221,Nifty 500,CROMPTON,2014-01-01,,,snapshot_floor,,
221,Nifty 500,NATIONALUM,2014-01-01,,,snapshot_floor,,
221,Nifty 500,TVSMOTOR,2014-01-01,,,snapshot_floor,,
221,Nifty 500,MANAPPURAM,2014-01-01,,,snapshot_floor,,
221,Nifty 500,CUB,2014-01-01,,,snapshot_floor,,
221,Nifty 500,ONGC,2014-01-01,,,snapshot_floor,,
221,Nifty 500,APOLLOTYRE,2014-01-01,,,snapshot_floor,,
221,Nifty 500,TORNTPHARM,2014-01-01,,,snapshot_floor,,
221,Nifty 500,ANGELONE,2014-01-01,,,snapshot_floor,,
221,Nifty 500,THERMAX,2014-01-01,,,snapshot_floor,,
221,Nifty 500,AXISBANK,2014-01-01,,,snapshot_floor,,
221,Nifty 500,REDINGTON,2014-01-01,,,snapshot_floor,,
221,Nifty 500,MARICO,2014-01-01,,,snapshot_floor,,
221,Nifty 500,ICICIPRULI,2014-01-01,,,snapshot_floor,,
221,Nifty 500,MMTC,2014-01-01,,,snapshot_floor,,
221,Nifty 500,LTTS,2014-01-01,,,snapshot_floor,,
221,Nifty 500,INDIGO,2014-01-01,,,snapshot_floor,,
221,Nifty 500,DMART,2014-01-01,,,snapshot_floor,,
221,Nifty 500,NAUKRI,2014-01-01,,,snapshot_floor,,
221,Nifty 500,CRISIL,2014-01-01,,,snapshot_floor,,
221,Nifty 500,TATACONSUM,2014-01-01,,,snapshot_floor,,
221,Nifty 500,BOSCHLTD,2014-01-01,,,snapshot_floor,,
221,Nifty 500,KEC,2014-01-01,,,snapshot_floor,,
221,Nifty 500,BDL,2014-01-01,,,snapshot_floor,,
221,Nifty 500,NH,2014-01-01,,,snapshot_floor,,
221,Nifty 500,BERGEPAINT,2014-01-01,,,snapshot_floor,,
221,Nifty 500,BAJFINANCE,2014-01-01,,,snapshot_floor,,
221,Nifty 500,APLAPOLLO,2014-01-01,,,snapshot_floor,,
221,Nifty 500,RECLTD,2014-01-01,,,snapshot_floor,,
221,Nifty 500,COLPAL,2014-01-01,,,snapshot_floor,,
221,Nifty 500,ZYDUSLIFE,2014-01-01,,,snapshot_floor,,
221,Nifty 500,COHANCE,2014-01-01,,,snapshot_floor,,
221,Nifty 500,JSL,2014-01-01,,,snapshot_floor,,
221,Nifty 500,AEGISLOG,2014-01-01,,,snapshot_floor,,
221,Nifty 500,BPCL,2014-01-01,,,snapshot_floor,,
221,Nifty 500,HUDCO,2014-01-01,,,snapshot_floor,,
221,Nifty 500,HDFCBANK,2014-01-01,,,snapshot_floor,,
221,Nifty 500,HINDZINC,2014-01-01,,,snapshot_floor,,
221,Nifty 500,BLUEDART,2014-01-01,,,snapshot_floor,,
221,Nifty 500,PETRONET,2014-01-01,,,snapshot_floor,,
221,Nifty 500,ASTRAL,2014-01-01,,,snapshot_floor,,
221,Nifty 500,AUROPHARMA,2014-01-01,,,snapshot_floor,,
221,Nifty 500,NCC,2014-01-01,,,snapshot_floor,,
221,Nifty 500,UNIONBANK,2014-01-01,,,snapshot_floor,,
221,Nifty 500,JSWENERGY,2014-01-01,,,snapshot_floor,,
221,Nifty 500,SBIN,2014-01-01,,,snapshot_floor,,
221,Nifty 500,HBLENGINE,2014-01-01,,,snapshot_floor,,
221,Nifty 500,NAVINFLUOR,2014-01-01,,,snapshot_floor,,
221,Nifty 500,SUNPHARMA,2014-01-01,,,snapshot_floor,,
221,Nifty 500,INDUSINDBK,2014-01-01,,,snapshot_floor,,
221,Nifty 500,BANKINDIA,2014-01-01,,,snapshot_floor,,
221,Nifty 500,JINDALSTEL,2014-01-01,,,snapshot_floor,,
221,Nifty 500,HINDALCO,2014-01-01,,,snapshot_floor,,
221,Nifty 500,MRPL,2014-01-01,,,snapshot_floor,,
221,Nifty 500,MGL,2014-01-01,,,snapshot_floor,,
221,Nifty 500,HINDPETRO,2014-01-01,,,snapshot_floor,,
221,Nifty 500,GLENMARK,2014-01-01,,,snapshot_floor,,
221,Nifty 500,GODREJIND,2014-01-01,,,snapshot_floor,,
221,Nifty 500,SAIL,2014-01-01,,,snapshot_floor,,
221,Nifty 500,LICHSGFIN,2014-01-01,,,snapshot_floor,,
221,Nifty 500,IGL,2014-01-01,,,snapshot_floor,,
221,Nifty 500,BBTC,2014-01-01,,,snapshot_floor,,
221,Nifty 500,INDIANB,2014-01-01,,,snapshot_floor,,
221,Nifty 500,COALINDIA,2014-01-01,,,snapshot_floor,,
221,Nifty 500,EIHOTEL,2014-01-01,,,snapshot_floor,,
221,Nifty 500,AJANTPHARM,2014-01-01,,,snapshot_floor,,
221,Nifty 500,BSE,2014-01-01,,,snapshot_floor,,
221,Nifty 500,UPL,2014-01-01,,,snapshot_floor,,
221,Nifty 500,EXIDEIND,2014-01-01,,,snapshot_floor,,
221,Nifty 500,SUNTV,2014-01-01,,,snapshot_floor,,
221,Nifty 500,IDFCFIRSTB,2014-01-01,,,snapshot_floor,,
221,Nifty 500,SAMMAANCAP,2014-01-01,,,snapshot_floor,,
221,Nifty 500,HINDCOPPER,2014-01-01,,,snapshot_floor,,
221,Nifty 500,SCHAEFFLER,2014-01-01,,,snapshot_floor,,
221,Nifty 500,GODREJPROP,2014-01-01,,,snapshot_floor,,
221,Nifty 500,MOTILALOFS,2014-01-01,,,snapshot_floor,,
221,Nifty 500,IDBI,2014-01-01,,,snapshot_floor,,
221,Nifty 500,BAJAJFINSV,2014-01-01,,,snapshot_floor,,
221,Nifty 500,360ONE,2014-01-01,,,snapshot_floor,,
221,Nifty 500,TATASTEEL,2014-01-01,,,snapshot_floor,,
221,Nifty 500,SOLARINDS,2014-01-01,,,snapshot_floor,,
221,Nifty 500,CCL,2014-01-01,,,snapshot_floor,,
221,Nifty 500,ECLERX,2014-01-01,,,snapshot_floor,,
221,Nifty 500,BEL,2014-01-01,,,snapshot_floor,,
221,Nifty 500,ESCORTS,2014-01-01,,,snapshot_floor,,
221,Nifty 500,SWANCORP,2014-01-01,,,snapshot_floor,,
221,Nifty 500,CIPLA,2014-01-01,,,snapshot_floor,,
221,Nifty 500,DRREDDY,2014-01-01,,,snapshot_floor,,
221,Nifty 500,OFSS,2014-01-01,,,snapshot_floor,,
221,Nifty 500,VOLTAS,2014-01-01,,,snapshot_floor,,
221,Nifty 500,TIINDIA,2014-01-01,,,snapshot_floor,,
221,Nifty 500,PHOENIXLTD,2014-01-01,,,snapshot_floor,,
221,Nifty 500,ATUL,2014-01-01,,,snapshot_floor,,
221,Nifty 500,GVT&D,2014-01-01,,,snapshot_floor,,
221,Nifty 500,WHIRLPOOL,2014-01-01,,,snapshot_floor,,
221,Nifty 500,HINDUNILVR,2014-01-01,,,snapshot_floor,,
221,Nifty 500,HFCL,2014-01-01,,,snapshot_floor,,
221,Nifty 500,CARBORUNIV,2014-01-01,,,snapshot_floor,,
221,Nifty 500,BLUESTARCO,2014-01-01,,,snapshot_floor,,
221,Nifty 500,SRF,2014-01-01,,,snapshot_floor,,
221,Nifty 500,BHARTIARTL,2014-01-01,,,snapshot_floor,,
221,Nifty 500,WELSPUNLIV,2014-01-01,,,snapshot_floor,,
221,Nifty 500,CHOLAFIN,2014-01-01,,,snapshot_floor,,
221,Nifty 500,JSWDULUX,2014-01-01,,,snapshot_floor,,
221,Nifty 500,SHRIRAMFIN,2014-01-01,,,snapshot_floor,,
221,Nifty 500,EICHERMOT,2014-01-01,,,snapshot_floor,,
221,Nifty 500,TITAN,2014-01-01,,,snapshot_floor,,
221,Nifty 500,RAMCOCEM,2014-01-01,,,snapshot_floor,,
221,Nifty 500,UBL,2014-01-01,,,snapshot_floor,,
221,Nifty 500,OIL,2014-01-01,,,snapshot_floor,,
221,Nifty 500,VBL,2014-01-01,,,snapshot_floor,,
221,Nifty 500,ENDURANCE,2014-01-01,,,snapshot_floor,,
221,Nifty 500,BALKRISIND,2014-01-01,,,snapshot_floor,,
221,Nifty 500,KAJARIACER,2014-01-01,,,snapshot_floor,,
221,Nifty 500,VTL,2014-01-01,,,snapshot_floor,,
221,Nifty 500,SUPREMEIND,2014-01-01,,,snapshot_floor,,
221,Nifty 500,POWERGRID,2014-01-01,,,snapshot_floor,,
221,Nifty 500,ABREL,2014-01-01,,,snapshot_floor,,
221,Nifty 500,CASTROLIND,2014-01-01,,,snapshot_floor,,
221,Nifty 500,ZFCVINDIA,2014-01-01,,,snapshot_floor,,
221,Nifty 500,RBLBANK,2014-01-01,,,snapshot_floor,,
221,Nifty 500,ULTRACEMCO,2014-01-01,,,snapshot_floor,,
221,Nifty 500,MRF,2014-01-01,,,snapshot_floor,,
221,Nifty 500,KARURVYSYA,2014-01-01,,,snapshot_floor,,
221,Nifty 500,WIPRO,2014-01-01,,,snapshot_floor,,
221,Nifty 500,PIDILITIND,2014-01-01,,,snapshot_floor,,
221,Nifty 500,ICICIBANK,2014-01-01,,,snapshot_floor,,
221,Nifty 500,MUTHOOTFIN,2014-01-01,,,snapshot_floor,,
221,Nifty 500,INDUSTOWER,2014-01-01,,,snapshot_floor,,
221,Nifty 500,INFY,2014-01-01,,,snapshot_floor,,
221,Nifty 500,LAURUSLABS,2014-01-01,,,snapshot_floor,,
221,Nifty 500,CONCOR,2014-01-01,,,snapshot_floor,,
221,Nifty 500,TIMKEN,2014-01-01,,,snapshot_floor,,
221,Nifty 500,JKCEMENT,2014-01-01,,,snapshot_floor,,
221,Nifty 500,AIAENG,2014-01-01,,,snapshot_floor,,
221,Nifty 500,CANFINHOME,2014-01-01,,,snapshot_floor,,
221,Nifty 500,BAJAJ-AUTO,2014-01-01,,,snapshot_floor,,
221,Nifty 500,COROMANDEL,2014-01-01,,,snapshot_floor,,
221,Nifty 500,LTF,2014-01-01,,,snapshot_floor,,
221,Nifty 500,MFSL,2014-01-01,,,snapshot_floor,,
221,Nifty 500,BRIGADE,2014-01-01,,,snapshot_floor,,
221,Nifty 500,DLF,2014-01-01,,,snapshot_floor,,
221,Nifty 500,OBEROIRLTY,2014-01-01,,,snapshot_floor,,
221,Nifty 500,ADANIPORTS,2014-01-01,,,snapshot_floor,,
221,Nifty 500,ABCAPITAL,2018-04-02,,,press_release,https://niftyindices.com/Press_Release/ind_prs21022018.pdf,
221,Nifty 500,CDSL,2018-04-02,,,press_release,https://niftyindices.com/Press_Release/ind_prs21022018.pdf,
221,Nifty 500,DIXON,2018-04-02,,,press_release,https://niftyindices.com/Press_Release/ind_prs21022018.pdf,
221,Nifty 500,GICRE,2018-04-02,,,press_release,https://niftyindices.com/Press_Release/ind_prs21022018.pdf,
221,Nifty 500,GRAPHITE,2018-04-02,,,press_release,https://niftyindices.com/Press_Release/ind_prs21022018.pdf,
221,Nifty 500,GRASIM,2018-04-02,,,press_release,https://niftyindices.com/Press_Release/ind_prs21022018.pdf,
221,Nifty 500,HEG,2018-04-02,,,press_release,https://niftyindices.com/Press_Release/ind_prs21022018.pdf,
221,Nifty 500,HONAUT,2018-04-02,,,press_release,https://niftyindices.com/Press_Release/ind_prs21022018.pdf,
221,Nifty 500,ICICIGI,2018-04-02,,,press_release,https://niftyindices.com/Press_Release/ind_prs21022018.pdf,
221,Nifty 500,IEX,2018-04-02,,,press_release,https://niftyindices.com/Press_Release/ind_prs21022018.pdf,
221,Nifty 500,SBILIFE,2018-04-02,,,press_release,https://niftyindices.com/Press_Release/ind_prs21022018.pdf,
221,Nifty 500,BANDHANBNK,2018-09-28,,,press_release,https://niftyindices.com/Press_Release/ind_prs28082018.pdf,
221,Nifty 500,ELGIEQUIP,2018-09-28,,,press_release,https://niftyindices.com/Press_Release/ind_prs28082018.pdf,
221,Nifty 500,HDFCLIFE,2018-09-28,,,press_release,https://niftyindices.com/Press_Release/ind_prs28082018.pdf,
221,Nifty 500,HAL,2018-09-28,,,press_release,https://niftyindices.com/Press_Release/ind_prs28082018.pdf,
221,Nifty 500,LINDEINDIA,2018-09-28,,,press_release,https://niftyindices.com/Press_Release/ind_prs28082018.pdf,
221,Nifty 500,PHILIPCARB,2018-09-28,2018-09-30,,press_release,https://niftyindices.com/Press_Release/ind_prs28082018.pdf,"inferred-exclude: not in NSE current snapshot, no PR found (closed at next semi-annual review)"
221,Nifty 500,NAM-INDIA,2018-09-28,,,press_release,https://niftyindices.com/Press_Release/ind_prs28082018.pdf,
221,Nifty 500,SUNDARMFIN,2018-09-28,,,press_release,https://niftyindices.com/Press_Release/ind_prs28082018.pdf,
221,Nifty 500,NIACL,2018-09-28,,,press_release,https://niftyindices.com/Press_Release/ind_prs28082018.pdf,
221,Nifty 500,ZENSARTECH,2018-09-28,,,press_release,https://niftyindices.com/Press_Release/ind_prs28082018.pdf,
221,Nifty 500,ADANIGREEN,2018-12-28,,,press_release,https://niftyindices.com/Press_Release/ind_prs14122018.pdf,
221,Nifty 500,FORTIS,2018-12-28,,,press_release,https://niftyindices.com/Press_Release/ind_prs14122018.pdf,
221,Nifty 500,RITES,2018-12-28,,,press_release,https://niftyindices.com/Press_Release/ind_prs14122018.pdf,
221,Nifty 500,CREDITACC,2019-01-28,,,press_release,https://niftyindices.com/Press_Release/ind_prs21012019.pdf,
221,Nifty 500,AAVAS,2019-03-29,,,press_release,https://niftyindices.com/Press_Release/ind_prs25022019.pdf,
221,Nifty 500,MAHABANK,2019-03-29,,,press_release,https://niftyindices.com/Press_Release/ind_prs25022019.pdf,
221,Nifty 500,CESC,2019-03-29,,,press_release,https://niftyindices.com/Press_Release/ind_prs25022019.pdf,
221,Nifty 500,DEEPAKNTR,2019-03-29,,,press_release,https://niftyindices.com/Press_Release/ind_prs25022019.pdf,
221,Nifty 500,HDFCAMC,2019-03-29,,,press_release,https://niftyindices.com/Press_Release/ind_prs25022019.pdf,
221,Nifty 500,KEI,2019-03-29,,,press_release,https://niftyindices.com/Press_Release/ind_prs25022019.pdf,
221,Nifty 500,DALBHARAT,2019-06-28,,,press_release,https://niftyindices.com/Press_Release/ind_prs13062019.pdf,
221,Nifty 500,IIFL,2019-09-27,,,press_release,https://niftyindices.com/Press_Release/ind_prs17092019.pdf,
221,Nifty 500,ABBOTINDIA,2019-09-27,,,press_release,https://niftyindices.com/Press_Release/ind_prs28082019.pdf,
221,Nifty 500,ATGL,2019-09-27,,,press_release,https://niftyindices.com/Press_Release/ind_prs28082019.pdf,
221,Nifty 500,AMBER,2019-09-27,,,press_release,https://niftyindices.com/Press_Release/ind_prs28082019.pdf,
221,Nifty 500,BAYERCROP,2019-09-27,,,press_release,https://niftyindices.com/Press_Release/ind_prs28082019.pdf,
221,Nifty 500,BSOFT,2019-09-27,,,press_release,https://niftyindices.com/Press_Release/ind_prs28082019.pdf,
221,Nifty 500,JCHAC,2019-09-27,2019-09-30,,press_release,https://niftyindices.com/Press_Release/ind_prs28082019.pdf,"inferred-exclude: not in NSE current snapshot, no PR found (closed at next semi-annual review)"
221,Nifty 500,MCX,2019-09-27,,,press_release,https://niftyindices.com/Press_Release/ind_prs28082019.pdf,
221,Nifty 500,NESTLEIND,2019-09-27,,,press_release,https://niftyindices.com/Press_Release/ind_prs28082019.pdf,
221,Nifty 500,ORIENTREF,2019-09-27,2019-09-30,,press_release,https://niftyindices.com/Press_Release/ind_prs28082019.pdf,"inferred-exclude: not in NSE current snapshot, no PR found (closed at next semi-annual review)"
221,Nifty 500,POLYCAB,2019-09-27,,,press_release,https://niftyindices.com/Press_Release/ind_prs28082019.pdf,
221,Nifty 500,RVNL,2019-09-27,,,press_release,https://niftyindices.com/Press_Release/ind_prs28082019.pdf,
221,Nifty 500,AFFLE,2019-12-26,,,press_release,https://niftyindices.com/Press_Release/ind_prs18122019.pdf,
221,Nifty 500,INDIAMART,2019-12-27,,,press_release,https://niftyindices.com/Press_Release/ind_prs16122019.pdf,
221,Nifty 500,CENTURYTEX,2020-06-26,2020-09-30,,press_release,https://niftyindices.com/Press_Release/ind_prs10062020.pdf,"inferred-exclude: not in NSE current snapshot, no PR found (closed at next semi-annual review)"
221,Nifty 500,FSC,2020-03-27,2020-03-31,,press_release,https://niftyindices.com/Press_Release/ind_prs18022020.pdf,"inferred-exclude: not in NSE current snapshot, no PR found (closed at next semi-annual review)"
221,Nifty 500,FLUOROCHEM,2020-06-26,,,press_release,https://niftyindices.com/Press_Release/ind_prs10062020.pdf,
221,Nifty 500,IIFLWAM,2020-06-26,2020-09-30,,press_release,https://niftyindices.com/Press_Release/ind_prs10062020.pdf,"inferred-exclude: not in NSE current snapshot, no PR found (closed at next semi-annual review)"
221,Nifty 500,IRCTC,2020-06-26,,,press_release,https://niftyindices.com/Press_Release/ind_prs10062020.pdf,
221,Nifty 500,TATACOMM,2020-06-26,,,press_release,https://niftyindices.com/Press_Release/ind_prs10062020.pdf,
221,Nifty 500,ABB,2020-06-26,,,press_release,https://niftyindices.com/Press_Release/ind_prs10062020.pdf,
221,Nifty 500,POLYMED,2020-06-26,,,press_release,https://niftyindices.com/Press_Release/ind_prs10062020.pdf,
221,Nifty 500,SUMICHEM,2020-06-26,,,press_release,https://niftyindices.com/Press_Release/ind_prs10062020.pdf,
221,Nifty 500,SBICARD,2020-07-31,,,press_release,https://niftyindices.com/Press_Release/ind_prs02072020_1.pdf,
221,Nifty 500,POWERINDIA,2020-09-25,,,press_release,https://niftyindices.com/Press_Release/ind_prs20082020.pdf,
221,Nifty 500,ADANIENT,2020-09-25,,,press_release,https://niftyindices.com/Press_Release/ind_prs20082020.pdf,
221,Nifty 500,CHALET,2020-09-25,,,press_release,https://niftyindices.com/Press_Release/ind_prs20082020.pdf,
221,Nifty 500,PAPERPROD,2020-09-25,2020-09-30,,press_release,https://niftyindices.com/Press_Release/ind_prs20082020.pdf,"inferred-exclude: not in NSE current snapshot, no PR found (closed at next semi-annual review)"
221,Nifty 500,SUVENPHAR,2020-09-25,2020-09-30,,press_release,https://niftyindices.com/Press_Release/ind_prs20082020.pdf,"inferred-exclude: not in NSE current snapshot, no PR found (closed at next semi-annual review)"
221,Nifty 500,TATACHEM,2020-09-25,,,press_release,https://niftyindices.com/Press_Release/ind_prs20082020.pdf,
221,Nifty 500,YESBANK,2020-09-25,,,press_release,https://niftyindices.com/Press_Release/ind_prs20082020.pdf,
221,Nifty 500,MAHINDCIE,2020-11-25,2021-03-31,,press_release,https://niftyindices.com/Press_Release/ind_prs18112020.pdf,"inferred-exclude: not in NSE current snapshot, no PR found (closed at next semi-annual review)"
221,Nifty 500,ANGELBRKG,2021-03-31,2021-09-30,,press_release,https://niftyindices.com/Press_Release/ind_prs23022021.pdf,"inferred-exclude: not in NSE current snapshot, no PR found (closed at next semi-annual review)"
221,Nifty 500,ASAHIINDIA,2021-03-31,,,press_release,https://niftyindices.com/Press_Release/ind_prs23022021.pdf,
221,Nifty 500,CAMS,2021-03-31,,,press_release,https://niftyindices.com/Press_Release/ind_prs23022021.pdf,
221,Nifty 500,INTELLECT,2021-03-31,,,press_release,https://niftyindices.com/Press_Release/ind_prs23022021.pdf,
221,Nifty 500,KPRMILL,2021-03-31,,,press_release,https://niftyindices.com/Press_Release/ind_prs23022021.pdf,
221,Nifty 500,KPITTECH,2021-03-31,,,press_release,https://niftyindices.com/Press_Release/ind_prs23022021.pdf,
221,Nifty 500,MAXHEALTH,2021-03-31,,,press_release,https://niftyindices.com/Press_Release/ind_prs23022021.pdf,
221,Nifty 500,MAZDOCK,2021-03-31,,,press_release,https://niftyindices.com/Press_Release/ind_prs23022021.pdf,
221,Nifty 500,TRITURBINE,2021-03-31,,,press_release,https://niftyindices.com/Press_Release/ind_prs23022021.pdf,
221,Nifty 500,UTIAMC,2021-03-31,,,press_release,https://niftyindices.com/Press_Release/ind_prs23022021.pdf,
221,Nifty 500,VEDL,2021-03-31,,,press_release,https://niftyindices.com/Press_Release/ind_prs23022021.pdf,
221,Nifty 500,GLAND,2021-06-30,,,press_release,https://niftyindices.com/Press_Release/ind_prs15062021.pdf,
221,Nifty 500,CGPOWER,2021-09-30,,,press_release,https://niftyindices.com/Press_Release/ind_prs15092021.pdf,
221,Nifty 500,FACT,2021-09-30,,,press_release,https://niftyindices.com/Press_Release/ind_prs23082021.pdf,
221,Nifty 500,HOMEFIRST,2021-09-30,,,press_release,https://niftyindices.com/Press_Release/ind_prs15092021.pdf,
221,Nifty 500,IRFC,2021-09-30,,,press_release,https://niftyindices.com/Press_Release/ind_prs23082021.pdf,
221,Nifty 500,JUBLINGREA,2021-09-30,,,press_release,https://niftyindices.com/Press_Release/ind_prs15092021.pdf,
221,Nifty 500,JUBLPHARMA,2021-09-30,,,press_release,https://niftyindices.com/Press_Release/ind_prs15092021.pdf,
221,Nifty 500,KALYANKJIL,2021-09-30,,,press_release,https://niftyindices.com/Press_Release/ind_prs15092021.pdf,
221,Nifty 500,LODHA,2021-09-30,,,press_release,https://niftyindices.com/Press_Release/ind_prs15092021.pdf,
221,Nifty 500,POONAWALLA,2021-09-30,,,press_release,https://niftyindices.com/Press_Release/ind_prs15092021.pdf,
221,Nifty 500,TTML,2021-09-30,,,press_release,https://niftyindices.com/Press_Release/ind_prs15092021.pdf,
221,Nifty 500,SONACOMS,2021-10-29,,,press_release,https://niftyindices.com/Press_Release/ind_prs22102021.pdf,
221,Nifty 500,APTUS,2022-03-31,,,press_release,https://niftyindices.com/Press_Release/ind_prs24022022_1.pdf,
221,Nifty 500,MAPMYINDIA,2022-03-31,,,press_release,https://niftyindices.com/Press_Release/ind_prs24022022_1.pdf,
221,Nifty 500,CLEAN,2022-03-31,,,press_release,https://niftyindices.com/Press_Release/ind_prs24022022_1.pdf,
221,Nifty 500,DEVYANI,2022-03-31,,,press_release,https://niftyindices.com/Press_Release/ind_prs24022022_1.pdf,
221,Nifty 500,NYKAA,2022-03-31,,,press_release,https://niftyindices.com/Press_Release/ind_prs24022022_1.pdf,
221,Nifty 500,KIMS,2022-03-31,,,press_release,https://niftyindices.com/Press_Release/ind_prs24022022_1.pdf,
221,Nifty 500,LATENTVIEW,2022-03-31,,,press_release,https://niftyindices.com/Press_Release/ind_prs24022022_1.pdf,
221,Nifty 500,PAYTM,2022-03-31,,,press_release,https://niftyindices.com/Press_Release/ind_prs24022022_1.pdf,
221,Nifty 500,POLICYBZR,2022-03-31,,,press_release,https://niftyindices.com/Press_Release/ind_prs24022022_1.pdf,
221,Nifty 500,SAPPHIRE,2022-03-31,,,press_release,https://niftyindices.com/Press_Release/ind_prs24022022_1.pdf,
221,Nifty 500,SHYAMMETL,2022-03-31,,,press_release,https://niftyindices.com/Press_Release/ind_prs24022022_1.pdf,
221,Nifty 500,STARHEALTH,2022-03-31,,,press_release,https://niftyindices.com/Press_Release/ind_prs24022022_1.pdf,
221,Nifty 500,TATAINVEST,2022-03-31,,,press_release,https://niftyindices.com/Press_Release/ind_prs24022022_1.pdf,
221,Nifty 500,VIJAYA,2022-03-31,,,press_release,https://niftyindices.com/Press_Release/ind_prs24022022_1.pdf,
221,Nifty 500,ETERNAL,2022-03-31,,,press_release,https://niftyindices.com/Press_Release/ind_prs24022022_1.pdf,
221,Nifty 500,CGCL,2022-04-12,,,press_release,https://niftyindices.com/Press_Release/ind_prs05042022_1.pdf,
221,Nifty 500,GMRAIRPORT,2022-05-04,,,press_release,https://niftyindices.com/Press_Release/ind_prs05042022.pdf,
221,Nifty 500,DELHIVERY,2022-08-08,,,press_release,https://niftyindices.com/Press_Release/ind_prs11072022.pdf,
221,Nifty 500,LICI,2022-08-08,,,press_release,https://niftyindices.com/Press_Release/ind_prs11072022.pdf,
221,Nifty 500,AWL,2022-09-30,,,press_release,https://niftyindices.com/Press_Release/ind_prs01092022.pdf,
221,Nifty 500,DEEPAKFERT,2022-09-30,,,press_release,https://niftyindices.com/Press_Release/ind_prs01092022.pdf,
221,Nifty 500,JBMA,2022-09-30,,,press_release,https://niftyindices.com/Press_Release/ind_prs01092022.pdf,
221,Nifty 500,MOTHERSON,2022-09-30,,,press_release,https://niftyindices.com/Press_Release/ind_prs01092022.pdf,
221,Nifty 500,OLECTRA,2022-09-30,,,press_release,https://niftyindices.com/Press_Release/ind_prs01092022.pdf,
221,Nifty 500,PATANJALI,2022-09-30,,,press_release,https://niftyindices.com/Press_Release/ind_prs01092022.pdf,
221,Nifty 500,SWANENERGY,2022-09-30,2023-03-31,,press_release,https://niftyindices.com/Press_Release/ind_prs01092022.pdf,"inferred-exclude: not in NSE current snapshot, no PR found (closed at next semi-annual review)"
221,Nifty 500,TEJASNET,2022-09-30,,,press_release,https://niftyindices.com/Press_Release/ind_prs01092022.pdf,
221,Nifty 500,LTM,2022-11-14,,,merger,https://www.nseindia.com/companies-listing/corporate-filings-actions,
221,Nifty 500,BEML,2022-12-30,,,press_release,https://niftyindices.com/Press_Release/ind_prs06122022.pdf,
221,Nifty 500,LEMONTREE,2022-12-30,,,press_release,https://niftyindices.com/Press_Release/ind_prs06122022.pdf,
221,Nifty 500,UCOBANK,2022-12-30,,,press_release,https://niftyindices.com/Press_Release/ind_prs06122022.pdf,
221,Nifty 500,RAINBOW,2022-12-30,,,press_release,https://niftyindices.com/Press_Release/ind_prs22122022.pdf,
221,Nifty 500,PVRINOX,2023-02-06,,,merger,https://www.nseindia.com/companies-listing/corporate-filings-actions,
221,Nifty 500,PPLPHARMA,2023-02-17,,,press_release,https://niftyindices.com/Press_Release/ind_prs09022023_1.pdf,
221,Nifty 500,AARTIIND,2023-03-31,,,press_release,https://niftyindices.com/Press_Release/ind_prs17022023_1.pdf,
221,Nifty 500,ADANIPOWER,2023-03-31,,,press_release,https://niftyindices.com/Press_Release/ind_prs17022023_1.pdf,
221,Nifty 500,APARINDS,2023-03-31,,,press_release,https://niftyindices.com/Press_Release/ind_prs17022023_1.pdf,
221,Nifty 500,BIKAJI,2023-03-31,,,press_release,https://niftyindices.com/Press_Release/ind_prs17022023_1.pdf,
221,Nifty 500,BLS,2023-03-31,,,press_release,https://niftyindices.com/Press_Release/ind_prs17022023_1.pdf,
221,Nifty 500,CRAFTSMAN,2023-03-31,,,press_release,https://niftyindices.com/Press_Release/ind_prs17022023_1.pdf,
221,Nifty 500,DATAPATTNS,2023-03-31,,,press_release,https://niftyindices.com/Press_Release/ind_prs17022023_1.pdf,
221,Nifty 500,FIVESTAR,2023-03-31,,,press_release,https://niftyindices.com/Press_Release/ind_prs17022023_1.pdf,
221,Nifty 500,MEDANTA,2023-03-31,,,press_release,https://niftyindices.com/Press_Release/ind_prs17022023_1.pdf,
221,Nifty 500,KFINTECH,2023-03-31,,,press_release,https://niftyindices.com/Press_Release/ind_prs17022023_1.pdf,
221,Nifty 500,MFL,2023-03-31,2023-09-30,,press_release,https://niftyindices.com/Press_Release/ind_prs17022023_1.pdf,"inferred-exclude: not in NSE current snapshot, no PR found (closed at next semi-annual review)"
221,Nifty 500,NMDC,2023-03-31,,,press_release,https://niftyindices.com/Press_Release/ind_prs17022023_1.pdf,
221,Nifty 500,ERIS,2023-04-28,,,press_release,https://niftyindices.com/Press_Release/ind_prs19042023_1.pdf,
221,Nifty 500,NSLNISP,2023-04-28,,,press_release,https://niftyindices.com/Press_Release/ind_prs19042023_1.pdf,
221,Nifty 500,MANKIND,2023-07-13,,,press_release,https://niftyindices.com/Press_Release/ind_prs04072023.pdf,
221,Nifty 500,GILLETTE,2023-09-29,,,press_release,https://niftyindices.com/Press_Release/ind_prs17082023.pdf,
221,Nifty 500,GPIL,2023-09-29,,,press_release,https://niftyindices.com/Press_Release/ind_prs17082023.pdf,
221,Nifty 500,IRCON,2023-09-29,,,press_release,https://niftyindices.com/Press_Release/ind_prs17082023.pdf,
221,Nifty 500,JINDALSAW,2023-09-29,,,press_release,https://niftyindices.com/Press_Release/ind_prs17082023.pdf,
221,Nifty 500,KAYNES,2023-09-29,,,press_release,https://niftyindices.com/Press_Release/ind_prs17082023.pdf,
221,Nifty 500,MINDACORP,2023-09-29,,,press_release,https://niftyindices.com/Press_Release/ind_prs17082023.pdf,
221,Nifty 500,SAREGAMA,2023-09-29,,,press_release,https://niftyindices.com/Press_Release/ind_prs17082023.pdf,
221,Nifty 500,SYRMA,2023-09-29,,,press_release,https://niftyindices.com/Press_Release/ind_prs17082023.pdf,
221,Nifty 500,USHAMART,2023-09-29,,,press_release,https://niftyindices.com/Press_Release/ind_prs17082023.pdf,
221,Nifty 500,CONCORDBIO,2023-10-26,,,press_release,https://niftyindices.com/Press_Release/ind_prs17102023.pdf,
221,Nifty 500,ACE,2024-03-28,,,press_release,https://niftyindices.com/Press_Release/ind_prs28022024.pdf,
221,Nifty 500,ANANDRATHI,2024-03-28,,,press_release,https://niftyindices.com/Press_Release/ind_prs28022024.pdf,
221,Nifty 500,CAPLIPOINT,2024-03-28,,,press_release,https://niftyindices.com/Press_Release/ind_prs28022024.pdf,
221,Nifty 500,CHENNPETRO,2024-03-28,,,press_release,https://niftyindices.com/Press_Release/ind_prs28022024.pdf,
221,Nifty 500,DOMS,2024-03-28,,,press_release,https://niftyindices.com/Press_Release/ind_prs28022024.pdf,
221,Nifty 500,ELECON,2024-03-28,,,press_release,https://niftyindices.com/Press_Release/ind_prs28022024.pdf,
221,Nifty 500,GRSE,2024-03-28,,,press_release,https://niftyindices.com/Press_Release/ind_prs28022024.pdf,
221,Nifty 500,GMDCLTD,2024-03-28,,,press_release,https://niftyindices.com/Press_Release/ind_prs28022024.pdf,
221,Nifty 500,HBLPOWER,2024-03-28,2024-03-31,,press_release,https://niftyindices.com/Press_Release/ind_prs28022024.pdf,"inferred-exclude: not in NSE current snapshot, no PR found (closed at next semi-annual review)"
221,Nifty 500,HSCL,2024-03-28,,,press_release,https://niftyindices.com/Press_Release/ind_prs28022024.pdf,
221,Nifty 500,HONASA,2024-03-28,,,press_release,https://niftyindices.com/Press_Release/ind_prs28022024.pdf,
221,Nifty 500,IREDA,2024-09-30,,,press_release,https://niftyindices.com/Press_Release/ind_prs23082024.pdf,
221,Nifty 500,INOXWIND,2024-03-28,,,press_release,https://niftyindices.com/Press_Release/ind_prs28022024.pdf,
221,Nifty 500,J&KBANK,2024-03-28,,,press_release,https://niftyindices.com/Press_Release/ind_prs28022024.pdf,
221,Nifty 500,JIOFIN,2024-03-28,,,press_release,https://niftyindices.com/Press_Release/ind_prs28022024.pdf,
221,Nifty 500,JSWINFRA,2024-03-28,,,press_release,https://niftyindices.com/Press_Release/ind_prs28022024.pdf,
221,Nifty 500,JWL,2024-03-28,,,press_release,https://niftyindices.com/Press_Release/ind_prs28022024.pdf,
221,Nifty 500,LLOYDSME,2024-03-28,,,press_release,https://niftyindices.com/Press_Release/ind_prs28022024.pdf,
221,Nifty 500,NUVAMA,2024-03-28,,,press_release,https://niftyindices.com/Press_Release/ind_prs28022024.pdf,
221,Nifty 500,RRKABEL,2024-03-28,,,press_release,https://niftyindices.com/Press_Release/ind_prs28022024.pdf,
221,Nifty 500,RAILTEL,2024-03-28,,,press_release,https://niftyindices.com/Press_Release/ind_prs28022024.pdf,
221,Nifty 500,RKFORGE,2024-03-28,,,press_release,https://niftyindices.com/Press_Release/ind_prs28022024.pdf,
221,Nifty 500,SBFC,2024-03-28,,,press_release,https://niftyindices.com/Press_Release/ind_prs28022024.pdf,
221,Nifty 500,SCHNEIDER,2024-03-28,,,press_release,https://niftyindices.com/Press_Release/ind_prs28022024.pdf,
221,Nifty 500,SIGNATURE,2024-03-28,,,press_release,https://niftyindices.com/Press_Release/ind_prs28022024.pdf,
221,Nifty 500,TATATECH,2024-03-28,,,press_release,https://niftyindices.com/Press_Release/ind_prs28022024.pdf,
221,Nifty 500,TITAGARH,2024-03-28,,,press_release,https://niftyindices.com/Press_Release/ind_prs28022024.pdf,
221,Nifty 500,AADHARHFC,2024-09-30,,,press_release,https://niftyindices.com/Press_Release/ind_prs23082024.pdf,
221,Nifty 500,ABSLAMC,2024-09-30,,,press_release,https://niftyindices.com/Press_Release/ind_prs23082024.pdf,
221,Nifty 500,ANANTRAJ,2024-09-30,,,press_release,https://niftyindices.com/Press_Release/ind_prs23082024.pdf,
221,Nifty 500,BHARTIHEXA,2024-09-30,,,press_release,https://niftyindices.com/Press_Release/ind_prs23082024.pdf,
221,Nifty 500,GET&D,2024-09-30,2025-03-31,,press_release,https://niftyindices.com/Press_Release/ind_prs23082024.pdf,"inferred-exclude: not in NSE current snapshot, no PR found (closed at next semi-annual review)"
221,Nifty 500,GODIGIT,2024-09-30,,,press_release,https://niftyindices.com/Press_Release/ind_prs23082024.pdf,
221,Nifty 500,IFCI,2024-09-30,,,press_release,https://niftyindices.com/Press_Release/ind_prs23082024.pdf,
221,Nifty 500,INDGN,2024-09-30,,,press_release,https://niftyindices.com/Press_Release/ind_prs23082024.pdf,
221,Nifty 500,JPPOWER,2024-09-30,,,press_release,https://niftyindices.com/Press_Release/ind_prs23082024.pdf,
221,Nifty 500,JKTYRE,2024-09-30,,,press_release,https://niftyindices.com/Press_Release/ind_prs23082024.pdf,
221,Nifty 500,JYOTICNC,2024-09-30,,,press_release,https://niftyindices.com/Press_Release/ind_prs23082024.pdf,
221,Nifty 500,KIRLOSENG,2024-09-30,,,press_release,https://niftyindices.com/Press_Release/ind_prs23082024.pdf,
221,Nifty 500,NETWEB,2024-09-30,,,press_release,https://niftyindices.com/Press_Release/ind_prs23082024.pdf,
221,Nifty 500,NEWGEN,2024-09-30,,,press_release,https://niftyindices.com/Press_Release/ind_prs23082024.pdf,
221,Nifty 500,PFIZER,2024-09-30,,,press_release,https://niftyindices.com/Press_Release/ind_prs23082024.pdf,
221,Nifty 500,PTCIL,2024-09-30,,,press_release,https://niftyindices.com/Press_Release/ind_prs23082024.pdf,
221,Nifty 500,SCI,2024-09-30,,,press_release,https://niftyindices.com/Press_Release/ind_prs23082024.pdf,
221,Nifty 500,TBOTEK,2024-09-30,,,press_release,https://niftyindices.com/Press_Release/ind_prs23082024.pdf,
221,Nifty 500,TECHNOE,2024-09-30,,,press_release,https://niftyindices.com/Press_Release/ind_prs23082024.pdf,
221,Nifty 500,EMCURE,2024-10-10,,,press_release,https://niftyindices.com/Press_Release/ind_prs04102024.pdf,
221,Nifty 500,ACMESOLAR,2025-03-28,,,press_release,https://niftyindices.com/Press_Release/ind_prs21022025.pdf,
221,Nifty 500,AFCONS,2025-03-28,,,press_release,https://niftyindices.com/Press_Release/ind_prs21022025.pdf,
221,Nifty 500,AIIL,2025-03-28,,,press_release,https://niftyindices.com/Press_Release/ind_prs21022025.pdf,
221,Nifty 500,BAJAJHFL,2025-03-28,,,press_release,https://niftyindices.com/Press_Release/ind_prs21022025.pdf,
221,Nifty 500,FIRSTCRY,2025-03-28,,,press_release,https://niftyindices.com/Press_Release/ind_prs21022025.pdf,
221,Nifty 500,DCMSHRIRAM,2025-03-28,,,press_release,https://niftyindices.com/Press_Release/ind_prs21022025.pdf,
221,Nifty 500,GRAVITA,2025-03-28,,,press_release,https://niftyindices.com/Press_Release/ind_prs21022025.pdf,
221,Nifty 500,HYUNDAI,2025-03-28,,,press_release,https://niftyindices.com/Press_Release/ind_prs21022025.pdf,
221,Nifty 500,IGIL,2025-03-28,,,press_release,https://niftyindices.com/Press_Release/ind_prs21022025.pdf,
221,Nifty 500,IKS,2025-03-28,,,press_release,https://niftyindices.com/Press_Release/ind_prs21022025.pdf,
221,Nifty 500,LTFOODS,2025-03-28,,,press_release,https://niftyindices.com/Press_Release/ind_prs21022025.pdf,
221,Nifty 500,NAVA,2025-03-28,,,press_release,https://niftyindices.com/Press_Release/ind_prs21022025.pdf,
221,Nifty 500,NEULANDLAB,2025-03-28,,,press_release,https://niftyindices.com/Press_Release/ind_prs21022025.pdf,
221,Nifty 500,NIVABUPA,2025-03-28,,,press_release,https://niftyindices.com/Press_Release/ind_prs21022025.pdf,
221,Nifty 500,NTPCGREEN,2025-03-28,,,press_release,https://niftyindices.com/Press_Release/ind_prs21022025.pdf,
221,Nifty 500,OLAELEC,2025-03-28,,,press_release,https://niftyindices.com/Press_Release/ind_prs21022025.pdf,
221,Nifty 500,PGEL,2025-03-28,,,press_release,https://niftyindices.com/Press_Release/ind_prs21022025.pdf,
221,Nifty 500,PREMIERENE,2025-03-28,,,press_release,https://niftyindices.com/Press_Release/ind_prs21022025.pdf,
221,Nifty 500,RPOWER,2025-03-28,,,press_release,https://niftyindices.com/Press_Release/ind_prs21022025.pdf,
221,Nifty 500,SAGILITY,2025-03-28,,,press_release,https://niftyindices.com/Press_Release/ind_prs21022025.pdf,
221,Nifty 500,SAILIFE,2025-03-28,,,press_release,https://niftyindices.com/Press_Release/ind_prs21022025.pdf,
221,Nifty 500,SARDAEN,2025-03-28,,,press_release,https://niftyindices.com/Press_Release/ind_prs21022025.pdf,
221,Nifty 500,SWIGGY,2025-03-28,,,press_release,https://niftyindices.com/Press_Release/ind_prs21022025.pdf,
221,Nifty 500,TARIL,2025-03-28,,,press_release,https://niftyindices.com/Press_Release/ind_prs21022025.pdf,
221,Nifty 500,VMM,2025-03-28,,,press_release,https://niftyindices.com/Press_Release/ind_prs21022025.pdf,
221,Nifty 500,WAAREEENER,2025-03-28,,,press_release,https://niftyindices.com/Press_Release/ind_prs21022025.pdf,
221,Nifty 500,WOCKPHARMA,2025-03-28,,,press_release,https://niftyindices.com/Press_Release/ind_prs21022025.pdf,
221,Nifty 500,ZENTEC,2025-03-28,,,press_release,https://niftyindices.com/Press_Release/ind_prs21022025.pdf,
221,Nifty 500,ABLBL,2025-09-30,,,press_release,https://niftyindices.com/Press_Release/ind_prs22082025.pdf,
221,Nifty 500,AEGISVOPAK,2025-09-30,,,press_release,https://niftyindices.com/Press_Release/ind_prs22082025.pdf,
221,Nifty 500,AKZOINDIA,2025-09-30,2026-03-31,,press_release,https://niftyindices.com/Press_Release/ind_prs22082025.pdf,"inferred-exclude: not in NSE current snapshot, no PR found (closed at next semi-annual review)"
221,Nifty 500,ATHERENERG,2025-09-30,,,press_release,https://niftyindices.com/Press_Release/ind_prs22082025.pdf,
221,Nifty 500,BLUEJET,2025-09-30,,,press_release,https://niftyindices.com/Press_Release/ind_prs22082025.pdf,
221,Nifty 500,CHOICEIN,2025-09-30,,,press_release,https://niftyindices.com/Press_Release/ind_prs22082025.pdf,
221,Nifty 500,FORCEMOT,2025-09-30,,,press_release,https://niftyindices.com/Press_Release/ind_prs22082025.pdf,
221,Nifty 500,HEXT,2025-09-30,,,press_release,https://niftyindices.com/Press_Release/ind_prs22082025.pdf,
221,Nifty 500,ITCHOTELS,2025-09-30,,,press_release,https://niftyindices.com/Press_Release/ind_prs22082025.pdf,
221,Nifty 500,NUVOCO,2025-09-30,,,press_release,https://niftyindices.com/Press_Release/ind_prs22082025.pdf,
221,Nifty 500,ONESOURCE,2025-09-30,,,press_release,https://niftyindices.com/Press_Release/ind_prs22082025.pdf,
221,Nifty 500,THELEELA,2025-09-30,,,press_release,https://niftyindices.com/Press_Release/ind_prs22082025.pdf,
221,Nifty 500,ENRIN,2025-09-30,,,press_release,https://niftyindices.com/Press_Release/ind_prs22082025.pdf,
221,Nifty 500,JSWCEMENT,2025-12-31,,,press_release,https://niftyindices.com/Press_Release/ind_prs11122025.pdf,
221,Nifty 500,ACUTAAS,2026-03-30,,,press_release,https://niftyindices.com/Press_Release/ind_prs23022026.pdf,
221,Nifty 500,CPPLUS,2026-03-30,,,press_release,https://niftyindices.com/Press_Release/ind_prs23022026.pdf,
221,Nifty 500,ABDL,2026-03-30,,,press_release,https://niftyindices.com/Press_Release/ind_prs23022026.pdf,
221,Nifty 500,ANTHEM,2026-03-30,,,press_release,https://niftyindices.com/Press_Release/ind_prs23022026.pdf,
221,Nifty 500,ANURAS,2026-03-30,,,press_release,https://niftyindices.com/Press_Release/ind_prs23022026.pdf,
221,Nifty 500,BELRISE,2026-03-30,,,press_release,https://niftyindices.com/Press_Release/ind_prs23022026.pdf,
221,Nifty 500,GROWW,2026-03-30,,,press_release,https://niftyindices.com/Press_Release/ind_prs23022026.pdf,
221,Nifty 500,CANHLIFE,2026-03-30,,,press_release,https://niftyindices.com/Press_Release/ind_prs23022026.pdf,
221,Nifty 500,CARTRADE,2026-03-30,,,press_release,https://niftyindices.com/Press_Release/ind_prs23022026.pdf,
221,Nifty 500,CEMPRO,2026-03-30,,,press_release,https://niftyindices.com/Press_Release/ind_prs23022026.pdf,
221,Nifty 500,EMMVEE,2026-03-30,,,press_release,https://niftyindices.com/Press_Release/ind_prs23022026.pdf,
221,Nifty 500,GABRIEL,2026-03-30,,,press_release,https://niftyindices.com/Press_Release/ind_prs23022026.pdf,
221,Nifty 500,GALLANTT,2026-03-30,,,press_release,https://niftyindices.com/Press_Release/ind_prs23022026.pdf,
221,Nifty 500,HDBFS,2026-03-30,,,press_release,https://niftyindices.com/Press_Release/ind_prs23022026.pdf,
221,Nifty 500,ICICIAMC,2026-03-30,,,press_release,https://niftyindices.com/Press_Release/ind_prs23022026.pdf,
221,Nifty 500,JAINREC,2026-03-30,,,press_release,https://niftyindices.com/Press_Release/ind_prs23022026.pdf,
221,Nifty 500,LENSKART,2026-03-30,,,press_release,https://niftyindices.com/Press_Release/ind_prs23022026.pdf,
221,Nifty 500,LGEINDIA,2026-03-30,,,press_release,https://niftyindices.com/Press_Release/ind_prs23022026.pdf,
221,Nifty 500,MEESHO,2026-03-30,,,press_release,https://niftyindices.com/Press_Release/ind_prs23022026.pdf,
221,Nifty 500,PARADEEP,2026-03-30,,,press_release,https://niftyindices.com/Press_Release/ind_prs23022026.pdf,
221,Nifty 500,PWL,2026-03-30,,,press_release,https://niftyindices.com/Press_Release/ind_prs23022026.pdf,
221,Nifty 500,PINELABS,2026-03-30,,,press_release,https://niftyindices.com/Press_Release/ind_prs23022026.pdf,
221,Nifty 500,PIRAMALFIN,2026-03-30,,,press_release,https://niftyindices.com/Press_Release/ind_prs23022026.pdf,
221,Nifty 500,SPLPETRO,2026-03-30,,,press_release,https://niftyindices.com/Press_Release/ind_prs23022026.pdf,
221,Nifty 500,TATACAP,2026-03-30,,,press_release,https://niftyindices.com/Press_Release/ind_prs23022026.pdf,
221,Nifty 500,TMCV,2026-03-30,,,press_release,https://niftyindices.com/Press_Release/ind_prs23022026.pdf,
221,Nifty 500,TEGA,2026-03-30,,,press_release,https://niftyindices.com/Press_Release/ind_prs23022026.pdf,
221,Nifty 500,TENNIND,2026-03-30,,,press_release,https://niftyindices.com/Press_Release/ind_prs23022026.pdf,
221,Nifty 500,TRAVELFOOD,2026-03-30,,,press_release,https://niftyindices.com/Press_Release/ind_prs23022026.pdf,
221,Nifty 500,URBANCO,2026-03-30,,,press_release,https://niftyindices.com/Press_Release/ind_prs23022026.pdf,
221,Nifty 500,ZYDUSWELL,2026-03-30,,,press_release,https://niftyindices.com/Press_Release/ind_prs23022026.pdf,
223,Nifty Midcap 150,INOXWIND,2014-01-01,2017-03-31,,snapshot_floor,,closed by ind_prs16022017.pdf
223,Nifty Midcap 150,JETAIRWAYS,2014-01-01,2017-03-31,,snapshot_floor,,closed by ind_prs16022017.pdf
223,Nifty Midcap 150,JUSTDIAL,2014-01-01,2017-03-31,,snapshot_floor,,closed by ind_prs16022017.pdf
223,Nifty Midcap 150,NETWORK18,2014-01-01,2017-03-31,,snapshot_floor,,closed by ind_prs16022017.pdf
223,Nifty Midcap 150,PERSISTENT,2014-01-01,2017-03-31,,snapshot_floor,,closed by ind_prs16022017.pdf
223,Nifty Midcap 150,PETRONET,2014-01-01,2017-03-31,,snapshot_floor,,closed by ind_prs16022017.pdf
223,Nifty Midcap 150,RECLTD,2014-01-01,2017-03-31,,snapshot_floor,,closed by ind_prs16022017.pdf
223,Nifty Midcap 150,SADBHAV,2014-01-01,2017-03-31,,snapshot_floor,,closed by ind_prs16022017.pdf
223,Nifty Midcap 150,TATAELXSI,2014-01-01,2017-03-31,,snapshot_floor,,closed by ind_prs16022017.pdf
223,Nifty Midcap 150,ABIRLANUVO,2014-01-01,2017-05-26,,snapshot_floor,,closed by ind_prs27042017.pdf
223,Nifty Midcap 150,SUNTV,2014-01-01,2017-05-26,,snapshot_floor,,closed by ind_prs27042017.pdf
223,Nifty Midcap 150,TUBEINVEST,2014-01-01,2017-05-26,,snapshot_floor,,closed by ind_prs27042017.pdf
223,Nifty Midcap 150,BAJAJCON,2014-01-01,2017-09-29,,snapshot_floor,,closed by ind_prs28082017.pdf
223,Nifty Midcap 150,CYIENT,2014-01-01,2017-09-29,,snapshot_floor,,closed by ind_prs28082017.pdf
223,Nifty Midcap 150,ECLERX,2014-01-01,2017-09-29,,snapshot_floor,,closed by ind_prs28082017.pdf
223,Nifty Midcap 150,GESHIP,2014-01-01,2017-09-29,,snapshot_floor,,closed by ind_prs28082017.pdf
223,Nifty Midcap 150,HINDCOPPER,2014-01-01,2017-09-29,,snapshot_floor,,closed by ind_prs28082017.pdf
223,Nifty Midcap 150,HONAUT,2014-01-01,2017-09-29,,snapshot_floor,,closed by ind_prs28082017.pdf
223,Nifty Midcap 150,JAGRAN,2014-01-01,2017-09-29,,snapshot_floor,,closed by ind_prs28082017.pdf
223,Nifty Midcap 150,MRF,2014-01-01,2017-09-29,,snapshot_floor,,closed by ind_prs28082017.pdf
223,Nifty Midcap 150,RELAXO,2014-01-01,2017-09-29,,snapshot_floor,,closed by ind_prs28082017.pdf
223,Nifty Midcap 150,RELCAPITAL,2014-01-01,2017-09-29,,snapshot_floor,,closed by ind_prs28082017.pdf
223,Nifty Midcap 150,RELCAPITAL,2014-01-01,2017-09-29,,snapshot_floor,https://niftyindices.com/Press_Release/ind_prs29082017.pdf,orphan-exclude (no prior include in coverage)
223,Nifty Midcap 150,ADANIENT,2014-01-01,2018-04-02,,snapshot_floor,,closed by ind_prs21022018.pdf
223,Nifty Midcap 150,DBCORP,2014-01-01,2018-04-02,,snapshot_floor,,closed by ind_prs21022018.pdf
223,Nifty Midcap 150,DALBHARAT,2014-01-01,2018-04-02,,snapshot_floor,,closed by ind_prs21022018.pdf
223,Nifty Midcap 150,LALPATHLAB,2014-01-01,2018-04-02,,snapshot_floor,,closed by ind_prs21022018.pdf
223,Nifty Midcap 150,GPPL,2014-01-01,2018-04-02,,snapshot_floor,,closed by ind_prs21022018.pdf
223,Nifty Midcap 150,IOB,2014-01-01,2018-04-02,,snapshot_floor,,closed by ind_prs21022018.pdf
223,Nifty Midcap 150,IPCALAB,2014-01-01,2018-04-02,,snapshot_floor,,closed by ind_prs21022018.pdf
223,Nifty Midcap 150,JYOTHYLAB,2014-01-01,2018-04-02,,snapshot_floor,,closed by ind_prs21022018.pdf
223,Nifty Midcap 150,LTF,2014-01-01,2018-04-02,,snapshot_floor,,closed by ind_prs21022018.pdf
223,Nifty Midcap 150,NH,2014-01-01,2018-04-02,,snapshot_floor,,closed by ind_prs21022018.pdf
223,Nifty Midcap 150,RCOM,2014-01-01,2018-04-02,,snapshot_floor,,closed by ind_prs21022018.pdf
223,Nifty Midcap 150,SYNDIBANK,2014-01-01,2018-04-02,,snapshot_floor,,closed by ind_prs21022018.pdf
223,Nifty Midcap 150,VTL,2014-01-01,2018-04-02,,snapshot_floor,,closed by ind_prs21022018.pdf
223,Nifty Midcap 150,VIJAYABANK,2017-09-29,2018-04-02,,press_release,https://niftyindices.com/Press_Release/ind_prs28082017.pdf,closed by ind_prs21022018.pdf
223,Nifty Midcap 150,WELSPUNIND,2014-01-01,2018-04-02,,snapshot_floor,,closed by ind_prs21022018.pdf
223,Nifty Midcap 150,AKZOINDIA,2014-01-01,2018-09-28,,snapshot_floor,,closed by ind_prs28082018.pdf
223,Nifty Midcap 150,BIOCON,2014-01-01,2018-09-28,,snapshot_floor,,closed by ind_prs28082018.pdf
223,Nifty Midcap 150,GUJFLUORO,2014-01-01,2018-09-28,,snapshot_floor,,closed by ind_prs28082018.pdf
223,Nifty Midcap 150,ICICIGI,2018-04-02,2018-09-28,,press_release,https://niftyindices.com/Press_Release/ind_prs21022018.pdf,closed by ind_prs28082018.pdf
223,Nifty Midcap 150,IDFC,2014-01-01,2018-09-28,,snapshot_floor,,closed by ind_prs28082018.pdf
223,Nifty Midcap 150,IBREALEST,2018-04-02,2018-09-28,,press_release,https://niftyindices.com/Press_Release/ind_prs21022018.pdf,closed by ind_prs28082018.pdf
223,Nifty Midcap 150,IRB,2014-01-01,2018-09-28,,snapshot_floor,,closed by ind_prs28082018.pdf
223,Nifty Midcap 150,KAJARIACER,2014-01-01,2018-09-28,,snapshot_floor,,closed by ind_prs28082018.pdf
223,Nifty Midcap 150,KARURVYSYA,2014-01-01,2018-09-28,,snapshot_floor,,closed by ind_prs28082018.pdf
223,Nifty Midcap 150,SCHAEFFLER,2014-01-01,2018-09-28,,snapshot_floor,,closed by ind_prs28082018.pdf
223,Nifty Midcap 150,SUZLON,2014-01-01,2018-09-28,,snapshot_floor,,closed by ind_prs28082018.pdf
223,Nifty Midcap 150,TTKPRESTIG,2014-01-01,2018-09-28,,snapshot_floor,,closed by ind_prs28082018.pdf
223,Nifty Midcap 150,WOCKPHARMA,2014-01-01,2018-09-28,,snapshot_floor,,closed by ind_prs28082018.pdf
223,Nifty Midcap 150,BHARATFIN,2014-01-01,2018-12-28,,snapshot_floor,,closed by ind_prs14122018.pdf
223,Nifty Midcap 150,CENTURYTEX,2014-01-01,2018-12-28,,snapshot_floor,,closed by ind_prs14122018.pdf
223,Nifty Midcap 150,IIFL,2018-04-02,2018-12-28,,press_release,https://niftyindices.com/Press_Release/ind_prs21022018.pdf,closed by ind_prs14122018.pdf
223,Nifty Midcap 150,AARTIIND,2018-12-28,2019-03-29,,press_release,https://niftyindices.com/Press_Release/ind_prs14122018.pdf,closed by ind_prs25022019.pdf
223,Nifty Midcap 150,AVANTIFEED,2018-04-02,2019-03-29,,press_release,https://niftyindices.com/Press_Release/ind_prs21022018.pdf,closed by ind_prs25022019.pdf
223,Nifty Midcap 150,BAJAJHLDNG,2014-01-01,2019-03-29,,snapshot_floor,,closed by ind_prs25022019.pdf
223,Nifty Midcap 150,DIVISLAB,2017-09-29,2019-03-29,,press_release,https://niftyindices.com/Press_Release/ind_prs28082017.pdf,closed by ind_prs25022019.pdf
223,Nifty Midcap 150,GET&D,2014-01-01,2019-03-29,,snapshot_floor,,closed by ind_prs25022019.pdf
223,Nifty Midcap 150,PAGEIND,2014-01-01,2019-03-29,,snapshot_floor,,closed by ind_prs25022019.pdf
223,Nifty Midcap 150,PCJEWELLER,2014-01-01,2019-03-29,,snapshot_floor,,closed by ind_prs25022019.pdf
223,Nifty Midcap 150,TV18BRDCST,2014-01-01,2019-03-29,,snapshot_floor,,closed by ind_prs25022019.pdf
223,Nifty Midcap 150,UBL,2017-09-29,2019-03-29,,press_release,https://niftyindices.com/Press_Release/ind_prs28082017.pdf,closed by ind_prs25022019.pdf
223,Nifty Midcap 150,VAKRANGEE,2014-01-01,2019-03-29,,snapshot_floor,,closed by ind_prs25022019.pdf
223,Nifty Midcap 150,GUJFLUORO,2019-03-29,2019-06-28,,press_release,https://niftyindices.com/Press_Release/ind_prs25022019.pdf,closed by ind_prs13062019.pdf
223,Nifty Midcap 150,THOMASCOOK,2014-01-01,2019-09-27,,snapshot_floor,,closed by ind_prs17092019.pdf
223,Nifty Midcap 150,BERGEPAINT,2014-01-01,2019-09-27,,snapshot_floor,,closed by ind_prs28082019.pdf
223,Nifty Midcap 150,DHFL,2014-01-01,2019-09-27,,snapshot_floor,,closed by ind_prs28082019.pdf
223,Nifty Midcap 150,DBL,2018-04-02,2019-09-27,,press_release,https://niftyindices.com/Press_Release/ind_prs21022018.pdf,closed by ind_prs28082019.pdf
223,Nifty Midcap 150,DISHTV,2014-01-01,2019-09-27,,snapshot_floor,,closed by ind_prs28082019.pdf
223,Nifty Midcap 150,FINCABLES,2017-09-29,2019-09-27,,press_release,https://niftyindices.com/Press_Release/ind_prs28082017.pdf,closed by ind_prs28082019.pdf
223,Nifty Midcap 150,GSKCONS,2018-04-02,2019-09-27,,press_release,https://niftyindices.com/Press_Release/ind_prs21022018.pdf,closed by ind_prs28082019.pdf
223,Nifty Midcap 150,GRUH,2014-01-01,2019-09-27,,snapshot_floor,,closed by ind_prs28082019.pdf
223,Nifty Midcap 150,JMFINANCIL,2017-09-29,2019-09-27,,press_release,https://niftyindices.com/Press_Release/ind_prs28082017.pdf,closed by ind_prs28082019.pdf
223,Nifty Midcap 150,KIOCL,2014-01-01,2019-09-27,,snapshot_floor,,closed by ind_prs28082019.pdf
223,Nifty Midcap 150,PFC,2018-09-28,2019-09-27,,press_release,https://niftyindices.com/Press_Release/ind_prs28082018.pdf,closed by ind_prs28082019.pdf
223,Nifty Midcap 150,PNB,2018-09-28,2019-09-27,,press_release,https://niftyindices.com/Press_Release/ind_prs28082018.pdf,closed by ind_prs28082019.pdf
223,Nifty Midcap 150,RELCAPITAL,2014-01-01,2019-09-27,,snapshot_floor,https://niftyindices.com/Press_Release/ind_prs28082019.pdf,orphan-exclude (no prior include in coverage)
223,Nifty Midcap 150,RELINFRA,2014-01-01,2019-09-27,,snapshot_floor,,closed by ind_prs28082019.pdf
223,Nifty Midcap 150,RPOWER,2014-01-01,2019-09-27,,snapshot_floor,,closed by ind_prs28082019.pdf
223,Nifty Midcap 150,SPARC,2014-01-01,2019-09-27,,snapshot_floor,,closed by ind_prs28082019.pdf
223,Nifty Midcap 150,ALBK,2019-09-27,2019-12-27,,press_release,https://niftyindices.com/Press_Release/ind_prs28082019.pdf,closed by ind_prs16122019.pdf
223,Nifty Midcap 150,CORPBANK,2019-09-27,2019-12-27,,press_release,https://niftyindices.com/Press_Release/ind_prs28082019.pdf,closed by ind_prs16122019.pdf
223,Nifty Midcap 150,ORIENTBANK,2019-09-27,2019-12-27,,press_release,https://niftyindices.com/Press_Release/ind_prs28082019.pdf,closed by ind_prs16122019.pdf
223,Nifty Midcap 150,TATACHEM,2014-01-01,2019-12-27,,snapshot_floor,,closed by ind_prs16122019.pdf
223,Nifty Midcap 150,ADANIENSOL,2017-09-29,2020-03-19,,press_release,https://niftyindices.com/Press_Release/ind_prs28082017.pdf,closed by ind_prs16032020.pdf
223,Nifty Midcap 150,ADANIENSOL,2014-01-01,2020-03-27,,snapshot_floor,https://niftyindices.com/Press_Release/ind_prs18022020.pdf,orphan-exclude (no prior include in coverage)
223,Nifty Midcap 150,BLUEDART,2014-01-01,2020-03-27,,snapshot_floor,,closed by ind_prs18022020.pdf
223,Nifty Midcap 150,ERIS,2019-03-29,2020-03-27,,press_release,https://niftyindices.com/Press_Release/ind_prs25022019.pdf,closed by ind_prs18022020.pdf
223,Nifty Midcap 150,FCONSUMER,2018-04-02,2020-03-27,,press_release,https://niftyindices.com/Press_Release/ind_prs21022018.pdf,closed by ind_prs18022020.pdf
223,Nifty Midcap 150,GRAPHITE,2018-09-28,2020-03-27,,press_release,https://niftyindices.com/Press_Release/ind_prs28082018.pdf,closed by ind_prs18022020.pdf
223,Nifty Midcap 150,HEG,2018-09-28,2020-03-27,,press_release,https://niftyindices.com/Press_Release/ind_prs28082018.pdf,closed by ind_prs18022020.pdf
223,Nifty Midcap 150,IDBI,2014-01-01,2020-03-27,,snapshot_floor,,closed by ind_prs18022020.pdf
223,Nifty Midcap 150,NAUKRI,2014-01-01,2020-03-27,,snapshot_floor,,closed by ind_prs18022020.pdf
223,Nifty Midcap 150,KRBL,2014-01-01,2020-03-27,,snapshot_floor,,closed by ind_prs18022020.pdf
223,Nifty Midcap 150,LTM,2017-03-31,2020-03-27,,press_release,https://niftyindices.com/Press_Release/ind_prs16022017.pdf,closed by ind_prs18022020.pdf
223,Nifty Midcap 150,MAHINDCIE,2014-01-01,2020-03-27,,snapshot_floor,,closed by ind_prs18022020.pdf
223,Nifty Midcap 150,NBCC,2014-01-01,2020-03-27,,snapshot_floor,,closed by ind_prs18022020.pdf
223,Nifty Midcap 150,STRTECH,2018-04-02,2020-03-27,,press_release,https://niftyindices.com/Press_Release/ind_prs21022018.pdf,closed by ind_prs18022020.pdf
223,Nifty Midcap 150,TORNTPHARM,2018-04-02,2020-03-27,,press_release,https://niftyindices.com/Press_Release/ind_prs21022018.pdf,closed by ind_prs18022020.pdf
223,Nifty Midcap 150,VARROC,2018-12-28,2020-03-27,,press_release,https://niftyindices.com/Press_Release/ind_prs14122018.pdf,closed by ind_prs18022020.pdf
223,Nifty Midcap 150,YESBANK,2020-03-27,2020-03-27,,press_release,https://niftyindices.com/Press_Release/ind_prs18022020.pdf,closed by ind_prs19032020.pdf
223,Nifty Midcap 150,ABBOTINDIA,2019-09-27,2020-06-26,,press_release,https://niftyindices.com/Press_Release/ind_prs28082019.pdf,closed by ind_prs10062020.pdf
223,Nifty Midcap 150,ENGINERSIN,2014-01-01,2020-06-26,,snapshot_floor,,closed by ind_prs10062020.pdf
223,Nifty Midcap 150,FCONSUMER,2014-01-01,2020-06-26,,snapshot_floor,https://niftyindices.com/Press_Release/ind_prs10062020.pdf,orphan-exclude (no prior include in coverage)
223,Nifty Midcap 150,GRAPHITE,2014-01-01,2020-06-26,,snapshot_floor,https://niftyindices.com/Press_Release/ind_prs10062020.pdf,orphan-exclude (no prior include in coverage)
223,Nifty Midcap 150,HEG,2014-01-01,2020-06-26,,snapshot_floor,https://niftyindices.com/Press_Release/ind_prs10062020.pdf,orphan-exclude (no prior include in coverage)
223,Nifty Midcap 150,INDIANB,2014-01-01,2020-06-26,,snapshot_floor,,closed by ind_prs10062020.pdf
223,Nifty Midcap 150,IGL,2014-01-01,2020-06-26,,snapshot_floor,,closed by ind_prs10062020.pdf
223,Nifty Midcap 150,NAUKRI,2014-01-01,2020-06-26,,snapshot_floor,https://niftyindices.com/Press_Release/ind_prs10062020.pdf,orphan-exclude (no prior include in coverage)
223,Nifty Midcap 150,KRBL,2014-01-01,2020-06-26,,snapshot_floor,https://niftyindices.com/Press_Release/ind_prs10062020.pdf,orphan-exclude (no prior include in coverage)
223,Nifty Midcap 150,MAHINDCIE,2014-01-01,2020-06-26,,snapshot_floor,https://niftyindices.com/Press_Release/ind_prs10062020.pdf,orphan-exclude (no prior include in coverage)
223,Nifty Midcap 150,MUTHOOTFIN,2014-01-01,2020-06-26,,snapshot_floor,,closed by ind_prs10062020.pdf
223,Nifty Midcap 150,NBCC,2014-01-01,2020-06-26,,snapshot_floor,https://niftyindices.com/Press_Release/ind_prs10062020.pdf,orphan-exclude (no prior include in coverage)
223,Nifty Midcap 150,STRTECH,2014-01-01,2020-06-26,,snapshot_floor,https://niftyindices.com/Press_Release/ind_prs10062020.pdf,orphan-exclude (no prior include in coverage)
223,Nifty Midcap 150,TORNTPHARM,2014-01-01,2020-06-26,,snapshot_floor,https://niftyindices.com/Press_Release/ind_prs10062020.pdf,orphan-exclude (no prior include in coverage)
223,Nifty Midcap 150,VARROC,2014-01-01,2020-06-26,,snapshot_floor,https://niftyindices.com/Press_Release/ind_prs10062020.pdf,orphan-exclude (no prior include in coverage)
223,Nifty Midcap 150,ADANIGREEN,2020-03-27,2020-09-25,,press_release,https://niftyindices.com/Press_Release/ind_prs18022020.pdf,closed by ind_prs20082020.pdf
223,Nifty Midcap 150,ADANIPOWER,2014-01-01,2020-09-25,,snapshot_floor,,closed by ind_prs20082020.pdf
223,Nifty Midcap 150,ALKEM,2014-01-01,2020-09-25,,snapshot_floor,,closed by ind_prs20082020.pdf
223,Nifty Midcap 150,BLUEDART,2014-01-01,2020-09-25,,snapshot_floor,https://niftyindices.com/Press_Release/ind_prs20082020.pdf,orphan-exclude (no prior include in coverage)
223,Nifty Midcap 150,CENTRALBK,2014-01-01,2020-09-25,,snapshot_floor,,closed by ind_prs20082020.pdf
223,Nifty Midcap 150,EIHOTEL,2014-01-01,2020-09-25,,snapshot_floor,,closed by ind_prs20082020.pdf
223,Nifty Midcap 150,HEXAWARE,2014-01-01,2020-09-25,,snapshot_floor,,closed by ind_prs20082020.pdf
223,Nifty Midcap 150,IDBI,2014-01-01,2020-09-25,,snapshot_floor,https://niftyindices.com/Press_Release/ind_prs20082020.pdf,orphan-exclude (no prior include in coverage)
223,Nifty Midcap 150,IOB,2019-09-27,2020-09-25,,press_release,https://niftyindices.com/Press_Release/ind_prs28082019.pdf,closed by ind_prs20082020.pdf
223,Nifty Midcap 150,JUBILANT,2014-01-01,2020-09-25,,snapshot_floor,,closed by ind_prs20082020.pdf
223,Nifty Midcap 150,LTM,2014-01-01,2020-09-25,,snapshot_floor,https://niftyindices.com/Press_Release/ind_prs20082020.pdf,orphan-exclude (no prior include in coverage)
223,Nifty Midcap 150,PNBHOUSING,2017-05-26,2020-09-25,,press_release,https://niftyindices.com/Press_Release/ind_prs27042017.pdf,closed by ind_prs20082020.pdf
223,Nifty Midcap 150,QUESS,2017-03-31,2020-09-25,,press_release,https://niftyindices.com/Press_Release/ind_prs16022017.pdf,closed by ind_prs20082020.pdf
223,Nifty Midcap 150,TATACONSUM,2014-01-01,2020-09-25,,snapshot_floor,,closed by ind_prs20082020.pdf
223,Nifty Midcap 150,UCOBANK,2019-09-27,2020-09-25,,press_release,https://niftyindices.com/Press_Release/ind_prs28082019.pdf,closed by ind_prs20082020.pdf
223,Nifty Midcap 150,ADANIENT,2020-09-25,2021-03-31,,press_release,https://niftyindices.com/Press_Release/ind_prs20082020.pdf,closed by ind_prs23022021.pdf
223,Nifty Midcap 150,APOLLOHOSP,2017-03-31,2021-03-31,,press_release,https://niftyindices.com/Press_Release/ind_prs16022017.pdf,closed by ind_prs23022021.pdf
223,Nifty Midcap 150,EDELWEISS,2014-01-01,2021-03-31,,snapshot_floor,,closed by ind_prs23022021.pdf
223,Nifty Midcap 150,ERIS,2014-01-01,2021-03-31,,snapshot_floor,https://niftyindices.com/Press_Release/ind_prs23022021.pdf,orphan-exclude (no prior include in coverage)
223,Nifty Midcap 150,FRETAIL,2017-05-26,2021-03-31,,press_release,https://niftyindices.com/Press_Release/ind_prs27042017.pdf,closed by ind_prs23022021.pdf
223,Nifty Midcap 150,HUDCO,2014-01-01,2021-03-31,,snapshot_floor,,closed by ind_prs23022021.pdf
223,Nifty Midcap 150,JUBLFOOD,2014-01-01,2021-03-31,,snapshot_floor,,closed by ind_prs23022021.pdf
223,Nifty Midcap 150,MRPL,2014-01-01,2021-03-31,,snapshot_floor,,closed by ind_prs23022021.pdf
223,Nifty Midcap 150,MRF,2019-09-27,2021-03-31,,press_release,https://niftyindices.com/Press_Release/ind_prs28082019.pdf,closed by ind_prs23022021.pdf
223,Nifty Midcap 150,NATIONALUM,2014-01-01,2021-03-31,,snapshot_floor,,closed by ind_prs23022021.pdf
223,Nifty Midcap 150,NLCINDIA,2014-01-01,2021-03-31,,snapshot_floor,,closed by ind_prs23022021.pdf
223,Nifty Midcap 150,SFL,2020-09-25,2021-03-31,,press_release,https://niftyindices.com/Press_Release/ind_prs20082020.pdf,closed by ind_prs23022021.pdf
223,Nifty Midcap 150,SHRIRAMCIT,2014-01-01,2021-03-31,,snapshot_floor,,closed by ind_prs23022021.pdf
223,Nifty Midcap 150,SYMPHONY,2014-01-01,2021-03-31,,snapshot_floor,,closed by ind_prs23022021.pdf
223,Nifty Midcap 150,ZFCVINDIA,2014-01-01,2021-03-31,,snapshot_floor,,closed by ind_prs23022021.pdf
223,Nifty Midcap 150,YESBANK,2020-09-25,2021-03-31,,press_release,https://niftyindices.com/Press_Release/ind_prs20082020.pdf,closed by ind_prs23022021.pdf
223,Nifty Midcap 150,AKZOINDIA,2020-06-26,2021-09-30,,press_release,https://niftyindices.com/Press_Release/ind_prs10062020.pdf,closed by ind_prs15092021.pdf
223,Nifty Midcap 150,ASTRAZEN,2020-09-25,2021-09-30,,press_release,https://niftyindices.com/Press_Release/ind_prs20082020.pdf,closed by ind_prs15092021.pdf
223,Nifty Midcap 150,BANKBARODA,2021-03-31,2021-09-30,,press_release,https://niftyindices.com/Press_Release/ind_prs23022021.pdf,closed by ind_prs15092021.pdf
223,Nifty Midcap 150,BBTC,2018-12-28,2021-09-30,,press_release,https://niftyindices.com/Press_Release/ind_prs14122018.pdf,closed by ind_prs15092021.pdf
223,Nifty Midcap 150,CESC,2019-09-27,2021-09-30,,press_release,https://niftyindices.com/Press_Release/ind_prs28082019.pdf,closed by ind_prs15092021.pdf
223,Nifty Midcap 150,CHOLAFIN,2014-01-01,2021-09-30,,snapshot_floor,,closed by ind_prs15092021.pdf
223,Nifty Midcap 150,CREDITACC,2020-06-26,2021-09-30,,press_release,https://niftyindices.com/Press_Release/ind_prs10062020.pdf,closed by ind_prs15092021.pdf
223,Nifty Midcap 150,GODREJAGRO,2018-04-02,2021-09-30,,press_release,https://niftyindices.com/Press_Release/ind_prs21022018.pdf,closed by ind_prs15092021.pdf
223,Nifty Midcap 150,IDBI,2021-03-31,2021-09-30,,press_release,https://niftyindices.com/Press_Release/ind_prs23022021.pdf,closed by ind_prs15092021.pdf
223,Nifty Midcap 150,IIFLWAM,2020-06-26,2021-09-30,,press_release,https://niftyindices.com/Press_Release/ind_prs10062020.pdf,closed by ind_prs15092021.pdf
223,Nifty Midcap 150,SAMMAANCAP,2020-06-26,2021-09-30,,press_release,https://niftyindices.com/Press_Release/ind_prs10062020.pdf,closed by ind_prs15092021.pdf
223,Nifty Midcap 150,JINDALSTEL,2014-01-01,2021-09-30,,snapshot_floor,,closed by ind_prs15092021.pdf
223,Nifty Midcap 150,JMFINANCIL,2020-09-25,2021-09-30,,press_release,https://niftyindices.com/Press_Release/ind_prs20082020.pdf,closed by ind_prs15092021.pdf
223,Nifty Midcap 150,PIIND,2014-01-01,2021-09-30,,snapshot_floor,,closed by ind_prs15092021.pdf
223,Nifty Midcap 150,PGHL,2021-03-31,2021-09-30,,press_release,https://niftyindices.com/Press_Release/ind_prs23022021.pdf,closed by ind_prs15092021.pdf
223,Nifty Midcap 150,SJVN,2014-01-01,2021-09-30,,snapshot_floor,,closed by ind_prs15092021.pdf
223,Nifty Midcap 150,SAIL,2019-09-27,2021-09-30,,press_release,https://niftyindices.com/Press_Release/ind_prs28082019.pdf,closed by ind_prs15092021.pdf
223,Nifty Midcap 150,VGUARD,2017-09-29,2021-09-30,,press_release,https://niftyindices.com/Press_Release/ind_prs28082017.pdf,closed by ind_prs15092021.pdf
223,Nifty Midcap 150,GMRAIRPORT,2014-01-01,2021-10-29,,snapshot_floor,,closed by ind_prs22102021.pdf
223,Nifty Midcap 150,ARE&M,2014-01-01,2022-03-31,,snapshot_floor,,closed by ind_prs24022022_1.pdf
223,Nifty Midcap 150,CASTROLIND,2017-03-31,2022-03-31,,press_release,https://niftyindices.com/Press_Release/ind_prs16022017.pdf,closed by ind_prs24022022_1.pdf
223,Nifty Midcap 150,CHOLAHLDNG,2014-01-01,2022-03-31,,snapshot_floor,,closed by ind_prs24022022_1.pdf
223,Nifty Midcap 150,CUB,2014-01-01,2022-03-31,,snapshot_floor,,closed by ind_prs24022022_1.pdf
223,Nifty Midcap 150,DHANI,2018-04-02,2022-03-31,,press_release,https://niftyindices.com/Press_Release/ind_prs21022018.pdf,closed by ind_prs24022022_1.pdf
223,Nifty Midcap 150,GILLETTE,2014-01-01,2022-03-31,,snapshot_floor,,closed by ind_prs24022022_1.pdf
223,Nifty Midcap 150,HINDCOPPER,2021-09-30,2022-03-31,,press_release,https://niftyindices.com/Press_Release/ind_prs15092021.pdf,closed by ind_prs24022022_1.pdf
223,Nifty Midcap 150,ITI,2020-09-25,2022-03-31,,press_release,https://niftyindices.com/Press_Release/ind_prs20082020.pdf,closed by ind_prs24022022_1.pdf
223,Nifty Midcap 150,MGL,2017-05-26,2022-03-31,,press_release,https://niftyindices.com/Press_Release/ind_prs27042017.pdf,closed by ind_prs24022022_1.pdf
223,Nifty Midcap 150,LTM,2014-01-01,2022-03-31,,snapshot_floor,https://niftyindices.com/Press_Release/ind_prs24022022_1.pdf,orphan-exclude (no prior include in coverage)
223,Nifty Midcap 150,MOTILALOFS,2017-03-31,2022-03-31,,press_release,https://niftyindices.com/Press_Release/ind_prs16022017.pdf,closed by ind_prs24022022_1.pdf
223,Nifty Midcap 150,RBLBANK,2014-01-01,2022-03-31,,snapshot_floor,,closed by ind_prs24022022_1.pdf
223,Nifty Midcap 150,SRF,2014-01-01,2022-03-31,,snapshot_floor,,closed by ind_prs24022022_1.pdf
223,Nifty Midcap 150,SUVENPHAR,2021-03-31,2022-03-31,,press_release,https://niftyindices.com/Press_Release/ind_prs23022021.pdf,closed by ind_prs24022022_1.pdf
223,Nifty Midcap 150,TTKPRESTIG,2019-09-27,2022-03-31,,press_release,https://niftyindices.com/Press_Release/ind_prs17092019.pdf,closed by ind_prs24022022_1.pdf
223,Nifty Midcap 150,VAIBHAVGBL,2021-09-30,2022-03-31,,press_release,https://niftyindices.com/Press_Release/ind_prs15092021.pdf,closed by ind_prs24022022_1.pdf
223,Nifty Midcap 150,ZYDUSWELL,2020-09-25,2022-03-31,,press_release,https://niftyindices.com/Press_Release/ind_prs20082020.pdf,closed by ind_prs24022022_1.pdf
223,Nifty Midcap 150,AARTIIND,2019-12-27,2022-05-04,,press_release,https://niftyindices.com/Press_Release/ind_prs16122019.pdf,closed by ind_prs05042022.pdf
223,Nifty Midcap 150,TATAPOWER,2018-04-02,2022-08-08,,press_release,https://niftyindices.com/Press_Release/ind_prs21022018.pdf,closed by ind_prs11072022.pdf
223,Nifty Midcap 150,ATGL,2019-09-27,2022-09-30,,press_release,https://niftyindices.com/Press_Release/ind_prs28082019.pdf,closed by ind_prs01092022.pdf
223,Nifty Midcap 150,APOLLOTYRE,2014-01-01,2022-09-30,,snapshot_floor,,closed by ind_prs01092022.pdf
223,Nifty Midcap 150,BEL,2019-03-29,2022-09-30,,press_release,https://niftyindices.com/Press_Release/ind_prs25022019.pdf,closed by ind_prs01092022.pdf
223,Nifty Midcap 150,EXIDEIND,2014-01-01,2022-09-30,,snapshot_floor,,closed by ind_prs01092022.pdf
223,Nifty Midcap 150,GLENMARK,2018-04-02,2022-09-30,,press_release,https://niftyindices.com/Press_Release/ind_prs21022018.pdf,closed by ind_prs01092022.pdf
223,Nifty Midcap 150,HAL,2018-09-28,2022-09-30,,press_release,https://niftyindices.com/Press_Release/ind_prs28082018.pdf,closed by ind_prs01092022.pdf
223,Nifty Midcap 150,IDBI,2022-03-31,2022-09-30,,press_release,https://niftyindices.com/Press_Release/ind_prs24022022_1.pdf,closed by ind_prs01092022.pdf
223,Nifty Midcap 150,IRCTC,2020-06-26,2022-09-30,,press_release,https://niftyindices.com/Press_Release/ind_prs10062020.pdf,closed by ind_prs01092022.pdf
223,Nifty Midcap 150,MANAPPURAM,2017-03-31,2022-09-30,,press_release,https://niftyindices.com/Press_Release/ind_prs16022017.pdf,closed by ind_prs01092022.pdf
223,Nifty Midcap 150,METROPOLIS,2020-09-25,2022-09-30,,press_release,https://niftyindices.com/Press_Release/ind_prs20082020.pdf,closed by ind_prs01092022.pdf
223,Nifty Midcap 150,MPHASIS,2014-01-01,2022-09-30,,snapshot_floor,,closed by ind_prs01092022.pdf
223,Nifty Midcap 150,NUVOCO,2022-03-31,2022-09-30,,press_release,https://niftyindices.com/Press_Release/ind_prs24022022_1.pdf,closed by ind_prs01092022.pdf
223,Nifty Midcap 150,PVR,2020-03-27,2023-02-06,,press_release,https://niftyindices.com/Press_Release/ind_prs19032020.pdf,closed by manual_pvr_inox_merger.json
223,Nifty Midcap 150,ABB,2020-06-26,2023-03-31,,press_release,https://niftyindices.com/Press_Release/ind_prs10062020.pdf,closed by ind_prs17022023_1.pdf
223,Nifty Midcap 150,AWL,2022-09-30,2023-03-31,,press_release,https://niftyindices.com/Press_Release/ind_prs01092022.pdf,closed by ind_prs17022023_1.pdf
223,Nifty Midcap 150,APLLTD,2014-01-01,2023-03-31,,snapshot_floor,,closed by ind_prs17022023_1.pdf
223,Nifty Midcap 150,CANBK,2014-01-01,2023-03-31,,snapshot_floor,,closed by ind_prs17022023_1.pdf
223,Nifty Midcap 150,GSPL,2014-01-01,2023-03-31,,snapshot_floor,,closed by ind_prs17022023_1.pdf
223,Nifty Midcap 150,HATSUN,2014-01-01,2023-03-31,,snapshot_floor,,closed by ind_prs17022023_1.pdf
223,Nifty Midcap 150,INDIAMART,2021-03-31,2023-03-31,,press_release,https://niftyindices.com/Press_Release/ind_prs23022021.pdf,closed by ind_prs17022023_1.pdf
223,Nifty Midcap 150,IEX,2022-03-31,2023-03-31,,press_release,https://niftyindices.com/Press_Release/ind_prs24022022_1.pdf,closed by ind_prs17022023_1.pdf
223,Nifty Midcap 150,NATCOPHARM,2014-01-01,2023-03-31,,snapshot_floor,,closed by ind_prs17022023_1.pdf
223,Nifty Midcap 150,NATIONALUM,2021-09-30,2023-03-31,,press_release,https://niftyindices.com/Press_Release/ind_prs15092021.pdf,closed by ind_prs17022023_1.pdf
223,Nifty Midcap 150,PAGEIND,2020-09-25,2023-03-31,,press_release,https://niftyindices.com/Press_Release/ind_prs20082020.pdf,closed by ind_prs17022023_1.pdf
223,Nifty Midcap 150,SANOFI,2014-01-01,2023-03-31,,snapshot_floor,,closed by ind_prs17022023_1.pdf
223,Nifty Midcap 150,VBL,2017-09-29,2023-03-31,,press_release,https://niftyindices.com/Press_Release/ind_prs28082017.pdf,closed by ind_prs17022023_1.pdf
223,Nifty Midcap 150,JINDALSTEL,2022-03-31,2023-07-13,,press_release,https://niftyindices.com/Press_Release/ind_prs24022022_1.pdf,closed by ind_prs04072023.pdf
223,Nifty Midcap 150,AAVAS,2019-09-27,2023-09-29,,press_release,https://niftyindices.com/Press_Release/ind_prs28082019.pdf,closed by ind_prs17082023.pdf
223,Nifty Midcap 150,AFFLE,2021-09-30,2023-09-29,,press_release,https://niftyindices.com/Press_Release/ind_prs15092021.pdf,closed by ind_prs17082023.pdf
223,Nifty Midcap 150,ALKYLAMINE,2021-09-30,2023-09-29,,press_release,https://niftyindices.com/Press_Release/ind_prs15092021.pdf,closed by ind_prs17082023.pdf
223,Nifty Midcap 150,CLEAN,2022-03-31,2023-09-29,,press_release,https://niftyindices.com/Press_Release/ind_prs24022022_1.pdf,closed by ind_prs17082023.pdf
223,Nifty Midcap 150,FINEORG,2023-03-31,2023-09-29,,press_release,https://niftyindices.com/Press_Release/ind_prs17022023_1.pdf,closed by ind_prs17082023.pdf
223,Nifty Midcap 150,HAPPSTMNDS,2022-03-31,2023-09-29,,press_release,https://niftyindices.com/Press_Release/ind_prs24022022_1.pdf,closed by ind_prs17082023.pdf
223,Nifty Midcap 150,NAM-INDIA,2018-09-28,2023-09-29,,press_release,https://niftyindices.com/Press_Release/ind_prs28082018.pdf,closed by ind_prs17082023.pdf
223,Nifty Midcap 150,PNB,2022-09-30,2023-09-29,,press_release,https://niftyindices.com/Press_Release/ind_prs01092022.pdf,closed by ind_prs17082023.pdf
223,Nifty Midcap 150,SHRIRAMFIN,2020-09-25,2023-09-29,,press_release,https://niftyindices.com/Press_Release/ind_prs20082020.pdf,closed by ind_prs17082023.pdf
223,Nifty Midcap 150,TTML,2022-03-31,2023-09-29,,press_release,https://niftyindices.com/Press_Release/ind_prs24022022_1.pdf,closed by ind_prs17082023.pdf
223,Nifty Midcap 150,TRENT,2014-01-01,2023-09-29,,snapshot_floor,,closed by ind_prs17082023.pdf
223,Nifty Midcap 150,TVSMOTOR,2014-01-01,2023-09-29,,snapshot_floor,,closed by ind_prs17082023.pdf
223,Nifty Midcap 150,ZYDUSLIFE,2022-09-30,2023-09-29,,press_release,https://niftyindices.com/Press_Release/ind_prs01092022.pdf,closed by ind_prs17082023.pdf
223,Nifty Midcap 150,AARTIIND,2023-03-31,2024-03-28,,press_release,https://niftyindices.com/Press_Release/ind_prs17022023_1.pdf,closed by ind_prs28022024.pdf
223,Nifty Midcap 150,ADANIPOWER,2023-03-31,2024-03-28,,press_release,https://niftyindices.com/Press_Release/ind_prs17022023_1.pdf,closed by ind_prs28022024.pdf
223,Nifty Midcap 150,BLUEDART,2021-09-30,2024-03-28,,press_release,https://niftyindices.com/Press_Release/ind_prs15092021.pdf,closed by ind_prs28022024.pdf
223,Nifty Midcap 150,CROMPTON,2014-01-01,2024-03-28,,snapshot_floor,,closed by ind_prs28022024.pdf
223,Nifty Midcap 150,IRFC,2021-09-30,2024-03-28,,press_release,https://niftyindices.com/Press_Release/ind_prs15092021.pdf,closed by ind_prs28022024.pdf
223,Nifty Midcap 150,NAVINFLUOR,2020-09-25,2024-03-28,,press_release,https://niftyindices.com/Press_Release/ind_prs20082020.pdf,closed by ind_prs28022024.pdf
223,Nifty Midcap 150,PFIZER,2014-01-01,2024-03-28,,snapshot_floor,,closed by ind_prs28022024.pdf
223,Nifty Midcap 150,PFC,2021-03-31,2024-03-28,,press_release,https://niftyindices.com/Press_Release/ind_prs23022021.pdf,closed by ind_prs28022024.pdf
223,Nifty Midcap 150,RAJESHEXPO,2014-01-01,2024-03-28,,snapshot_floor,,closed by ind_prs28022024.pdf
223,Nifty Midcap 150,RECLTD,2018-09-28,2024-03-28,,press_release,https://niftyindices.com/Press_Release/ind_prs28082018.pdf,closed by ind_prs28022024.pdf
223,Nifty Midcap 150,RELAXO,2019-03-29,2024-03-28,,press_release,https://niftyindices.com/Press_Release/ind_prs25022019.pdf,closed by ind_prs28022024.pdf
223,Nifty Midcap 150,TRIDENT,2022-03-31,2024-03-28,,press_release,https://niftyindices.com/Press_Release/ind_prs24022022_1.pdf,closed by ind_prs28022024.pdf
223,Nifty Midcap 150,VINATIORGA,2019-09-27,2024-03-28,,press_release,https://niftyindices.com/Press_Release/ind_prs28082019.pdf,closed by ind_prs28022024.pdf
223,Nifty Midcap 150,WHIRLPOOL,2014-01-01,2024-03-28,,snapshot_floor,,closed by ind_prs28022024.pdf
223,Nifty Midcap 150,ATUL,2019-03-29,2024-09-30,,press_release,https://niftyindices.com/Press_Release/ind_prs25022019.pdf,closed by ind_prs23082024.pdf
223,Nifty Midcap 150,BATAINDIA,2014-01-01,2024-09-30,,snapshot_floor,,closed by ind_prs23082024.pdf
223,Nifty Midcap 150,BHEL,2019-09-27,2024-09-30,,press_release,https://niftyindices.com/Press_Release/ind_prs28082019.pdf,closed by ind_prs23082024.pdf
223,Nifty Midcap 150,DEVYANI,2022-09-30,2024-09-30,,press_release,https://niftyindices.com/Press_Release/ind_prs01092022.pdf,closed by ind_prs23082024.pdf
223,Nifty Midcap 150,LALPATHLAB,2019-12-27,2024-09-30,,press_release,https://niftyindices.com/Press_Release/ind_prs16122019.pdf,closed by ind_prs23082024.pdf
223,Nifty Midcap 150,ISEC,2018-09-28,2024-09-30,,press_release,https://niftyindices.com/Press_Release/ind_prs28082018.pdf,closed by ind_prs23082024.pdf
223,Nifty Midcap 150,JSWENERGY,2014-01-01,2024-09-30,,snapshot_floor,,closed by ind_prs23082024.pdf
223,Nifty Midcap 150,KAJARIACER,2021-09-30,2024-09-30,,press_release,https://niftyindices.com/Press_Release/ind_prs15092021.pdf,closed by ind_prs23082024.pdf
223,Nifty Midcap 150,KANSAINER,2014-01-01,2024-09-30,,snapshot_floor,,closed by ind_prs23082024.pdf
223,Nifty Midcap 150,LAURUSLABS,2021-03-31,2024-09-30,,press_release,https://niftyindices.com/Press_Release/ind_prs23022021.pdf,closed by ind_prs23082024.pdf
223,Nifty Midcap 150,LODHA,2021-09-30,2024-09-30,,press_release,https://niftyindices.com/Press_Release/ind_prs15092021.pdf,closed by ind_prs23082024.pdf
223,Nifty Midcap 150,NHPC,2020-09-25,2024-09-30,,press_release,https://niftyindices.com/Press_Release/ind_prs20082020.pdf,closed by ind_prs23082024.pdf
223,Nifty Midcap 150,PEL,2023-03-31,2024-09-30,,press_release,https://niftyindices.com/Press_Release/ind_prs17022023_1.pdf,closed by ind_prs23082024.pdf
223,Nifty Midcap 150,SUMICHEM,2020-06-26,2024-09-30,,press_release,https://niftyindices.com/Press_Release/ind_prs10062020.pdf,closed by ind_prs23082024.pdf
223,Nifty Midcap 150,RAMCOCEM,2014-01-01,2024-09-30,,snapshot_floor,,closed by ind_prs23082024.pdf
223,Nifty Midcap 150,UNIONBANK,2014-01-01,2024-09-30,,snapshot_floor,,closed by ind_prs23082024.pdf
223,Nifty Midcap 150,MANYAVAR,2022-09-30,2024-09-30,,press_release,https://niftyindices.com/Press_Release/ind_prs01092022.pdf,closed by ind_prs23082024.pdf
223,Nifty Midcap 150,IDEA,2020-06-26,2024-09-30,,press_release,https://niftyindices.com/Press_Release/ind_prs10062020.pdf,closed by ind_prs23082024.pdf
223,Nifty Midcap 150,ZEEL,2020-09-25,2024-09-30,,press_release,https://niftyindices.com/Press_Release/ind_prs20082020.pdf,closed by ind_prs23082024.pdf
223,Nifty Midcap 150,BAYERCROP,2019-09-27,2025-03-28,,press_release,https://niftyindices.com/Press_Release/ind_prs28082019.pdf,closed by ind_prs21022025.pdf
223,Nifty Midcap 150,CARBORUNIV,2023-09-29,2025-03-28,,press_release,https://niftyindices.com/Press_Release/ind_prs17082023.pdf,closed by ind_prs21022025.pdf
223,Nifty Midcap 150,CGPOWER,2022-03-31,2025-03-28,,press_release,https://niftyindices.com/Press_Release/ind_prs24022022_1.pdf,closed by ind_prs21022025.pdf
223,Nifty Midcap 150,DELHIVERY,2022-08-08,2025-03-28,,press_release,https://niftyindices.com/Press_Release/ind_prs11072022.pdf,closed by ind_prs21022025.pdf
223,Nifty Midcap 150,FACT,2023-09-29,2025-03-28,,press_release,https://niftyindices.com/Press_Release/ind_prs17082023.pdf,closed by ind_prs21022025.pdf
223,Nifty Midcap 150,GRINDWELL,2022-03-31,2025-03-28,,press_release,https://niftyindices.com/Press_Release/ind_prs24022022_1.pdf,closed by ind_prs21022025.pdf
223,Nifty Midcap 150,IDBI,2024-03-28,2025-03-28,,press_release,https://niftyindices.com/Press_Release/ind_prs28022024.pdf,closed by ind_prs21022025.pdf
223,Nifty Midcap 150,INDHOTEL,2014-01-01,2025-03-28,,snapshot_floor,,closed by ind_prs21022025.pdf
223,Nifty Midcap 150,IOB,2024-09-30,2025-03-28,,press_release,https://niftyindices.com/Press_Release/ind_prs23082024.pdf,closed by ind_prs21022025.pdf
223,Nifty Midcap 150,METROBRAND,2023-03-31,2025-03-28,,press_release,https://niftyindices.com/Press_Release/ind_prs17022023_1.pdf,closed by ind_prs21022025.pdf
223,Nifty Midcap 150,POONAWALLA,2022-09-30,2025-03-28,,press_release,https://niftyindices.com/Press_Release/ind_prs01092022.pdf,closed by ind_prs21022025.pdf
223,Nifty Midcap 150,PGHH,2024-03-28,2025-03-28,,press_release,https://niftyindices.com/Press_Release/ind_prs28022024.pdf,closed by ind_prs21022025.pdf
223,Nifty Midcap 150,SKFINDIA,2014-01-01,2025-03-28,,snapshot_floor,,closed by ind_prs21022025.pdf
223,Nifty Midcap 150,SUNDRMFAST,2017-09-29,2025-03-28,,press_release,https://niftyindices.com/Press_Release/ind_prs28082017.pdf,closed by ind_prs21022025.pdf
223,Nifty Midcap 150,TATACHEM,2020-09-25,2025-03-28,,press_release,https://niftyindices.com/Press_Release/ind_prs20082020.pdf,closed by ind_prs21022025.pdf
223,Nifty Midcap 150,TIMKEN,2023-03-31,2025-03-28,,press_release,https://niftyindices.com/Press_Release/ind_prs17022023_1.pdf,closed by ind_prs21022025.pdf
223,Nifty Midcap 150,ZFCVINDIA,2021-09-30,2025-03-28,,press_release,https://niftyindices.com/Press_Release/ind_prs15092021.pdf,closed by ind_prs21022025.pdf
223,Nifty Midcap 150,ABFRL,2014-01-01,2025-09-30,,snapshot_floor,,closed by ind_prs22082025.pdf
223,Nifty Midcap 150,BANDHANBNK,2023-03-31,2025-09-30,,press_release,https://niftyindices.com/Press_Release/ind_prs17022023_1.pdf,closed by ind_prs22082025.pdf
223,Nifty Midcap 150,EMAMILTD,2018-09-28,2025-09-30,,press_release,https://niftyindices.com/Press_Release/ind_prs28082018.pdf,closed by ind_prs22082025.pdf
223,Nifty Midcap 150,GLAND,2023-03-31,2025-09-30,,press_release,https://niftyindices.com/Press_Release/ind_prs17022023_1.pdf,closed by ind_prs22082025.pdf
223,Nifty Midcap 150,HINDZINC,2021-03-31,2025-09-30,,press_release,https://niftyindices.com/Press_Release/ind_prs23022021.pdf,closed by ind_prs22082025.pdf
223,Nifty Midcap 150,MRPL,2024-09-30,2025-09-30,,press_release,https://niftyindices.com/Press_Release/ind_prs23082024.pdf,closed by ind_prs22082025.pdf
223,Nifty Midcap 150,MAXHEALTH,2021-03-31,2025-09-30,,press_release,https://niftyindices.com/Press_Release/ind_prs23022021.pdf,closed by ind_prs22082025.pdf
223,Nifty Midcap 150,MAZDOCK,2023-09-29,2025-09-30,,press_release,https://niftyindices.com/Press_Release/ind_prs17082023.pdf,closed by ind_prs22082025.pdf
223,Nifty Midcap 150,MOTHERSON,2022-09-30,2025-09-30,,press_release,https://niftyindices.com/Press_Release/ind_prs01092022.pdf,closed by ind_prs22082025.pdf
223,Nifty Midcap 150,OLAELEC,2025-03-28,2025-09-30,,press_release,https://niftyindices.com/Press_Release/ind_prs21022025.pdf,closed by ind_prs22082025.pdf
223,Nifty Midcap 150,SOLARINDS,2014-01-01,2025-09-30,,snapshot_floor,,closed by ind_prs22082025.pdf
223,Nifty Midcap 150,STARHEALTH,2022-03-31,2025-09-30,,press_release,https://niftyindices.com/Press_Release/ind_prs24022022_1.pdf,closed by ind_prs22082025.pdf
223,Nifty Midcap 150,SUNTV,2019-03-29,2025-09-30,,press_release,https://niftyindices.com/Press_Release/ind_prs25022019.pdf,closed by ind_prs22082025.pdf
223,Nifty Midcap 150,CUMMINSIND,2018-09-28,2026-03-30,,press_release,https://niftyindices.com/Press_Release/ind_prs28082018.pdf,closed by ind_prs23022026.pdf
223,Nifty Midcap 150,DEEPAKNTR,2021-03-31,2026-03-30,,press_release,https://niftyindices.com/Press_Release/ind_prs23022021.pdf,closed by ind_prs23022026.pdf
223,Nifty Midcap 150,FACT,2025-09-30,2026-03-30,,press_release,https://niftyindices.com/Press_Release/ind_prs22082025.pdf,closed by ind_prs23022026.pdf
223,Nifty Midcap 150,GUJGASLTD,2014-01-01,2026-03-30,,snapshot_floor,,closed by ind_prs23022026.pdf
223,Nifty Midcap 150,HDFCAMC,2023-09-29,2026-03-30,,press_release,https://niftyindices.com/Press_Release/ind_prs17082023.pdf,closed by ind_prs23022026.pdf
223,Nifty Midcap 150,IDBI,2025-09-30,2026-03-30,,press_release,https://niftyindices.com/Press_Release/ind_prs22082025.pdf,closed by ind_prs23022026.pdf
223,Nifty Midcap 150,IOB,2025-09-30,2026-03-30,,press_release,https://niftyindices.com/Press_Release/ind_prs22082025.pdf,closed by ind_prs23022026.pdf
223,Nifty Midcap 150,IGL,2022-03-31,2026-03-30,,press_release,https://niftyindices.com/Press_Release/ind_prs24022022_1.pdf,closed by ind_prs23022026.pdf
223,Nifty Midcap 150,IRB,2024-09-30,2026-03-30,,press_release,https://niftyindices.com/Press_Release/ind_prs23082024.pdf,closed by ind_prs23022026.pdf
223,Nifty Midcap 150,MUTHOOTFIN,2024-03-28,2026-03-30,,press_release,https://niftyindices.com/Press_Release/ind_prs28022024.pdf,closed by ind_prs23022026.pdf
223,Nifty Midcap 150,PGHH,2025-09-30,2026-03-30,,press_release,https://niftyindices.com/Press_Release/ind_prs22082025.pdf,closed by ind_prs23022026.pdf
223,Nifty Midcap 150,SONACOMS,2021-10-29,2026-03-30,,press_release,https://niftyindices.com/Press_Release/ind_prs22102021.pdf,closed by ind_prs23022026.pdf
223,Nifty Midcap 150,SYNGENE,2014-01-01,2026-03-30,,snapshot_floor,,closed by ind_prs23022026.pdf
223,Nifty Midcap 150,TATATECH,2024-03-28,2026-03-30,,press_release,https://niftyindices.com/Press_Release/ind_prs28022024.pdf,closed by ind_prs23022026.pdf
223,Nifty Midcap 150,UCOBANK,2025-09-30,2026-03-30,,press_release,https://niftyindices.com/Press_Release/ind_prs22082025.pdf,closed by ind_prs23022026.pdf
223,Nifty Midcap 150,UNIONBANK,2025-03-28,2026-03-30,,press_release,https://niftyindices.com/Press_Release/ind_prs21022025.pdf,closed by ind_prs23022026.pdf
223,Nifty Midcap 150,CRISIL,2014-01-01,,,snapshot_floor,,
223,Nifty Midcap 150,3MINDIA,2014-01-01,,,snapshot_floor,,
223,Nifty Midcap 150,PRESTIGE,2014-01-01,,,snapshot_floor,,
223,Nifty Midcap 150,BANKINDIA,2014-01-01,,,snapshot_floor,,
223,Nifty Midcap 150,AUBANK,2014-01-01,,,snapshot_floor,,
223,Nifty Midcap 150,GODREJIND,2014-01-01,,,snapshot_floor,,
223,Nifty Midcap 150,AJANTPHARM,2014-01-01,,,snapshot_floor,,
223,Nifty Midcap 150,IDFCFIRSTB,2014-01-01,,,snapshot_floor,,
223,Nifty Midcap 150,GODREJPROP,2014-01-01,,,snapshot_floor,,
223,Nifty Midcap 150,FEDERALBNK,2014-01-01,,,snapshot_floor,,
223,Nifty Midcap 150,VOLTAS,2014-01-01,,,snapshot_floor,,
223,Nifty Midcap 150,PHOENIXLTD,2014-01-01,,,snapshot_floor,,
223,Nifty Midcap 150,TORNTPOWER,2014-01-01,,,snapshot_floor,,
223,Nifty Midcap 150,BALKRISIND,2014-01-01,,,snapshot_floor,,
223,Nifty Midcap 150,SUPREMEIND,2014-01-01,,,snapshot_floor,,
223,Nifty Midcap 150,M&MFIN,2014-01-01,,,snapshot_floor,,
223,Nifty Midcap 150,THERMAX,2014-01-01,,,snapshot_floor,,
223,Nifty Midcap 150,AIAENG,2014-01-01,,,snapshot_floor,,
223,Nifty Midcap 150,COROMANDEL,2014-01-01,,,snapshot_floor,,
223,Nifty Midcap 150,OBEROIRLTY,2014-01-01,,,snapshot_floor,,
223,Nifty Midcap 150,BHARATFORG,2017-03-31,,,press_release,https://niftyindices.com/Press_Release/ind_prs16022017.pdf,
223,Nifty Midcap 150,ENDURANCE,2017-03-31,,,press_release,https://niftyindices.com/Press_Release/ind_prs16022017.pdf,
223,Nifty Midcap 150,LTTS,2017-03-31,,,press_release,https://niftyindices.com/Press_Release/ind_prs16022017.pdf,
223,Nifty Midcap 150,MFSL,2017-09-29,,,press_release,https://niftyindices.com/Press_Release/ind_prs29082017.pdf,
223,Nifty Midcap 150,GLAXO,2018-04-02,,,press_release,https://niftyindices.com/Press_Release/ind_prs21022018.pdf,
223,Nifty Midcap 150,HONAUT,2018-04-02,,,press_release,https://niftyindices.com/Press_Release/ind_prs21022018.pdf,
223,Nifty Midcap 150,ASTRAL,2018-09-28,,,press_release,https://niftyindices.com/Press_Release/ind_prs28082018.pdf,
223,Nifty Midcap 150,ESCORTS,2018-09-28,,,press_release,https://niftyindices.com/Press_Release/ind_prs28082018.pdf,
223,Nifty Midcap 150,SUNDARMFIN,2018-09-28,,,press_release,https://niftyindices.com/Press_Release/ind_prs28082018.pdf,
223,Nifty Midcap 150,ABCAPITAL,2019-03-29,,,press_release,https://niftyindices.com/Press_Release/ind_prs25022019.pdf,
223,Nifty Midcap 150,IPCALAB,2019-03-29,,,press_release,https://niftyindices.com/Press_Release/ind_prs25022019.pdf,
223,Nifty Midcap 150,LICHSGFIN,2019-03-29,,,press_release,https://niftyindices.com/Press_Release/ind_prs25022019.pdf,
223,Nifty Midcap 150,OIL,2019-03-29,,,press_release,https://niftyindices.com/Press_Release/ind_prs25022019.pdf,
223,Nifty Midcap 150,DALBHARAT,2019-06-28,,,press_release,https://niftyindices.com/Press_Release/ind_prs13062019.pdf,
223,Nifty Midcap 150,FORTIS,2019-09-27,,,press_release,https://niftyindices.com/Press_Release/ind_prs28082019.pdf,
223,Nifty Midcap 150,POLYCAB,2019-12-27,,,press_release,https://niftyindices.com/Press_Release/ind_prs16122019.pdf,
223,Nifty Midcap 150,SCHAEFFLER,2019-12-27,,,press_release,https://niftyindices.com/Press_Release/ind_prs16122019.pdf,
223,Nifty Midcap 150,ASHOKLEY,2020-06-26,,,press_release,https://niftyindices.com/Press_Release/ind_prs10062020.pdf,
223,Nifty Midcap 150,JKCEMENT,2020-06-26,,,press_release,https://niftyindices.com/Press_Release/ind_prs10062020.pdf,
223,Nifty Midcap 150,LTF,2020-06-26,,,press_release,https://niftyindices.com/Press_Release/ind_prs10062020.pdf,
223,Nifty Midcap 150,UNOMINDA,2020-06-26,,,press_release,https://niftyindices.com/Press_Release/ind_prs10062020.pdf,
223,Nifty Midcap 150,COFORGE,2020-06-26,,,press_release,https://niftyindices.com/Press_Release/ind_prs10062020.pdf,
223,Nifty Midcap 150,TATACOMM,2020-06-26,,,press_release,https://niftyindices.com/Press_Release/ind_prs10062020.pdf,
223,Nifty Midcap 150,NIACL,2020-06-26,,,press_release,https://niftyindices.com/Press_Release/ind_prs10062020.pdf,
223,Nifty Midcap 150,TIINDIA,2020-09-25,,,press_release,https://niftyindices.com/Press_Release/ind_prs20082020.pdf,
223,Nifty Midcap 150,CONCOR,2021-03-31,,,press_release,https://niftyindices.com/Press_Release/ind_prs23022021.pdf,
223,Nifty Midcap 150,DIXON,2021-03-31,,,press_release,https://niftyindices.com/Press_Release/ind_prs23022021.pdf,
223,Nifty Midcap 150,GICRE,2021-03-31,,,press_release,https://niftyindices.com/Press_Release/ind_prs23022021.pdf,
223,Nifty Midcap 150,OFSS,2021-03-31,,,press_release,https://niftyindices.com/Press_Release/ind_prs23022021.pdf,
223,Nifty Midcap 150,PERSISTENT,2021-03-31,,,press_release,https://niftyindices.com/Press_Release/ind_prs23022021.pdf,
223,Nifty Midcap 150,TATAELXSI,2021-03-31,,,press_release,https://niftyindices.com/Press_Release/ind_prs23022021.pdf,
223,Nifty Midcap 150,ABBOTINDIA,2021-09-30,,,press_release,https://niftyindices.com/Press_Release/ind_prs15092021.pdf,
223,Nifty Midcap 150,ALKEM,2021-09-30,,,press_release,https://niftyindices.com/Press_Release/ind_prs15092021.pdf,
223,Nifty Midcap 150,APLAPOLLO,2021-09-30,,,press_release,https://niftyindices.com/Press_Release/ind_prs15092021.pdf,
223,Nifty Midcap 150,INDIANB,2021-09-30,,,press_release,https://niftyindices.com/Press_Release/ind_prs15092021.pdf,
223,Nifty Midcap 150,LINDEINDIA,2021-09-30,,,press_release,https://niftyindices.com/Press_Release/ind_prs15092021.pdf,
223,Nifty Midcap 150,MRF,2021-09-30,,,press_release,https://niftyindices.com/Press_Release/ind_prs15092021.pdf,
223,Nifty Midcap 150,PETRONET,2021-09-30,,,press_release,https://niftyindices.com/Press_Release/ind_prs15092021.pdf,
223,Nifty Midcap 150,UBL,2021-09-30,,,press_release,https://niftyindices.com/Press_Release/ind_prs15092021.pdf,
223,Nifty Midcap 150,AUROPHARMA,2022-03-31,,,press_release,https://niftyindices.com/Press_Release/ind_prs24022022_1.pdf,
223,Nifty Midcap 150,FLUOROCHEM,2022-03-31,,,press_release,https://niftyindices.com/Press_Release/ind_prs24022022_1.pdf,
223,Nifty Midcap 150,HINDPETRO,2022-03-31,,,press_release,https://niftyindices.com/Press_Release/ind_prs24022022_1.pdf,
223,Nifty Midcap 150,POLICYBZR,2022-03-31,,,press_release,https://niftyindices.com/Press_Release/ind_prs24022022_1.pdf,
223,Nifty Midcap 150,YESBANK,2022-03-31,,,press_release,https://niftyindices.com/Press_Release/ind_prs24022022_1.pdf,
223,Nifty Midcap 150,GMRAIRPORT,2022-05-04,,,press_release,https://niftyindices.com/Press_Release/ind_prs05042022.pdf,
223,Nifty Midcap 150,JUBLFOOD,2022-09-30,,,press_release,https://niftyindices.com/Press_Release/ind_prs01092022.pdf,
223,Nifty Midcap 150,KPRMILL,2022-09-30,,,press_release,https://niftyindices.com/Press_Release/ind_prs01092022.pdf,
223,Nifty Midcap 150,LUPIN,2022-09-30,,,press_release,https://niftyindices.com/Press_Release/ind_prs01092022.pdf,
223,Nifty Midcap 150,PATANJALI,2022-09-30,,,press_release,https://niftyindices.com/Press_Release/ind_prs01092022.pdf,
223,Nifty Midcap 150,SAIL,2022-09-30,,,press_release,https://niftyindices.com/Press_Release/ind_prs01092022.pdf,
223,Nifty Midcap 150,APOLLOTYRE,2023-03-31,,,press_release,https://niftyindices.com/Press_Release/ind_prs17022023_1.pdf,
223,Nifty Midcap 150,BIOCON,2023-03-31,,,press_release,https://niftyindices.com/Press_Release/ind_prs17022023_1.pdf,
223,Nifty Midcap 150,MPHASIS,2023-03-31,,,press_release,https://niftyindices.com/Press_Release/ind_prs17022023_1.pdf,
223,Nifty Midcap 150,NMDC,2023-03-31,,,press_release,https://niftyindices.com/Press_Release/ind_prs17022023_1.pdf,
223,Nifty Midcap 150,PAYTM,2023-03-31,,,press_release,https://niftyindices.com/Press_Release/ind_prs17022023_1.pdf,
223,Nifty Midcap 150,MANKIND,2023-07-13,,,press_release,https://niftyindices.com/Press_Release/ind_prs04072023.pdf,
223,Nifty Midcap 150,ACC,2023-09-29,,,press_release,https://niftyindices.com/Press_Release/ind_prs17082023.pdf,
223,Nifty Midcap 150,MAHABANK,2023-09-29,,,press_release,https://niftyindices.com/Press_Release/ind_prs17082023.pdf,
223,Nifty Midcap 150,BDL,2023-09-29,,,press_release,https://niftyindices.com/Press_Release/ind_prs17082023.pdf,
223,Nifty Midcap 150,NYKAA,2023-09-29,,,press_release,https://niftyindices.com/Press_Release/ind_prs17082023.pdf,
223,Nifty Midcap 150,INDUSTOWER,2023-09-29,,,press_release,https://niftyindices.com/Press_Release/ind_prs17082023.pdf,
223,Nifty Midcap 150,JSL,2023-09-29,,,press_release,https://niftyindices.com/Press_Release/ind_prs17082023.pdf,
223,Nifty Midcap 150,KPITTECH,2023-09-29,,,press_release,https://niftyindices.com/Press_Release/ind_prs17082023.pdf,
223,Nifty Midcap 150,PAGEIND,2023-09-29,,,press_release,https://niftyindices.com/Press_Release/ind_prs17082023.pdf,
223,Nifty Midcap 150,RVNL,2023-09-29,,,press_release,https://niftyindices.com/Press_Release/ind_prs17082023.pdf,
223,Nifty Midcap 150,AWL,2024-03-28,,,press_release,https://niftyindices.com/Press_Release/ind_prs28022024.pdf,
223,Nifty Midcap 150,IREDA,2024-09-30,,,press_release,https://niftyindices.com/Press_Release/ind_prs23082024.pdf,
223,Nifty Midcap 150,JSWINFRA,2024-03-28,,,press_release,https://niftyindices.com/Press_Release/ind_prs28022024.pdf,
223,Nifty Midcap 150,KALYANKJIL,2024-03-28,,,press_release,https://niftyindices.com/Press_Release/ind_prs28022024.pdf,
223,Nifty Midcap 150,KEI,2024-03-28,,,press_release,https://niftyindices.com/Press_Release/ind_prs28022024.pdf,
223,Nifty Midcap 150,LLOYDSME,2024-03-28,,,press_release,https://niftyindices.com/Press_Release/ind_prs28022024.pdf,
223,Nifty Midcap 150,PIIND,2024-03-28,,,press_release,https://niftyindices.com/Press_Release/ind_prs28022024.pdf,
223,Nifty Midcap 150,SJVN,2024-03-28,,,press_release,https://niftyindices.com/Press_Release/ind_prs28022024.pdf,
223,Nifty Midcap 150,SUZLON,2024-03-28,,,press_release,https://niftyindices.com/Press_Release/ind_prs28022024.pdf,
223,Nifty Midcap 150,UPL,2024-03-28,,,press_release,https://niftyindices.com/Press_Release/ind_prs28022024.pdf,
223,Nifty Midcap 150,BSE,2024-03-28,,,amendment,https://niftyindices.com/Press_Release/ind_prs19032024.pdf,
223,Nifty Midcap 150,BERGEPAINT,2024-09-30,,,press_release,https://niftyindices.com/Press_Release/ind_prs23082024.pdf,
223,Nifty Midcap 150,BHARTIHEXA,2024-09-30,,,press_release,https://niftyindices.com/Press_Release/ind_prs23082024.pdf,
223,Nifty Midcap 150,CENTRALBK,2024-09-30,2025-03-31,,press_release,https://niftyindices.com/Press_Release/ind_prs23082024.pdf,"inferred-exclude: not in NSE current snapshot, no PR found (closed at next semi-annual review)"
223,Nifty Midcap 150,COCHINSHIP,2024-09-30,,,press_release,https://niftyindices.com/Press_Release/ind_prs23082024.pdf,
223,Nifty Midcap 150,COLPAL,2024-09-30,,,press_release,https://niftyindices.com/Press_Release/ind_prs23082024.pdf,
223,Nifty Midcap 150,EXIDEIND,2024-09-30,,,press_release,https://niftyindices.com/Press_Release/ind_prs23082024.pdf,
223,Nifty Midcap 150,MEDANTA,2024-09-30,,,press_release,https://niftyindices.com/Press_Release/ind_prs23082024.pdf,
223,Nifty Midcap 150,POWERINDIA,2024-09-30,,,press_release,https://niftyindices.com/Press_Release/ind_prs23082024.pdf,
223,Nifty Midcap 150,HUDCO,2024-09-30,,,press_release,https://niftyindices.com/Press_Release/ind_prs23082024.pdf,
223,Nifty Midcap 150,MARICO,2024-09-30,,,press_release,https://niftyindices.com/Press_Release/ind_prs23082024.pdf,
223,Nifty Midcap 150,NAM-INDIA,2024-09-30,,,press_release,https://niftyindices.com/Press_Release/ind_prs23082024.pdf,
223,Nifty Midcap 150,NLCINDIA,2024-09-30,,,press_release,https://niftyindices.com/Press_Release/ind_prs23082024.pdf,
223,Nifty Midcap 150,SBICARD,2024-09-30,,,press_release,https://niftyindices.com/Press_Release/ind_prs23082024.pdf,
223,Nifty Midcap 150,SRF,2024-09-30,,,press_release,https://niftyindices.com/Press_Release/ind_prs23082024.pdf,
223,Nifty Midcap 150,TATAINVEST,2024-09-30,,,press_release,https://niftyindices.com/Press_Release/ind_prs23082024.pdf,
223,Nifty Midcap 150,360ONE,2025-03-28,,,press_release,https://niftyindices.com/Press_Release/ind_prs21022025.pdf,
223,Nifty Midcap 150,ATGL,2025-03-28,,,press_release,https://niftyindices.com/Press_Release/ind_prs21022025.pdf,
223,Nifty Midcap 150,APARINDS,2025-03-28,,,press_release,https://niftyindices.com/Press_Release/ind_prs21022025.pdf,
223,Nifty Midcap 150,BHEL,2025-03-28,,,press_release,https://niftyindices.com/Press_Release/ind_prs21022025.pdf,
223,Nifty Midcap 150,BLUESTARCO,2025-03-28,,,press_release,https://niftyindices.com/Press_Release/ind_prs21022025.pdf,
223,Nifty Midcap 150,GVT&D,2025-03-28,,,press_release,https://niftyindices.com/Press_Release/ind_prs21022025.pdf,
223,Nifty Midcap 150,GLENMARK,2025-03-28,,,press_release,https://niftyindices.com/Press_Release/ind_prs21022025.pdf,
223,Nifty Midcap 150,IRCTC,2025-03-28,,,press_release,https://niftyindices.com/Press_Release/ind_prs21022025.pdf,
223,Nifty Midcap 150,MOTILALOFS,2025-03-28,,,press_release,https://niftyindices.com/Press_Release/ind_prs21022025.pdf,
223,Nifty Midcap 150,NATIONALUM,2025-03-28,,,press_release,https://niftyindices.com/Press_Release/ind_prs21022025.pdf,
223,Nifty Midcap 150,NHPC,2025-03-28,,,press_release,https://niftyindices.com/Press_Release/ind_prs21022025.pdf,
223,Nifty Midcap 150,NTPCGREEN,2025-03-28,,,press_release,https://niftyindices.com/Press_Release/ind_prs21022025.pdf,
223,Nifty Midcap 150,PREMIERENE,2025-03-28,,,press_release,https://niftyindices.com/Press_Release/ind_prs21022025.pdf,
223,Nifty Midcap 150,VMM,2025-03-28,,,press_release,https://niftyindices.com/Press_Release/ind_prs21022025.pdf,
223,Nifty Midcap 150,WAAREEENER,2025-03-28,,,press_release,https://niftyindices.com/Press_Release/ind_prs21022025.pdf,
223,Nifty Midcap 150,DABUR,2025-09-30,,,press_release,https://niftyindices.com/Press_Release/ind_prs22082025.pdf,
223,Nifty Midcap 150,GODFRYPHLP,2025-09-30,,,press_release,https://niftyindices.com/Press_Release/ind_prs22082025.pdf,
223,Nifty Midcap 150,HEROMOTOCO,2025-09-30,,,press_release,https://niftyindices.com/Press_Release/ind_prs22082025.pdf,
223,Nifty Midcap 150,HEXT,2025-09-30,,,press_release,https://niftyindices.com/Press_Release/ind_prs22082025.pdf,
223,Nifty Midcap 150,ICICIPRULI,2025-09-30,,,press_release,https://niftyindices.com/Press_Release/ind_prs22082025.pdf,
223,Nifty Midcap 150,INDUSINDBK,2025-09-30,,,press_release,https://niftyindices.com/Press_Release/ind_prs22082025.pdf,
223,Nifty Midcap 150,ITCHOTELS,2025-09-30,,,press_release,https://niftyindices.com/Press_Release/ind_prs22082025.pdf,
223,Nifty Midcap 150,SWIGGY,2025-09-30,,,press_release,https://niftyindices.com/Press_Release/ind_prs22082025.pdf,
223,Nifty Midcap 150,ANTHEM,2026-03-30,,,press_release,https://niftyindices.com/Press_Release/ind_prs23022026.pdf,
223,Nifty Midcap 150,AIIL,2026-03-30,,,press_release,https://niftyindices.com/Press_Release/ind_prs23022026.pdf,
223,Nifty Midcap 150,BAJAJHFL,2026-03-30,,,press_release,https://niftyindices.com/Press_Release/ind_prs23022026.pdf,
223,Nifty Midcap 150,GROWW,2026-03-30,,,press_release,https://niftyindices.com/Press_Release/ind_prs23022026.pdf,
223,Nifty Midcap 150,HAVELLS,2026-03-30,,,press_release,https://niftyindices.com/Press_Release/ind_prs23022026.pdf,
223,Nifty Midcap 150,HDBFS,2026-03-30,,,press_release,https://niftyindices.com/Press_Release/ind_prs23022026.pdf,
223,Nifty Midcap 150,ICICIGI,2026-03-30,,,press_release,https://niftyindices.com/Press_Release/ind_prs23022026.pdf,
223,Nifty Midcap 150,ICICIAMC,2026-03-30,,,press_release,https://niftyindices.com/Press_Release/ind_prs23022026.pdf,
223,Nifty Midcap 150,NAUKRI,2026-03-30,,,press_release,https://niftyindices.com/Press_Release/ind_prs23022026.pdf,
223,Nifty Midcap 150,JSWENERGY,2026-03-30,,,press_release,https://niftyindices.com/Press_Release/ind_prs23022026.pdf,
223,Nifty Midcap 150,LAURUSLABS,2026-03-30,,,press_release,https://niftyindices.com/Press_Release/ind_prs23022026.pdf,
223,Nifty Midcap 150,LENSKART,2026-03-30,,,press_release,https://niftyindices.com/Press_Release/ind_prs23022026.pdf,
223,Nifty Midcap 150,LGEINDIA,2026-03-30,,,press_release,https://niftyindices.com/Press_Release/ind_prs23022026.pdf,
223,Nifty Midcap 150,LICI,2026-03-30,,,press_release,https://niftyindices.com/Press_Release/ind_prs23022026.pdf,
223,Nifty Midcap 150,MCX,2026-03-30,,,press_release,https://niftyindices.com/Press_Release/ind_prs23022026.pdf,
223,Nifty Midcap 150,RADICO,2026-03-30,,,press_release,https://niftyindices.com/Press_Release/ind_prs23022026.pdf,
227,Nifty Smallcap 250,SBBJ,2014-01-01,2017-03-31,,snapshot_floor,,closed by ind_prs07032017.pdf
227,Nifty Smallcap 250,MYSOREBANK,2014-01-01,2017-03-31,,snapshot_floor,,closed by ind_prs07032017.pdf
227,Nifty Smallcap 250,SBT,2014-01-01,2017-03-31,,snapshot_floor,,closed by ind_prs07032017.pdf
227,Nifty Smallcap 250,ALOKTEXT,2014-01-01,2017-03-31,,snapshot_floor,,closed by ind_prs16022017.pdf
227,Nifty Smallcap 250,BRFL,2014-01-01,2017-03-31,,snapshot_floor,,closed by ind_prs16022017.pdf
227,Nifty Smallcap 250,BRIGADE,2014-01-01,2017-03-31,,snapshot_floor,,closed by ind_prs16022017.pdf
227,Nifty Smallcap 250,DYNAMATECH,2014-01-01,2017-03-31,,snapshot_floor,,closed by ind_prs16022017.pdf
227,Nifty Smallcap 250,FLFL,2014-01-01,2017-03-31,,snapshot_floor,,closed by ind_prs16022017.pdf
227,Nifty Smallcap 250,INGERRAND,2014-01-01,2017-03-31,,snapshot_floor,,closed by ind_prs16022017.pdf
227,Nifty Smallcap 250,IPAPPM,2014-01-01,2017-03-31,,snapshot_floor,,closed by ind_prs16022017.pdf
227,Nifty Smallcap 250,JPPOWER,2014-01-01,2017-03-31,,snapshot_floor,,closed by ind_prs16022017.pdf
227,Nifty Smallcap 250,JPINFRATEC,2014-01-01,2017-03-31,,snapshot_floor,,closed by ind_prs16022017.pdf
227,Nifty Smallcap 250,JSWHL,2014-01-01,2017-03-31,,snapshot_floor,,closed by ind_prs16022017.pdf
227,Nifty Smallcap 250,KSBPUMPS,2014-01-01,2017-03-31,,snapshot_floor,,closed by ind_prs16022017.pdf
227,Nifty Smallcap 250,LAOPALA,2014-01-01,2017-03-31,,snapshot_floor,,closed by ind_prs16022017.pdf
227,Nifty Smallcap 250,LITL,2014-01-01,2017-03-31,,snapshot_floor,,closed by ind_prs16022017.pdf
227,Nifty Smallcap 250,LINDEINDIA,2014-01-01,2017-03-31,,snapshot_floor,,closed by ind_prs16022017.pdf
227,Nifty Smallcap 250,MAHLIFE,2014-01-01,2017-03-31,,snapshot_floor,,closed by ind_prs16022017.pdf
227,Nifty Smallcap 250,MANAPPURAM,2014-01-01,2017-03-31,,snapshot_floor,,closed by ind_prs16022017.pdf
227,Nifty Smallcap 250,MAYURUNIQ,2014-01-01,2017-03-31,,snapshot_floor,,closed by ind_prs16022017.pdf
227,Nifty Smallcap 250,MOTILALOFS,2014-01-01,2017-03-31,,snapshot_floor,,closed by ind_prs16022017.pdf
227,Nifty Smallcap 250,SEQUENT,2014-01-01,2017-03-31,,snapshot_floor,,closed by ind_prs16022017.pdf
227,Nifty Smallcap 250,SHOPERSTOP,2014-01-01,2017-03-31,,snapshot_floor,,closed by ind_prs16022017.pdf
227,Nifty Smallcap 250,SIMPLEXINF,2014-01-01,2017-03-31,,snapshot_floor,,closed by ind_prs16022017.pdf
227,Nifty Smallcap 250,SINTEX,2014-01-01,2017-03-31,,snapshot_floor,,closed by ind_prs16022017.pdf
227,Nifty Smallcap 250,SITINET,2014-01-01,2017-03-31,,snapshot_floor,,closed by ind_prs16022017.pdf
227,Nifty Smallcap 250,SBBJ,2014-01-01,2017-03-31,,snapshot_floor,https://niftyindices.com/Press_Release/ind_prs16022017.pdf,orphan-exclude (no prior include in coverage)
227,Nifty Smallcap 250,MYSOREBANK,2014-01-01,2017-03-31,,snapshot_floor,https://niftyindices.com/Press_Release/ind_prs16022017.pdf,orphan-exclude (no prior include in coverage)
227,Nifty Smallcap 250,SBT,2014-01-01,2017-03-31,,snapshot_floor,https://niftyindices.com/Press_Release/ind_prs16022017.pdf,orphan-exclude (no prior include in coverage)
227,Nifty Smallcap 250,SUPRAJIT,2014-01-01,2017-03-31,,snapshot_floor,,closed by ind_prs16022017.pdf
227,Nifty Smallcap 250,FRETAIL,2017-03-31,2017-05-26,,press_release,https://niftyindices.com/Press_Release/ind_prs16022017.pdf,closed by ind_prs27042017.pdf
227,Nifty Smallcap 250,MGL,2017-03-31,2017-05-26,,press_release,https://niftyindices.com/Press_Release/ind_prs16022017.pdf,closed by ind_prs27042017.pdf
227,Nifty Smallcap 250,ADANIENSOL,2014-01-01,2017-09-29,,snapshot_floor,,closed by ind_prs28082017.pdf
227,Nifty Smallcap 250,AMTEKAUTO,2014-01-01,2017-09-29,,snapshot_floor,,closed by ind_prs28082017.pdf
227,Nifty Smallcap 250,ANANTRAJ,2014-01-01,2017-09-29,,snapshot_floor,,closed by ind_prs28082017.pdf
227,Nifty Smallcap 250,ASAHIINDIA,2014-01-01,2017-09-29,,snapshot_floor,,closed by ind_prs28082017.pdf
227,Nifty Smallcap 250,FDC,2014-01-01,2017-09-29,,snapshot_floor,,closed by ind_prs28082017.pdf
227,Nifty Smallcap 250,FMGOETZE,2017-03-31,2017-09-29,,press_release,https://niftyindices.com/Press_Release/ind_prs16022017.pdf,closed by ind_prs28082017.pdf
227,Nifty Smallcap 250,FINCABLES,2014-01-01,2017-09-29,,snapshot_floor,,closed by ind_prs28082017.pdf
227,Nifty Smallcap 250,GRINDWELL,2014-01-01,2017-09-29,,snapshot_floor,,closed by ind_prs28082017.pdf
227,Nifty Smallcap 250,HMVL,2014-01-01,2017-09-29,,snapshot_floor,,closed by ind_prs28082017.pdf
227,Nifty Smallcap 250,JMFINANCIL,2014-01-01,2017-09-29,,snapshot_floor,,closed by ind_prs28082017.pdf
227,Nifty Smallcap 250,JMTAUTOLTD,2014-01-01,2017-09-29,,snapshot_floor,,closed by ind_prs28082017.pdf
227,Nifty Smallcap 250,KNRCON,2017-03-31,2017-09-29,,press_release,https://niftyindices.com/Press_Release/ind_prs16022017.pdf,closed by ind_prs28082017.pdf
227,Nifty Smallcap 250,NITINFIRE,2014-01-01,2017-09-29,,snapshot_floor,,closed by ind_prs28082017.pdf
227,Nifty Smallcap 250,ORISSAMINE,2014-01-01,2017-09-29,,snapshot_floor,,closed by ind_prs28082017.pdf
227,Nifty Smallcap 250,PUNJLLOYD,2014-01-01,2017-09-29,,snapshot_floor,,closed by ind_prs28082017.pdf
227,Nifty Smallcap 250,RATNAMANI,2017-03-31,2017-09-29,,press_release,https://niftyindices.com/Press_Release/ind_prs16022017.pdf,closed by ind_prs28082017.pdf
227,Nifty Smallcap 250,RIIL,2014-01-01,2017-09-29,,snapshot_floor,,closed by ind_prs28082017.pdf
227,Nifty Smallcap 250,ROLTA,2014-01-01,2017-09-29,,snapshot_floor,,closed by ind_prs28082017.pdf
227,Nifty Smallcap 250,RUCHISOYA,2014-01-01,2017-09-29,,snapshot_floor,,closed by ind_prs28082017.pdf
227,Nifty Smallcap 250,STCINDIA,2014-01-01,2017-09-29,,snapshot_floor,,closed by ind_prs28082017.pdf
227,Nifty Smallcap 250,SUNDRMFAST,2014-01-01,2017-09-29,,snapshot_floor,,closed by ind_prs28082017.pdf
227,Nifty Smallcap 250,TIDEWATER,2014-01-01,2017-09-29,,snapshot_floor,,closed by ind_prs28082017.pdf
227,Nifty Smallcap 250,TRITURBINE,2014-01-01,2017-09-29,,snapshot_floor,,closed by ind_prs28082017.pdf
227,Nifty Smallcap 250,VBL,2017-05-26,2017-09-29,,press_release,https://niftyindices.com/Press_Release/ind_prs27042017.pdf,closed by ind_prs28082017.pdf
227,Nifty Smallcap 250,VGUARD,2014-01-01,2017-09-29,,snapshot_floor,,closed by ind_prs28082017.pdf
227,Nifty Smallcap 250,VIJAYABANK,2014-01-01,2017-09-29,,snapshot_floor,,closed by ind_prs28082017.pdf
227,Nifty Smallcap 250,VSTIND,2014-01-01,2017-09-29,,snapshot_floor,,closed by ind_prs28082017.pdf
227,Nifty Smallcap 250,WONDERLA,2014-01-01,2017-09-29,,snapshot_floor,,closed by ind_prs28082017.pdf
227,Nifty Smallcap 250,ZYDUSWELL,2014-01-01,2017-09-29,,snapshot_floor,,closed by ind_prs28082017.pdf
227,Nifty Smallcap 250,VIDEOIND,2014-01-01,2018-04-02,,snapshot_floor,,closed by ind_prs06032018.pdf
227,Nifty Smallcap 250,AHLUCONT,2014-01-01,2018-04-02,,snapshot_floor,,closed by ind_prs21022018.pdf
227,Nifty Smallcap 250,APARINDS,2014-01-01,2018-04-02,,snapshot_floor,,closed by ind_prs21022018.pdf
227,Nifty Smallcap 250,ASTRAZEN,2014-01-01,2018-04-02,,snapshot_floor,,closed by ind_prs21022018.pdf
227,Nifty Smallcap 250,AVANTIFEED,2014-01-01,2018-04-02,,snapshot_floor,,closed by ind_prs21022018.pdf
227,Nifty Smallcap 250,CORPBANK,2014-01-01,2018-04-02,,snapshot_floor,,closed by ind_prs21022018.pdf
227,Nifty Smallcap 250,DHANUKA,2014-01-01,2018-04-02,,snapshot_floor,,closed by ind_prs21022018.pdf
227,Nifty Smallcap 250,DBL,2017-03-31,2018-04-02,,press_release,https://niftyindices.com/Press_Release/ind_prs16022017.pdf,closed by ind_prs21022018.pdf
227,Nifty Smallcap 250,EPL,2014-01-01,2018-04-02,,snapshot_floor,,closed by ind_prs21022018.pdf
227,Nifty Smallcap 250,FCONSUMER,2014-01-01,2018-04-02,,snapshot_floor,,closed by ind_prs21022018.pdf
227,Nifty Smallcap 250,ICRA,2014-01-01,2018-04-02,,snapshot_floor,,closed by ind_prs21022018.pdf
227,Nifty Smallcap 250,IGARASHI,2014-01-01,2018-04-02,,snapshot_floor,,closed by ind_prs21022018.pdf
227,Nifty Smallcap 250,IBREALEST,2014-01-01,2018-04-02,,snapshot_floor,,closed by ind_prs21022018.pdf
227,Nifty Smallcap 250,DHANI,2017-09-29,2018-04-02,,press_release,https://niftyindices.com/Press_Release/ind_prs28082017.pdf,closed by ind_prs21022018.pdf
227,Nifty Smallcap 250,INGERRAND,2017-09-29,2018-04-02,,press_release,https://niftyindices.com/Press_Release/ind_prs28082017.pdf,closed by ind_prs21022018.pdf
227,Nifty Smallcap 250,LINDEINDIA,2017-09-29,2018-04-02,,press_release,https://niftyindices.com/Press_Release/ind_prs28082017.pdf,closed by ind_prs21022018.pdf
227,Nifty Smallcap 250,MONSANTO,2014-01-01,2018-04-02,,snapshot_floor,,closed by ind_prs21022018.pdf
227,Nifty Smallcap 250,NAVNETEDUL,2017-03-31,2018-04-02,,press_release,https://niftyindices.com/Press_Release/ind_prs16022017.pdf,closed by ind_prs21022018.pdf
227,Nifty Smallcap 250,SCHNEIDER,2014-01-01,2018-04-02,,snapshot_floor,,closed by ind_prs21022018.pdf
227,Nifty Smallcap 250,SHARDACROP,2014-01-01,2018-04-02,,snapshot_floor,,closed by ind_prs21022018.pdf
227,Nifty Smallcap 250,SHILPAMED,2014-01-01,2018-04-02,,snapshot_floor,,closed by ind_prs21022018.pdf
227,Nifty Smallcap 250,SNOWMAN,2014-01-01,2018-04-02,,snapshot_floor,,closed by ind_prs21022018.pdf
227,Nifty Smallcap 250,SOMANYCERA,2014-01-01,2018-04-02,,snapshot_floor,,closed by ind_prs21022018.pdf
227,Nifty Smallcap 250,STRTECH,2017-03-31,2018-04-02,,press_release,https://niftyindices.com/Press_Release/ind_prs16022017.pdf,closed by ind_prs21022018.pdf
227,Nifty Smallcap 250,SUPRAJIT,2017-09-29,2018-04-02,,press_release,https://niftyindices.com/Press_Release/ind_prs28082017.pdf,closed by ind_prs21022018.pdf
227,Nifty Smallcap 250,SUPPETRO,2017-09-29,2018-04-02,,press_release,https://niftyindices.com/Press_Release/ind_prs28082017.pdf,closed by ind_prs21022018.pdf
227,Nifty Smallcap 250,UNITEDBNK,2017-09-29,2018-04-02,,press_release,https://niftyindices.com/Press_Release/ind_prs28082017.pdf,closed by ind_prs21022018.pdf
227,Nifty Smallcap 250,VESUVIUS,2017-09-29,2018-04-02,,press_release,https://niftyindices.com/Press_Release/ind_prs28082017.pdf,closed by ind_prs21022018.pdf
227,Nifty Smallcap 250,VIDEOIND,2014-01-01,2018-04-02,,snapshot_floor,https://niftyindices.com/Press_Release/ind_prs21022018.pdf,orphan-exclude (no prior include in coverage)
227,Nifty Smallcap 250,ZENSARTECH,2014-01-01,2018-04-02,,snapshot_floor,,closed by ind_prs21022018.pdf
227,Nifty Smallcap 250,ABAN,2014-01-01,2018-09-28,,snapshot_floor,,closed by ind_prs28082018.pdf
227,Nifty Smallcap 250,ASAHIINDIA,2018-04-02,2018-09-28,,press_release,https://niftyindices.com/Press_Release/ind_prs21022018.pdf,closed by ind_prs28082018.pdf
227,Nifty Smallcap 250,ASTRAL,2014-01-01,2018-09-28,,snapshot_floor,,closed by ind_prs28082018.pdf
227,Nifty Smallcap 250,BAJAJHIND,2014-01-01,2018-09-28,,snapshot_floor,,closed by ind_prs28082018.pdf
227,Nifty Smallcap 250,BALLARPUR,2014-01-01,2018-09-28,,snapshot_floor,,closed by ind_prs28082018.pdf
227,Nifty Smallcap 250,BFUTILITIE,2014-01-01,2018-09-28,,snapshot_floor,,closed by ind_prs28082018.pdf
227,Nifty Smallcap 250,BGRENERGY,2014-01-01,2018-09-28,,snapshot_floor,,closed by ind_prs28082018.pdf
227,Nifty Smallcap 250,BHUSANSTL,2014-01-01,2018-09-28,,snapshot_floor,,closed by ind_prs28082018.pdf
227,Nifty Smallcap 250,BRFL,2017-09-29,2018-09-28,,press_release,https://niftyindices.com/Press_Release/ind_prs28082017.pdf,closed by ind_prs28082018.pdf
227,Nifty Smallcap 250,DBREALTY,2014-01-01,2018-09-28,,snapshot_floor,,closed by ind_prs28082018.pdf
227,Nifty Smallcap 250,ESCORTS,2014-01-01,2018-09-28,,snapshot_floor,,closed by ind_prs28082018.pdf
227,Nifty Smallcap 250,GATI,2014-01-01,2018-09-28,,snapshot_floor,,closed by ind_prs28082018.pdf
227,Nifty Smallcap 250,GRAPHITE,2018-04-02,2018-09-28,,press_release,https://niftyindices.com/Press_Release/ind_prs21022018.pdf,closed by ind_prs28082018.pdf
227,Nifty Smallcap 250,HEG,2018-04-02,2018-09-28,,press_release,https://niftyindices.com/Press_Release/ind_prs21022018.pdf,closed by ind_prs28082018.pdf
227,Nifty Smallcap 250,HDIL,2014-01-01,2018-09-28,,snapshot_floor,,closed by ind_prs28082018.pdf
227,Nifty Smallcap 250,JBFIND,2014-01-01,2018-09-28,,snapshot_floor,,closed by ind_prs28082018.pdf
227,Nifty Smallcap 250,JINDALPOLY,2014-01-01,2018-09-28,,snapshot_floor,,closed by ind_prs28082018.pdf
227,Nifty Smallcap 250,KESORAMIND,2014-01-01,2018-09-28,,snapshot_floor,,closed by ind_prs28082018.pdf
227,Nifty Smallcap 250,KITEX,2014-01-01,2018-09-28,,snapshot_floor,,closed by ind_prs28082018.pdf
227,Nifty Smallcap 250,KWALITY,2014-01-01,2018-09-28,,snapshot_floor,,closed by ind_prs28082018.pdf
227,Nifty Smallcap 250,MTNL,2014-01-01,2018-09-28,,snapshot_floor,,closed by ind_prs28082018.pdf
227,Nifty Smallcap 250,MARKSANS,2014-01-01,2018-09-28,,snapshot_floor,,closed by ind_prs28082018.pdf
227,Nifty Smallcap 250,RAMCOSYS,2014-01-01,2018-09-28,,snapshot_floor,,closed by ind_prs28082018.pdf
227,Nifty Smallcap 250,RTNPOWER,2014-01-01,2018-09-28,,snapshot_floor,,closed by ind_prs28082018.pdf
227,Nifty Smallcap 250,RELIGARE,2014-01-01,2018-09-28,,snapshot_floor,,closed by ind_prs28082018.pdf
227,Nifty Smallcap 250,SFL,2014-01-01,2018-09-28,,snapshot_floor,,closed by ind_prs28082018.pdf
227,Nifty Smallcap 250,SMLISUZU,2014-01-01,2018-09-28,,snapshot_floor,,closed by ind_prs28082018.pdf
227,Nifty Smallcap 250,UNITECH,2014-01-01,2018-09-28,,snapshot_floor,,closed by ind_prs28082018.pdf
227,Nifty Smallcap 250,ZEELEARN,2014-01-01,2018-09-28,,snapshot_floor,,closed by ind_prs28082018.pdf
227,Nifty Smallcap 250,KPIT,2014-01-01,2018-09-28,,snapshot_floor,,closed by ind_prs31082018.pdf
227,Nifty Smallcap 250,AARTIIND,2014-01-01,2018-12-28,,snapshot_floor,,closed by ind_prs14122018.pdf
227,Nifty Smallcap 250,BBTC,2014-01-01,2018-12-28,,snapshot_floor,,closed by ind_prs14122018.pdf
227,Nifty Smallcap 250,CAPF,2014-01-01,2018-12-28,,snapshot_floor,,closed by ind_prs14122018.pdf
227,Nifty Smallcap 250,HSIL,2014-01-01,2018-12-28,,snapshot_floor,,closed by ind_prs14122018.pdf
227,Nifty Smallcap 250,DENABANK,2014-01-01,2019-01-28,,snapshot_floor,,closed by ind_prs21012019.pdf
227,Nifty Smallcap 250,VIJAYABANK,2018-04-02,2019-01-28,,press_release,https://niftyindices.com/Press_Release/ind_prs21022018.pdf,closed by ind_prs21012019.pdf
227,Nifty Smallcap 250,8KMILES,2014-01-01,2019-03-29,,snapshot_floor,,closed by ind_prs25022019.pdf
227,Nifty Smallcap 250,ATUL,2014-01-01,2019-03-29,,snapshot_floor,,closed by ind_prs25022019.pdf
227,Nifty Smallcap 250,DEN,2014-01-01,2019-03-29,,snapshot_floor,,closed by ind_prs25022019.pdf
227,Nifty Smallcap 250,DREDGECORP,2014-01-01,2019-03-29,,snapshot_floor,,closed by ind_prs25022019.pdf
227,Nifty Smallcap 250,ERIS,2018-04-02,2019-03-29,,press_release,https://niftyindices.com/Press_Release/ind_prs21022018.pdf,closed by ind_prs25022019.pdf
227,Nifty Smallcap 250,EROSMEDIA,2014-01-01,2019-03-29,,snapshot_floor,,closed by ind_prs25022019.pdf
227,Nifty Smallcap 250,EVEREADY,2014-01-01,2019-03-29,,snapshot_floor,,closed by ind_prs25022019.pdf
227,Nifty Smallcap 250,GREENPLY,2014-01-01,2019-03-29,,snapshot_floor,,closed by ind_prs25022019.pdf
227,Nifty Smallcap 250,GUJFLUORO,2018-09-28,2019-03-29,,press_release,https://niftyindices.com/Press_Release/ind_prs28082018.pdf,closed by ind_prs25022019.pdf
227,Nifty Smallcap 250,GVKPIL,2014-01-01,2019-03-29,,snapshot_floor,,closed by ind_prs25022019.pdf
227,Nifty Smallcap 250,HCL-INSYS,2014-01-01,2019-03-29,,snapshot_floor,,closed by ind_prs25022019.pdf
227,Nifty Smallcap 250,HCC,2014-01-01,2019-03-29,,snapshot_floor,,closed by ind_prs25022019.pdf
227,Nifty Smallcap 250,IL&FSTRANS,2014-01-01,2019-03-29,,snapshot_floor,,closed by ind_prs25022019.pdf
227,Nifty Smallcap 250,ICIL,2014-01-01,2019-03-29,,snapshot_floor,,closed by ind_prs25022019.pdf
227,Nifty Smallcap 250,IPCALAB,2018-04-02,2019-03-29,,press_release,https://niftyindices.com/Press_Release/ind_prs21022018.pdf,closed by ind_prs25022019.pdf
227,Nifty Smallcap 250,JKIL,2014-01-01,2019-03-29,,snapshot_floor,,closed by ind_prs25022019.pdf
227,Nifty Smallcap 250,JPPOWER,2017-09-29,2019-03-29,,press_release,https://niftyindices.com/Press_Release/ind_prs28082017.pdf,closed by ind_prs25022019.pdf
227,Nifty Smallcap 250,JCHAC,2014-01-01,2019-03-29,,snapshot_floor,,closed by ind_prs25022019.pdf
227,Nifty Smallcap 250,MANPASAND,2014-01-01,2019-03-29,,snapshot_floor,,closed by ind_prs25022019.pdf
227,Nifty Smallcap 250,MCLEODRUSS,2014-01-01,2019-03-29,,snapshot_floor,,closed by ind_prs25022019.pdf
227,Nifty Smallcap 250,NAVKARCORP,2014-01-01,2019-03-29,,snapshot_floor,,closed by ind_prs25022019.pdf
227,Nifty Smallcap 250,PFS,2014-01-01,2019-03-29,,snapshot_floor,,closed by ind_prs25022019.pdf
227,Nifty Smallcap 250,RELAXO,2014-01-01,2019-03-29,,snapshot_floor,,closed by ind_prs25022019.pdf
227,Nifty Smallcap 250,RNAVAL,2014-01-01,2019-03-29,,snapshot_floor,,closed by ind_prs25022019.pdf
227,Nifty Smallcap 250,SADBHIN,2018-04-02,2019-03-29,,press_release,https://niftyindices.com/Press_Release/ind_prs21022018.pdf,closed by ind_prs25022019.pdf
227,Nifty Smallcap 250,TATASPONGE,2014-01-01,2019-03-29,,snapshot_floor,,closed by ind_prs25022019.pdf
227,Nifty Smallcap 250,TEXRAIL,2014-01-01,2019-03-29,,snapshot_floor,,closed by ind_prs25022019.pdf
227,Nifty Smallcap 250,TVSSRICHAK,2014-01-01,2019-03-29,,snapshot_floor,,closed by ind_prs25022019.pdf
227,Nifty Smallcap 250,UNICHEMLAB,2014-01-01,2019-03-29,,snapshot_floor,,closed by ind_prs25022019.pdf
227,Nifty Smallcap 250,EXCELCROP,2018-09-28,2019-04-15,,press_release,https://niftyindices.com/Press_Release/ind_prs28082018.pdf,closed by ind_prs08042019.pdf
227,Nifty Smallcap 250,MONSANTO,2018-09-28,2019-06-28,,press_release,https://niftyindices.com/Press_Release/ind_prs28082018.pdf,closed by ind_prs13062019.pdf
227,Nifty Smallcap 250,JETAIRWAYS,2017-03-31,2019-09-24,,press_release,https://niftyindices.com/Press_Release/ind_prs16022017.pdf,closed by ind_prs17092019_1.pdf
227,Nifty Smallcap 250,TTKPRESTIG,2018-09-28,2019-09-27,,press_release,https://niftyindices.com/Press_Release/ind_prs28082018.pdf,closed by ind_prs17092019.pdf
227,Nifty Smallcap 250,AAVAS,2019-03-29,2019-09-27,,press_release,https://niftyindices.com/Press_Release/ind_prs25022019.pdf,closed by ind_prs28082019.pdf
227,Nifty Smallcap 250,ALBK,2014-01-01,2019-09-27,,snapshot_floor,,closed by ind_prs28082019.pdf
227,Nifty Smallcap 250,CESC,2019-03-29,2019-09-27,,press_release,https://niftyindices.com/Press_Release/ind_prs25022019.pdf,closed by ind_prs28082019.pdf
227,Nifty Smallcap 250,CORPBANK,2019-01-28,2019-09-27,,press_release,https://niftyindices.com/Press_Release/ind_prs21012019.pdf,closed by ind_prs28082019.pdf
227,Nifty Smallcap 250,DEEPAKFERT,2014-01-01,2019-09-27,,snapshot_floor,,closed by ind_prs28082019.pdf
227,Nifty Smallcap 250,FORTIS,2018-12-28,2019-09-27,,press_release,https://niftyindices.com/Press_Release/ind_prs14122018.pdf,closed by ind_prs28082019.pdf
227,Nifty Smallcap 250,GDL,2014-01-01,2019-09-27,,snapshot_floor,,closed by ind_prs28082019.pdf
227,Nifty Smallcap 250,IOB,2018-04-02,2019-09-27,,press_release,https://niftyindices.com/Press_Release/ind_prs21022018.pdf,closed by ind_prs28082019.pdf
227,Nifty Smallcap 250,INDOCO,2014-01-01,2019-09-27,,snapshot_floor,,closed by ind_prs28082019.pdf
227,Nifty Smallcap 250,INOXWIND,2017-03-31,2019-09-27,,press_release,https://niftyindices.com/Press_Release/ind_prs16022017.pdf,closed by ind_prs28082019.pdf
227,Nifty Smallcap 250,JPASSOCIAT,2014-01-01,2019-09-27,,snapshot_floor,,closed by ind_prs28082019.pdf
227,Nifty Smallcap 250,ORIENTBANK,2014-01-01,2019-09-27,,snapshot_floor,,closed by ind_prs28082019.pdf
227,Nifty Smallcap 250,RKFORGE,2014-01-01,2019-09-27,,snapshot_floor,,closed by ind_prs28082019.pdf
227,Nifty Smallcap 250,RCOM,2018-04-02,2019-09-27,,press_release,https://niftyindices.com/Press_Release/ind_prs21022018.pdf,closed by ind_prs28082019.pdf
227,Nifty Smallcap 250,RHFL,2018-04-02,2019-09-27,,press_release,https://niftyindices.com/Press_Release/ind_prs21022018.pdf,closed by ind_prs28082019.pdf
227,Nifty Smallcap 250,RUPA,2017-09-29,2019-09-27,,press_release,https://niftyindices.com/Press_Release/ind_prs28082017.pdf,closed by ind_prs28082019.pdf
227,Nifty Smallcap 250,SHANKARA,2018-04-02,2019-09-27,,press_release,https://niftyindices.com/Press_Release/ind_prs21022018.pdf,closed by ind_prs28082019.pdf
227,Nifty Smallcap 250,SHARDACROP,2019-03-29,2019-09-27,,press_release,https://niftyindices.com/Press_Release/ind_prs25022019.pdf,closed by ind_prs28082019.pdf
227,Nifty Smallcap 250,SCI,2014-01-01,2019-09-27,,snapshot_floor,,closed by ind_prs28082019.pdf
227,Nifty Smallcap 250,SPTL,2018-04-02,2019-09-27,,press_release,https://niftyindices.com/Press_Release/ind_prs21022018.pdf,closed by ind_prs28082019.pdf
227,Nifty Smallcap 250,SREINFRA,2014-01-01,2019-09-27,,snapshot_floor,,closed by ind_prs28082019.pdf
227,Nifty Smallcap 250,TNPL,2014-01-01,2019-09-27,,snapshot_floor,,closed by ind_prs28082019.pdf
227,Nifty Smallcap 250,TATACOFFEE,2014-01-01,2019-09-27,,snapshot_floor,,closed by ind_prs28082019.pdf
227,Nifty Smallcap 250,TRITURBINE,2019-03-29,2019-09-27,,press_release,https://niftyindices.com/Press_Release/ind_prs25022019.pdf,closed by ind_prs28082019.pdf
227,Nifty Smallcap 250,UCOBANK,2014-01-01,2019-09-27,,snapshot_floor,,closed by ind_prs28082019.pdf
227,Nifty Smallcap 250,VINATIORGA,2014-01-01,2019-09-27,,snapshot_floor,,closed by ind_prs28082019.pdf
227,Nifty Smallcap 250,CGPOWER,2014-01-01,2019-12-26,,snapshot_floor,,closed by ind_prs18122019.pdf
227,Nifty Smallcap 250,COFFEEDAY,2014-01-01,2019-12-26,,snapshot_floor,,closed by ind_prs18122019.pdf
227,Nifty Smallcap 250,COX&KINGS,2019-03-29,2019-12-26,,press_release,https://niftyindices.com/Press_Release/ind_prs25022019.pdf,closed by ind_prs18122019.pdf
227,Nifty Smallcap 250,ANDHRABANK,2014-01-01,2019-12-27,,snapshot_floor,,closed by ind_prs16122019.pdf
227,Nifty Smallcap 250,LALPATHLAB,2018-04-02,2019-12-27,,press_release,https://niftyindices.com/Press_Release/ind_prs21022018.pdf,closed by ind_prs16122019.pdf
227,Nifty Smallcap 250,MAXINDIA,2017-03-31,2019-12-27,,press_release,https://niftyindices.com/Press_Release/ind_prs16022017.pdf,closed by ind_prs16122019.pdf
227,Nifty Smallcap 250,POLYCAB,2019-09-27,2019-12-27,,press_release,https://niftyindices.com/Press_Release/ind_prs28082019.pdf,closed by ind_prs16122019.pdf
227,Nifty Smallcap 250,SCHAEFFLER,2018-09-28,2019-12-27,,press_release,https://niftyindices.com/Press_Release/ind_prs28082018.pdf,closed by ind_prs16122019.pdf
227,Nifty Smallcap 250,SYNDIBANK,2018-04-02,2019-12-27,,press_release,https://niftyindices.com/Press_Release/ind_prs21022018.pdf,closed by ind_prs16122019.pdf
227,Nifty Smallcap 250,DEN,2019-09-27,2019-12-27,,press_release,https://niftyindices.com/Press_Release/ind_prs28082019.pdf,closed by ind_prs19122019.pdf
227,Nifty Smallcap 250,HATHWAY,2014-01-01,2019-12-27,,snapshot_floor,,closed by ind_prs19122019.pdf
227,Nifty Smallcap 250,SUVEN,2014-01-01,2020-01-16,,snapshot_floor,,closed by ind_prs09012020.pdf
227,Nifty Smallcap 250,ADANIGREEN,2018-12-28,2020-03-19,,press_release,https://niftyindices.com/Press_Release/ind_prs14122018.pdf,closed by ind_prs16032020.pdf
227,Nifty Smallcap 250,GAYAPROJ,2018-09-28,2020-03-27,,press_release,https://niftyindices.com/Press_Release/ind_prs28082018.pdf,closed by ind_prs12032020.pdf
227,Nifty Smallcap 250,ADANIGREEN,2014-01-01,2020-03-27,,snapshot_floor,https://niftyindices.com/Press_Release/ind_prs18022020.pdf,orphan-exclude (no prior include in coverage)
227,Nifty Smallcap 250,AKZOINDIA,2018-09-28,2020-03-27,,press_release,https://niftyindices.com/Press_Release/ind_prs28082018.pdf,closed by ind_prs18022020.pdf
227,Nifty Smallcap 250,BLISSGVS,2014-01-01,2020-03-27,,snapshot_floor,,closed by ind_prs18022020.pdf
227,Nifty Smallcap 250,CREDITACC,2019-01-28,2020-03-27,,press_release,https://niftyindices.com/Press_Release/ind_prs21012019.pdf,closed by ind_prs18022020.pdf
227,Nifty Smallcap 250,DHFL,2019-09-27,2020-03-27,,press_release,https://niftyindices.com/Press_Release/ind_prs28082019.pdf,closed by ind_prs18022020.pdf
227,Nifty Smallcap 250,IFCI,2014-01-01,2020-03-27,,snapshot_floor,,closed by ind_prs18022020.pdf
227,Nifty Smallcap 250,IBULISL,2019-03-29,2020-03-27,,press_release,https://niftyindices.com/Press_Release/ind_prs25022019.pdf,closed by ind_prs18022020.pdf
227,Nifty Smallcap 250,ITDCEM,2014-01-01,2020-03-27,,snapshot_floor,,closed by ind_prs18022020.pdf
227,Nifty Smallcap 250,JKCEMENT,2014-01-01,2020-03-27,,snapshot_floor,,closed by ind_prs18022020.pdf
227,Nifty Smallcap 250,JISLJALEQS,2014-01-01,2020-03-27,,snapshot_floor,,closed by ind_prs18022020.pdf
227,Nifty Smallcap 250,KENNAMET,2019-12-27,2020-03-27,,press_release,https://niftyindices.com/Press_Release/ind_prs19122019.pdf,closed by ind_prs18022020.pdf
227,Nifty Smallcap 250,KIRLOSENG,2019-03-29,2020-03-27,,press_release,https://niftyindices.com/Press_Release/ind_prs25022019.pdf,closed by ind_prs18022020.pdf
227,Nifty Smallcap 250,LAKSHVILAS,2014-01-01,2020-03-27,,snapshot_floor,,closed by ind_prs18022020.pdf
227,Nifty Smallcap 250,MAGMA,2014-01-01,2020-03-27,,snapshot_floor,,closed by ind_prs18022020.pdf
227,Nifty Smallcap 250,UNOMINDA,2017-03-31,2020-03-27,,press_release,https://niftyindices.com/Press_Release/ind_prs16022017.pdf,closed by ind_prs18022020.pdf
227,Nifty Smallcap 250,NFL,2017-09-29,2020-03-27,,press_release,https://niftyindices.com/Press_Release/ind_prs28082017.pdf,closed by ind_prs18022020.pdf
227,Nifty Smallcap 250,COFORGE,2014-01-01,2020-03-27,,snapshot_floor,,closed by ind_prs18022020.pdf
227,Nifty Smallcap 250,PARAGMILK,2017-03-31,2020-03-27,,press_release,https://niftyindices.com/Press_Release/ind_prs16022017.pdf,closed by ind_prs18022020.pdf
227,Nifty Smallcap 250,PCJEWELLER,2019-03-29,2020-03-27,,press_release,https://niftyindices.com/Press_Release/ind_prs25022019.pdf,closed by ind_prs18022020.pdf
227,Nifty Smallcap 250,RELCAPITAL,2019-09-27,2020-03-27,,press_release,https://niftyindices.com/Press_Release/ind_prs28082019.pdf,closed by ind_prs18022020.pdf
227,Nifty Smallcap 250,RELINFRA,2019-09-27,2020-03-27,,press_release,https://niftyindices.com/Press_Release/ind_prs28082019.pdf,closed by ind_prs18022020.pdf
227,Nifty Smallcap 250,RPOWER,2019-09-27,2020-03-27,,press_release,https://niftyindices.com/Press_Release/ind_prs28082019.pdf,closed by ind_prs18022020.pdf
227,Nifty Smallcap 250,SHILPAMED,2020-03-27,2020-03-27,,press_release,https://niftyindices.com/Press_Release/ind_prs12032020.pdf,closed by ind_prs18022020.pdf
227,Nifty Smallcap 250,SUNCLAYLTD,2019-04-15,2020-03-27,,press_release,https://niftyindices.com/Press_Release/ind_prs08042019.pdf,closed by ind_prs18022020.pdf
227,Nifty Smallcap 250,TASTYBITE,2019-12-27,2020-03-27,,press_release,https://niftyindices.com/Press_Release/ind_prs19122019.pdf,closed by ind_prs18022020.pdf
227,Nifty Smallcap 250,WABAG,2014-01-01,2020-03-27,,snapshot_floor,,closed by ind_prs18022020.pdf
227,Nifty Smallcap 250,ZYDUSWELL,2018-09-28,2020-03-27,,press_release,https://niftyindices.com/Press_Release/ind_prs28082018.pdf,closed by ind_prs18022020.pdf
227,Nifty Smallcap 250,PVR,2014-01-01,2020-03-27,,snapshot_floor,,closed by ind_prs19032020.pdf
227,Nifty Smallcap 250,AKZOINDIA,2014-01-01,2020-06-26,,snapshot_floor,https://niftyindices.com/Press_Release/ind_prs10062020.pdf,orphan-exclude (no prior include in coverage)
227,Nifty Smallcap 250,CHALET,2019-06-28,2020-06-26,,press_release,https://niftyindices.com/Press_Release/ind_prs13062019.pdf,closed by ind_prs10062020.pdf
227,Nifty Smallcap 250,CREDITACC,2014-01-01,2020-06-26,,snapshot_floor,https://niftyindices.com/Press_Release/ind_prs10062020.pdf,orphan-exclude (no prior include in coverage)
227,Nifty Smallcap 250,DHFL,2014-01-01,2020-06-26,,snapshot_floor,https://niftyindices.com/Press_Release/ind_prs10062020.pdf,orphan-exclude (no prior include in coverage)
227,Nifty Smallcap 250,FMGOETZE,2019-09-27,2020-06-26,,press_release,https://niftyindices.com/Press_Release/ind_prs28082019.pdf,closed by ind_prs10062020.pdf
227,Nifty Smallcap 250,FLFL,2017-09-29,2020-06-26,,press_release,https://niftyindices.com/Press_Release/ind_prs28082017.pdf,closed by ind_prs10062020.pdf
227,Nifty Smallcap 250,GAYAPROJ,2014-01-01,2020-06-26,,snapshot_floor,https://niftyindices.com/Press_Release/ind_prs10062020.pdf,orphan-exclude (no prior include in coverage)
227,Nifty Smallcap 250,IBULISL,2014-01-01,2020-06-26,,snapshot_floor,https://niftyindices.com/Press_Release/ind_prs10062020.pdf,orphan-exclude (no prior include in coverage)
227,Nifty Smallcap 250,ITDCEM,2014-01-01,2020-06-26,,snapshot_floor,https://niftyindices.com/Press_Release/ind_prs10062020.pdf,orphan-exclude (no prior include in coverage)
227,Nifty Smallcap 250,JKCEMENT,2014-01-01,2020-06-26,,snapshot_floor,https://niftyindices.com/Press_Release/ind_prs10062020.pdf,orphan-exclude (no prior include in coverage)
227,Nifty Smallcap 250,JISLJALEQS,2014-01-01,2020-06-26,,snapshot_floor,https://niftyindices.com/Press_Release/ind_prs10062020.pdf,orphan-exclude (no prior include in coverage)
227,Nifty Smallcap 250,KENNAMET,2014-01-01,2020-06-26,,snapshot_floor,https://niftyindices.com/Press_Release/ind_prs10062020.pdf,orphan-exclude (no prior include in coverage)
227,Nifty Smallcap 250,KIRLOSENG,2014-01-01,2020-06-26,,snapshot_floor,https://niftyindices.com/Press_Release/ind_prs10062020.pdf,orphan-exclude (no prior include in coverage)
227,Nifty Smallcap 250,LAKSHVILAS,2014-01-01,2020-06-26,,snapshot_floor,https://niftyindices.com/Press_Release/ind_prs10062020.pdf,orphan-exclude (no prior include in coverage)
227,Nifty Smallcap 250,MAGMA,2014-01-01,2020-06-26,,snapshot_floor,https://niftyindices.com/Press_Release/ind_prs10062020.pdf,orphan-exclude (no prior include in coverage)
227,Nifty Smallcap 250,UNOMINDA,2014-01-01,2020-06-26,,snapshot_floor,https://niftyindices.com/Press_Release/ind_prs10062020.pdf,orphan-exclude (no prior include in coverage)
227,Nifty Smallcap 250,NETWORK18,2017-03-31,2020-06-26,,press_release,https://niftyindices.com/Press_Release/ind_prs16022017.pdf,closed by ind_prs10062020.pdf
227,Nifty Smallcap 250,COFORGE,2014-01-01,2020-06-26,,snapshot_floor,https://niftyindices.com/Press_Release/ind_prs10062020.pdf,orphan-exclude (no prior include in coverage)
227,Nifty Smallcap 250,PARAGMILK,2014-01-01,2020-06-26,,snapshot_floor,https://niftyindices.com/Press_Release/ind_prs10062020.pdf,orphan-exclude (no prior include in coverage)
227,Nifty Smallcap 250,PCJEWELLER,2014-01-01,2020-06-26,,snapshot_floor,https://niftyindices.com/Press_Release/ind_prs10062020.pdf,orphan-exclude (no prior include in coverage)
227,Nifty Smallcap 250,RELCAPITAL,2014-01-01,2020-06-26,,snapshot_floor,https://niftyindices.com/Press_Release/ind_prs10062020.pdf,orphan-exclude (no prior include in coverage)
227,Nifty Smallcap 250,RELINFRA,2014-01-01,2020-06-26,,snapshot_floor,https://niftyindices.com/Press_Release/ind_prs10062020.pdf,orphan-exclude (no prior include in coverage)
227,Nifty Smallcap 250,RPOWER,2014-01-01,2020-06-26,,snapshot_floor,https://niftyindices.com/Press_Release/ind_prs10062020.pdf,orphan-exclude (no prior include in coverage)
227,Nifty Smallcap 250,RESPONIND,2019-12-26,2020-06-26,,press_release,https://niftyindices.com/Press_Release/ind_prs18122019.pdf,closed by ind_prs10062020.pdf
227,Nifty Smallcap 250,SHK,2014-01-01,2020-06-26,,snapshot_floor,,closed by ind_prs10062020.pdf
227,Nifty Smallcap 250,SHILPAMED,2014-01-01,2020-06-26,,snapshot_floor,https://niftyindices.com/Press_Release/ind_prs10062020.pdf,orphan-exclude (no prior include in coverage)
227,Nifty Smallcap 250,SUNCLAYLTD,2014-01-01,2020-06-26,,snapshot_floor,https://niftyindices.com/Press_Release/ind_prs10062020.pdf,orphan-exclude (no prior include in coverage)
227,Nifty Smallcap 250,TECHNOE,2019-09-27,2020-06-26,,press_release,https://niftyindices.com/Press_Release/ind_prs28082019.pdf,closed by ind_prs10062020.pdf
227,Nifty Smallcap 250,TRITURBINE,2019-12-27,2020-06-26,,press_release,https://niftyindices.com/Press_Release/ind_prs16122019.pdf,closed by ind_prs10062020.pdf
227,Nifty Smallcap 250,WABAG,2014-01-01,2020-06-26,,snapshot_floor,https://niftyindices.com/Press_Release/ind_prs10062020.pdf,orphan-exclude (no prior include in coverage)
227,Nifty Smallcap 250,ASAHIINDIA,2019-12-27,2020-09-14,,press_release,https://niftyindices.com/Press_Release/ind_prs16122019.pdf,closed by ind_prs07092020.pdf
227,Nifty Smallcap 250,ARVINDFASN,2019-09-27,2020-09-14,,press_release,https://niftyindices.com/Press_Release/ind_prs28082019.pdf,closed by ind_prs07092020.pdf
227,Nifty Smallcap 250,KPITTECH,2019-09-27,2020-09-14,,press_release,https://niftyindices.com/Press_Release/ind_prs28082019.pdf,closed by ind_prs07092020.pdf
227,Nifty Smallcap 250,REPCOHOME,2014-01-01,2020-09-14,,snapshot_floor,,closed by ind_prs07092020.pdf
227,Nifty Smallcap 250,SPANDANA,2019-12-27,2020-09-14,,press_release,https://niftyindices.com/Press_Release/ind_prs16122019.pdf,closed by ind_prs07092020.pdf
227,Nifty Smallcap 250,ASTRAZEN,2019-03-29,2020-09-25,,press_release,https://niftyindices.com/Press_Release/ind_prs25022019.pdf,closed by ind_prs20082020.pdf
227,Nifty Smallcap 250,GET&D,2019-03-29,2020-09-25,,press_release,https://niftyindices.com/Press_Release/ind_prs25022019.pdf,closed by ind_prs20082020.pdf
227,Nifty Smallcap 250,HIMATSEIDE,2014-01-01,2020-09-25,,snapshot_floor,,closed by ind_prs20082020.pdf
227,Nifty Smallcap 250,IFCI,2014-01-01,2020-09-25,,snapshot_floor,https://niftyindices.com/Press_Release/ind_prs20082020.pdf,orphan-exclude (no prior include in coverage)
227,Nifty Smallcap 250,ITDC,2017-09-29,2020-09-25,,press_release,https://niftyindices.com/Press_Release/ind_prs28082017.pdf,closed by ind_prs20082020.pdf
227,Nifty Smallcap 250,INDOSTAR,2019-03-29,2020-09-25,,press_release,https://niftyindices.com/Press_Release/ind_prs25022019.pdf,closed by ind_prs20082020.pdf
227,Nifty Smallcap 250,INTELLECT,2014-01-01,2020-09-25,,snapshot_floor,,closed by ind_prs20082020.pdf
227,Nifty Smallcap 250,ITI,2017-09-29,2020-09-25,,press_release,https://niftyindices.com/Press_Release/ind_prs28082017.pdf,closed by ind_prs20082020.pdf
227,Nifty Smallcap 250,JMFINANCIL,2019-09-27,2020-09-25,,press_release,https://niftyindices.com/Press_Release/ind_prs28082019.pdf,closed by ind_prs20082020.pdf
227,Nifty Smallcap 250,KPRMILL,2014-01-01,2020-09-25,,snapshot_floor,,closed by ind_prs20082020.pdf
227,Nifty Smallcap 250,MAHINDCIE,2020-06-26,2020-09-25,,press_release,https://niftyindices.com/Press_Release/ind_prs10062020.pdf,closed by ind_prs20082020.pdf
227,Nifty Smallcap 250,METROPOLIS,2019-09-27,2020-09-25,,press_release,https://niftyindices.com/Press_Release/ind_prs28082019.pdf,closed by ind_prs20082020.pdf
227,Nifty Smallcap 250,NBVENTURES,2017-03-31,2020-09-25,,press_release,https://niftyindices.com/Press_Release/ind_prs16022017.pdf,closed by ind_prs20082020.pdf
227,Nifty Smallcap 250,NAVINFLUOR,2014-01-01,2020-09-25,,snapshot_floor,,closed by ind_prs20082020.pdf
227,Nifty Smallcap 250,SADBHAV,2017-03-31,2020-09-25,,press_release,https://niftyindices.com/Press_Release/ind_prs16022017.pdf,closed by ind_prs20082020.pdf
227,Nifty Smallcap 250,SFL,2018-12-28,2020-09-25,,press_release,https://niftyindices.com/Press_Release/ind_prs14122018.pdf,closed by ind_prs20082020.pdf
227,Nifty Smallcap 250,RENUKA,2014-01-01,2020-09-25,,snapshot_floor,,closed by ind_prs20082020.pdf
227,Nifty Smallcap 250,TAKE,2014-01-01,2020-09-25,,snapshot_floor,,closed by ind_prs20082020.pdf
227,Nifty Smallcap 250,TIMETECHNO,2017-09-29,2020-09-25,,press_release,https://niftyindices.com/Press_Release/ind_prs28082017.pdf,closed by ind_prs20082020.pdf
227,Nifty Smallcap 250,TIINDIA,2014-01-01,2020-09-25,,snapshot_floor,,closed by ind_prs20082020.pdf
227,Nifty Smallcap 250,VESUVIUS,2020-06-26,2020-09-25,,press_release,https://niftyindices.com/Press_Release/ind_prs10062020.pdf,closed by ind_prs20082020.pdf
227,Nifty Smallcap 250,ZYDUSWELL,2014-01-01,2020-09-25,,snapshot_floor,https://niftyindices.com/Press_Release/ind_prs20082020.pdf,orphan-exclude (no prior include in coverage)
227,Nifty Smallcap 250,ALLCARGO,2014-01-01,2020-11-02,,snapshot_floor,,closed by ind_prs26102020.pdf
227,Nifty Smallcap 250,INFIBEAM,2014-01-01,2020-11-25,,snapshot_floor,,closed by ind_prs18112020.pdf
227,Nifty Smallcap 250,BOMDYEING,2014-01-01,2021-03-31,,snapshot_floor,,closed by ind_prs23022021.pdf
227,Nifty Smallcap 250,CARERATING,2014-01-01,2021-03-31,,snapshot_floor,,closed by ind_prs23022021.pdf
227,Nifty Smallcap 250,CHENNPETRO,2014-01-01,2021-03-31,,snapshot_floor,,closed by ind_prs23022021.pdf
227,Nifty Smallcap 250,DBCORP,2018-04-02,2021-03-31,,press_release,https://niftyindices.com/Press_Release/ind_prs21022018.pdf,closed by ind_prs23022021.pdf
227,Nifty Smallcap 250,DEEPAKNTR,2019-03-29,2021-03-31,,press_release,https://niftyindices.com/Press_Release/ind_prs25022019.pdf,closed by ind_prs23022021.pdf
227,Nifty Smallcap 250,DIXON,2018-04-02,2021-03-31,,press_release,https://niftyindices.com/Press_Release/ind_prs21022018.pdf,closed by ind_prs23022021.pdf
227,Nifty Smallcap 250,ESABINDIA,2020-06-26,2021-03-31,,press_release,https://niftyindices.com/Press_Release/ind_prs10062020.pdf,closed by ind_prs23022021.pdf
227,Nifty Smallcap 250,GMDCLTD,2014-01-01,2021-03-31,,snapshot_floor,,closed by ind_prs23022021.pdf
227,Nifty Smallcap 250,HATHWAY,2020-06-26,2021-03-31,,press_release,https://niftyindices.com/Press_Release/ind_prs10062020.pdf,closed by ind_prs23022021.pdf
227,Nifty Smallcap 250,HERITGFOOD,2017-09-29,2021-03-31,,press_release,https://niftyindices.com/Press_Release/ind_prs28082017.pdf,closed by ind_prs23022021.pdf
227,Nifty Smallcap 250,ICRA,2019-03-29,2021-03-31,,press_release,https://niftyindices.com/Press_Release/ind_prs25022019.pdf,closed by ind_prs23022021.pdf
227,Nifty Smallcap 250,IDBI,2020-09-25,2021-03-31,,press_release,https://niftyindices.com/Press_Release/ind_prs20082020.pdf,closed by ind_prs23022021.pdf
227,Nifty Smallcap 250,INDIAMART,2019-12-27,2021-03-31,,press_release,https://niftyindices.com/Press_Release/ind_prs16122019.pdf,closed by ind_prs23022021.pdf
227,Nifty Smallcap 250,JAGRAN,2017-09-29,2021-03-31,,press_release,https://niftyindices.com/Press_Release/ind_prs28082017.pdf,closed by ind_prs23022021.pdf
227,Nifty Smallcap 250,JAICORPLTD,2014-01-01,2021-03-31,,snapshot_floor,,closed by ind_prs23022021.pdf
227,Nifty Smallcap 250,J&KBANK,2014-01-01,2021-03-31,,snapshot_floor,,closed by ind_prs23022021.pdf
227,Nifty Smallcap 250,KTKBANK,2014-01-01,2021-03-31,,snapshot_floor,,closed by ind_prs23022021.pdf
227,Nifty Smallcap 250,KOLTEPATIL,2014-01-01,2021-03-31,,snapshot_floor,,closed by ind_prs23022021.pdf
227,Nifty Smallcap 250,LAURUSLABS,2017-05-26,2021-03-31,,press_release,https://niftyindices.com/Press_Release/ind_prs27042017.pdf,closed by ind_prs23022021.pdf
227,Nifty Smallcap 250,NAVNETEDUL,2020-09-25,2021-03-31,,press_release,https://niftyindices.com/Press_Release/ind_prs20082020.pdf,closed by ind_prs23022021.pdf
227,Nifty Smallcap 250,OMAXE,2014-01-01,2021-03-31,,snapshot_floor,,closed by ind_prs23022021.pdf
227,Nifty Smallcap 250,ORIENTCEM,2014-01-01,2021-03-31,,snapshot_floor,,closed by ind_prs23022021.pdf
227,Nifty Smallcap 250,PERSISTENT,2017-03-31,2021-03-31,,press_release,https://niftyindices.com/Press_Release/ind_prs16022017.pdf,closed by ind_prs23022021.pdf
227,Nifty Smallcap 250,PRAJIND,2014-01-01,2021-03-31,,snapshot_floor,,closed by ind_prs23022021.pdf
227,Nifty Smallcap 250,PGHL,2014-01-01,2021-03-31,,snapshot_floor,,closed by ind_prs23022021.pdf
227,Nifty Smallcap 250,PSPPROJECT,2020-09-14,2021-03-31,,press_release,https://niftyindices.com/Press_Release/ind_prs07092020.pdf,closed by ind_prs23022021.pdf
227,Nifty Smallcap 250,PTC,2014-01-01,2021-03-31,,snapshot_floor,,closed by ind_prs23022021.pdf
227,Nifty Smallcap 250,SOUTHBANK,2014-01-01,2021-03-31,,snapshot_floor,,closed by ind_prs23022021.pdf
227,Nifty Smallcap 250,SUVENPHAR,2020-09-25,2021-03-31,,press_release,https://niftyindices.com/Press_Release/ind_prs20082020.pdf,closed by ind_prs23022021.pdf
227,Nifty Smallcap 250,SWARAJENG,2020-09-14,2021-03-31,,press_release,https://niftyindices.com/Press_Release/ind_prs07092020.pdf,closed by ind_prs23022021.pdf
227,Nifty Smallcap 250,TATAELXSI,2017-03-31,2021-03-31,,press_release,https://niftyindices.com/Press_Release/ind_prs16022017.pdf,closed by ind_prs23022021.pdf
227,Nifty Smallcap 250,TVTODAY,2014-01-01,2021-03-31,,snapshot_floor,,closed by ind_prs23022021.pdf
227,Nifty Smallcap 250,VRLLOG,2014-01-01,2021-03-31,,snapshot_floor,,closed by ind_prs23022021.pdf
227,Nifty Smallcap 250,GHCL,2017-03-31,2021-04-29,,press_release,https://niftyindices.com/Press_Release/ind_prs16022017.pdf,closed by ind_prs22042021.pdf
227,Nifty Smallcap 250,TATASTLBSL,2020-01-16,2021-04-29,,press_release,https://niftyindices.com/Press_Release/ind_prs09012020.pdf,closed by ind_prs22042021.pdf
227,Nifty Smallcap 250,AFFLE,2019-12-26,2021-09-30,,press_release,https://niftyindices.com/Press_Release/ind_prs18122019.pdf,closed by ind_prs15092021.pdf
227,Nifty Smallcap 250,ALKYLAMINE,2020-06-26,2021-09-30,,press_release,https://niftyindices.com/Press_Release/ind_prs10062020.pdf,closed by ind_prs15092021.pdf
227,Nifty Smallcap 250,APLAPOLLO,2014-01-01,2021-09-30,,snapshot_floor,,closed by ind_prs15092021.pdf
227,Nifty Smallcap 250,BALMLAWRIE,2014-01-01,2021-09-30,,snapshot_floor,,closed by ind_prs15092021.pdf
227,Nifty Smallcap 250,BLISSGVS,2014-01-01,2021-09-30,,snapshot_floor,https://niftyindices.com/Press_Release/ind_prs15092021.pdf,orphan-exclude (no prior include in coverage)
227,Nifty Smallcap 250,BLUEDART,2020-09-25,2021-09-30,,press_release,https://niftyindices.com/Press_Release/ind_prs20082020.pdf,closed by ind_prs15092021.pdf
227,Nifty Smallcap 250,DISHTV,2019-09-27,2021-09-30,,press_release,https://niftyindices.com/Press_Release/ind_prs28082019.pdf,closed by ind_prs15092021.pdf
227,Nifty Smallcap 250,DCAL,2018-04-02,2021-09-30,,press_release,https://niftyindices.com/Press_Release/ind_prs21022018.pdf,closed by ind_prs15092021.pdf
227,Nifty Smallcap 250,FCONSUMER,2020-06-26,2021-09-30,,press_release,https://niftyindices.com/Press_Release/ind_prs10062020.pdf,closed by ind_prs15092021.pdf
227,Nifty Smallcap 250,GRSE,2020-06-26,2021-09-30,,press_release,https://niftyindices.com/Press_Release/ind_prs10062020.pdf,closed by ind_prs15092021.pdf
227,Nifty Smallcap 250,GEPIL,2014-01-01,2021-09-30,,snapshot_floor,,closed by ind_prs15092021.pdf
227,Nifty Smallcap 250,GULFOILLUB,2014-01-01,2021-09-30,,snapshot_floor,,closed by ind_prs15092021.pdf
227,Nifty Smallcap 250,HSCL,2018-04-02,2021-09-30,,press_release,https://niftyindices.com/Press_Release/ind_prs21022018.pdf,closed by ind_prs15092021.pdf
227,Nifty Smallcap 250,HINDCOPPER,2017-09-29,2021-09-30,,press_release,https://niftyindices.com/Press_Release/ind_prs28082017.pdf,closed by ind_prs15092021.pdf
227,Nifty Smallcap 250,HUHTAMAKI,2014-01-01,2021-09-30,,snapshot_floor,,closed by ind_prs15092021.pdf
227,Nifty Smallcap 250,INDIANB,2020-06-26,2021-09-30,,press_release,https://niftyindices.com/Press_Release/ind_prs10062020.pdf,closed by ind_prs15092021.pdf
227,Nifty Smallcap 250,JTEKTINDIA,2020-09-14,2021-09-30,,press_release,https://niftyindices.com/Press_Release/ind_prs07092020.pdf,closed by ind_prs15092021.pdf
227,Nifty Smallcap 250,KAJARIACER,2018-09-28,2021-09-30,,press_release,https://niftyindices.com/Press_Release/ind_prs28082018.pdf,closed by ind_prs15092021.pdf
227,Nifty Smallcap 250,LINDEINDIA,2018-09-28,2021-09-30,,press_release,https://niftyindices.com/Press_Release/ind_prs28082018.pdf,closed by ind_prs15092021.pdf
227,Nifty Smallcap 250,MAHSCOOTER,2019-03-29,2021-09-30,,press_release,https://niftyindices.com/Press_Release/ind_prs25022019.pdf,closed by ind_prs15092021.pdf
227,Nifty Smallcap 250,MAHSEAMLES,2019-03-29,2021-09-30,,press_release,https://niftyindices.com/Press_Release/ind_prs25022019.pdf,closed by ind_prs15092021.pdf
227,Nifty Smallcap 250,MASFIN,2018-04-02,2021-09-30,,press_release,https://niftyindices.com/Press_Release/ind_prs21022018.pdf,closed by ind_prs15092021.pdf
227,Nifty Smallcap 250,NATIONALUM,2021-03-31,2021-09-30,,press_release,https://niftyindices.com/Press_Release/ind_prs23022021.pdf,closed by ind_prs15092021.pdf
227,Nifty Smallcap 250,RAYMOND,2014-01-01,2021-09-30,,snapshot_floor,,closed by ind_prs15092021.pdf
227,Nifty Smallcap 250,RESPONIND,2021-03-31,2021-09-30,,press_release,https://niftyindices.com/Press_Release/ind_prs23022021.pdf,closed by ind_prs15092021.pdf
227,Nifty Smallcap 250,SHOPERSTOP,2017-09-29,2021-09-30,,press_release,https://niftyindices.com/Press_Release/ind_prs28082017.pdf,closed by ind_prs15092021.pdf
227,Nifty Smallcap 250,SUNCLAYLTD,2021-03-31,2021-09-30,,press_release,https://niftyindices.com/Press_Release/ind_prs23022021.pdf,closed by ind_prs15092021.pdf
227,Nifty Smallcap 250,SWANENERGY,2014-01-01,2021-09-30,,snapshot_floor,,closed by ind_prs15092021.pdf
227,Nifty Smallcap 250,TATAINVEST,2017-03-31,2021-09-30,,press_release,https://niftyindices.com/Press_Release/ind_prs16022017.pdf,closed by ind_prs15092021.pdf
227,Nifty Smallcap 250,VAIBHAVGBL,2019-09-24,2021-09-30,,press_release,https://niftyindices.com/Press_Release/ind_prs17092019_1.pdf,closed by ind_prs15092021.pdf
227,Nifty Smallcap 250,VSTIND,2019-03-29,2021-09-30,,press_release,https://niftyindices.com/Press_Release/ind_prs25022019.pdf,closed by ind_prs15092021.pdf
227,Nifty Smallcap 250,ZFCVINDIA,2021-03-31,2021-09-30,,press_release,https://niftyindices.com/Press_Release/ind_prs23022021.pdf,closed by ind_prs15092021.pdf
227,Nifty Smallcap 250,ALEMBICLTD,2020-09-25,2022-03-31,,press_release,https://niftyindices.com/Press_Release/ind_prs20082020.pdf,closed by ind_prs24022022_1.pdf
227,Nifty Smallcap 250,ASHOKA,2014-01-01,2022-03-31,,snapshot_floor,,closed by ind_prs24022022_1.pdf
227,Nifty Smallcap 250,BAJAJCON,2017-09-29,2022-03-31,,press_release,https://niftyindices.com/Press_Release/ind_prs28082017.pdf,closed by ind_prs24022022_1.pdf
227,Nifty Smallcap 250,BHARATRAS,2020-06-26,2022-03-31,,press_release,https://niftyindices.com/Press_Release/ind_prs10062020.pdf,closed by ind_prs24022022_1.pdf
227,Nifty Smallcap 250,CGCL,2019-09-27,2022-03-31,,press_release,https://niftyindices.com/Press_Release/ind_prs28082019.pdf,closed by ind_prs24022022_1.pdf
227,Nifty Smallcap 250,CGPOWER,2021-09-30,2022-03-31,,press_release,https://niftyindices.com/Press_Release/ind_prs15092021.pdf,closed by ind_prs24022022_1.pdf
227,Nifty Smallcap 250,DCBBANK,2014-01-01,2022-03-31,,snapshot_floor,,closed by ind_prs24022022_1.pdf
227,Nifty Smallcap 250,DHANUKA,2020-06-26,2022-03-31,,press_release,https://niftyindices.com/Press_Release/ind_prs10062020.pdf,closed by ind_prs24022022_1.pdf
227,Nifty Smallcap 250,FRETAIL,2021-03-31,2022-03-31,,press_release,https://niftyindices.com/Press_Release/ind_prs23022021.pdf,closed by ind_prs24022022_1.pdf
227,Nifty Smallcap 250,GREAVESCOT,2014-01-01,2022-03-31,,snapshot_floor,,closed by ind_prs24022022_1.pdf
227,Nifty Smallcap 250,GRINDWELL,2018-09-28,2022-03-31,,press_release,https://niftyindices.com/Press_Release/ind_prs28082018.pdf,closed by ind_prs24022022_1.pdf
227,Nifty Smallcap 250,FLUOROCHEM,2020-06-26,2022-03-31,,press_release,https://niftyindices.com/Press_Release/ind_prs10062020.pdf,closed by ind_prs24022022_1.pdf
227,Nifty Smallcap 250,HAPPSTMNDS,2021-03-31,2022-03-31,,press_release,https://niftyindices.com/Press_Release/ind_prs23022021.pdf,closed by ind_prs24022022_1.pdf
227,Nifty Smallcap 250,HEIDELBERG,2014-01-01,2022-03-31,,snapshot_floor,,closed by ind_prs24022022_1.pdf
227,Nifty Smallcap 250,IDBI,2021-09-30,2022-03-31,,press_release,https://niftyindices.com/Press_Release/ind_prs15092021.pdf,closed by ind_prs24022022_1.pdf
227,Nifty Smallcap 250,IEX,2018-04-02,2022-03-31,,press_release,https://niftyindices.com/Press_Release/ind_prs21022018.pdf,closed by ind_prs24022022_1.pdf
227,Nifty Smallcap 250,INGERRAND,2020-06-26,2022-03-31,,press_release,https://niftyindices.com/Press_Release/ind_prs10062020.pdf,closed by ind_prs24022022_1.pdf
227,Nifty Smallcap 250,IOLCP,2020-09-25,2022-03-31,,press_release,https://niftyindices.com/Press_Release/ind_prs20082020.pdf,closed by ind_prs24022022_1.pdf
227,Nifty Smallcap 250,JINDALSAW,2017-09-29,2022-03-31,,press_release,https://niftyindices.com/Press_Release/ind_prs28082017.pdf,closed by ind_prs24022022_1.pdf
227,Nifty Smallcap 250,JKTYRE,2014-01-01,2022-03-31,,snapshot_floor,,closed by ind_prs24022022_1.pdf
227,Nifty Smallcap 250,KSCL,2014-01-01,2022-03-31,,snapshot_floor,,closed by ind_prs24022022_1.pdf
227,Nifty Smallcap 250,KSB,2020-06-26,2022-03-31,,press_release,https://niftyindices.com/Press_Release/ind_prs10062020.pdf,closed by ind_prs24022022_1.pdf
227,Nifty Smallcap 250,LAOPALA,2020-06-26,2022-03-31,,press_release,https://niftyindices.com/Press_Release/ind_prs10062020.pdf,closed by ind_prs24022022_1.pdf
227,Nifty Smallcap 250,LEMONTREE,2018-09-28,2022-03-31,,press_release,https://niftyindices.com/Press_Release/ind_prs28082018.pdf,closed by ind_prs24022022_1.pdf
227,Nifty Smallcap 250,MINDACORP,2017-03-31,2022-03-31,,press_release,https://niftyindices.com/Press_Release/ind_prs16022017.pdf,closed by ind_prs24022022_1.pdf
227,Nifty Smallcap 250,MIDHANI,2019-12-26,2022-03-31,,press_release,https://niftyindices.com/Press_Release/ind_prs18122019.pdf,closed by ind_prs24022022_1.pdf
227,Nifty Smallcap 250,NFL,2014-01-01,2022-03-31,,snapshot_floor,https://niftyindices.com/Press_Release/ind_prs24022022_1.pdf,orphan-exclude (no prior include in coverage)
227,Nifty Smallcap 250,NILKAMAL,2014-01-01,2022-03-31,,snapshot_floor,,closed by ind_prs24022022_1.pdf
227,Nifty Smallcap 250,SCHNEIDER,2020-06-26,2022-03-31,,press_release,https://niftyindices.com/Press_Release/ind_prs10062020.pdf,closed by ind_prs24022022_1.pdf
227,Nifty Smallcap 250,SHARDACROP,2021-03-31,2022-03-31,,press_release,https://niftyindices.com/Press_Release/ind_prs23022021.pdf,closed by ind_prs24022022_1.pdf
227,Nifty Smallcap 250,SPANDANA,2021-03-31,2022-03-31,,press_release,https://niftyindices.com/Press_Release/ind_prs23022021.pdf,closed by ind_prs24022022_1.pdf
227,Nifty Smallcap 250,STARCEMENT,2014-01-01,2022-03-31,,snapshot_floor,,closed by ind_prs24022022_1.pdf
227,Nifty Smallcap 250,TASTYBITE,2014-01-01,2022-03-31,,snapshot_floor,https://niftyindices.com/Press_Release/ind_prs24022022_1.pdf,orphan-exclude (no prior include in coverage)
227,Nifty Smallcap 250,TTML,2021-09-30,2022-03-31,,press_release,https://niftyindices.com/Press_Release/ind_prs15092021.pdf,closed by ind_prs24022022_1.pdf
227,Nifty Smallcap 250,TRIDENT,2014-01-01,2022-03-31,,snapshot_floor,,closed by ind_prs24022022_1.pdf
227,Nifty Smallcap 250,UJJIVAN,2014-01-01,2022-03-31,,snapshot_floor,,closed by ind_prs24022022_1.pdf
227,Nifty Smallcap 250,UJJIVANSFB,2020-06-26,2022-03-31,,press_release,https://niftyindices.com/Press_Release/ind_prs10062020.pdf,closed by ind_prs24022022_1.pdf
227,Nifty Smallcap 250,VALIANTORG,2021-03-31,2022-03-31,,press_release,https://niftyindices.com/Press_Release/ind_prs23022021.pdf,closed by ind_prs24022022_1.pdf
227,Nifty Smallcap 250,SUPPETRO,2020-09-25,2022-04-07,,press_release,https://niftyindices.com/Press_Release/ind_prs20082020.pdf,closed by ind_prs06042022.pdf
227,Nifty Smallcap 250,BEML,2014-01-01,2022-04-12,,snapshot_floor,,closed by ind_prs05042022_1.pdf
227,Nifty Smallcap 250,JSLHISAR,2017-09-29,2022-05-31,,press_release,https://niftyindices.com/Press_Release/ind_prs28082017.pdf,closed by ind_prs24052022.pdf
227,Nifty Smallcap 250,SHRIRAMCIT,2021-03-31,2022-08-08,,press_release,https://niftyindices.com/Press_Release/ind_prs23022021.pdf,closed by ind_prs11072022.pdf
227,Nifty Smallcap 250,ADVENZYMES,2014-01-01,2022-09-30,,snapshot_floor,,closed by ind_prs01092022.pdf
227,Nifty Smallcap 250,DEVYANI,2022-03-31,2022-09-30,,press_release,https://niftyindices.com/Press_Release/ind_prs24022022_1.pdf,closed by ind_prs01092022.pdf
227,Nifty Smallcap 250,ERIS,2021-03-31,2022-09-30,,press_release,https://niftyindices.com/Press_Release/ind_prs23022021.pdf,closed by ind_prs01092022.pdf
227,Nifty Smallcap 250,GLS,2022-03-31,2022-09-30,,press_release,https://niftyindices.com/Press_Release/ind_prs24022022_1.pdf,closed by ind_prs01092022.pdf
227,Nifty Smallcap 250,HATHWAY,2021-09-30,2022-09-30,,press_release,https://niftyindices.com/Press_Release/ind_prs15092021.pdf,closed by ind_prs01092022.pdf
227,Nifty Smallcap 250,HEMIPROP,2021-03-31,2022-09-30,,press_release,https://niftyindices.com/Press_Release/ind_prs23022021.pdf,closed by ind_prs01092022.pdf
227,Nifty Smallcap 250,ICIL,2021-03-31,2022-09-30,,press_release,https://niftyindices.com/Press_Release/ind_prs23022021.pdf,closed by ind_prs01092022.pdf
227,Nifty Smallcap 250,IRCON,2019-03-29,2022-09-30,,press_release,https://niftyindices.com/Press_Release/ind_prs25022019.pdf,closed by ind_prs01092022.pdf
227,Nifty Smallcap 250,KPRMILL,2021-03-31,2022-09-30,,press_release,https://niftyindices.com/Press_Release/ind_prs23022021.pdf,closed by ind_prs01092022.pdf
227,Nifty Smallcap 250,NESCO,2018-04-02,2022-09-30,,press_release,https://niftyindices.com/Press_Release/ind_prs21022018.pdf,closed by ind_prs01092022.pdf
227,Nifty Smallcap 250,POONAWALLA,2021-09-30,2022-09-30,,press_release,https://niftyindices.com/Press_Release/ind_prs15092021.pdf,closed by ind_prs01092022.pdf
227,Nifty Smallcap 250,RAILTEL,2021-09-30,2022-09-30,,press_release,https://niftyindices.com/Press_Release/ind_prs15092021.pdf,closed by ind_prs01092022.pdf
227,Nifty Smallcap 250,SEQUENT,2020-06-26,2022-09-30,,press_release,https://niftyindices.com/Press_Release/ind_prs10062020.pdf,closed by ind_prs01092022.pdf
227,Nifty Smallcap 250,SOLARA,2020-09-25,2022-09-30,,press_release,https://niftyindices.com/Press_Release/ind_prs20082020.pdf,closed by ind_prs01092022.pdf
227,Nifty Smallcap 250,SPICEJET,2019-12-27,2022-09-30,,press_release,https://niftyindices.com/Press_Release/ind_prs16122019.pdf,closed by ind_prs01092022.pdf
227,Nifty Smallcap 250,STAR,2018-09-28,2022-09-30,,press_release,https://niftyindices.com/Press_Release/ind_prs28082018.pdf,closed by ind_prs01092022.pdf
227,Nifty Smallcap 250,TATASTLLP,2021-09-30,2022-09-30,,press_release,https://niftyindices.com/Press_Release/ind_prs15092021.pdf,closed by ind_prs01092022.pdf
227,Nifty Smallcap 250,UCOBANK,2020-09-25,2022-09-30,,press_release,https://niftyindices.com/Press_Release/ind_prs20082020.pdf,closed by ind_prs01092022.pdf
227,Nifty Smallcap 250,VAKRANGEE,2019-03-29,2022-09-30,,press_release,https://niftyindices.com/Press_Release/ind_prs25022019.pdf,closed by ind_prs01092022.pdf
227,Nifty Smallcap 250,VENKEYS,2018-09-28,2022-09-30,,press_release,https://niftyindices.com/Press_Release/ind_prs28082018.pdf,closed by ind_prs01092022.pdf
227,Nifty Smallcap 250,EQUITAS,2014-01-01,2022-09-30,,snapshot_floor,,closed by ind_prs16092022.pdf
227,Nifty Smallcap 250,ALLCARGO,2022-03-31,2022-12-30,,press_release,https://niftyindices.com/Press_Release/ind_prs24022022_1.pdf,closed by ind_prs06122022.pdf
227,Nifty Smallcap 250,NIITLTD,2022-09-30,2022-12-30,,press_release,https://niftyindices.com/Press_Release/ind_prs01092022.pdf,closed by ind_prs06122022.pdf
227,Nifty Smallcap 250,SCI,2020-06-26,2022-12-30,,press_release,https://niftyindices.com/Press_Release/ind_prs10062020.pdf,closed by ind_prs06122022.pdf
227,Nifty Smallcap 250,SAREGAMA,2022-03-31,2022-12-30,,press_release,https://niftyindices.com/Press_Release/ind_prs24022022_1.pdf,closed by ind_prs22122022.pdf
227,Nifty Smallcap 250,INOXLEISUR,2014-01-01,2023-02-17,,snapshot_floor,,closed by ind_prs09022023_1.pdf
227,Nifty Smallcap 250,ABSLAMC,2022-03-31,2023-03-31,,press_release,https://niftyindices.com/Press_Release/ind_prs24022022_1.pdf,closed by ind_prs17022023_1.pdf
227,Nifty Smallcap 250,ALOKINDS,2020-09-25,2023-03-31,,press_release,https://niftyindices.com/Press_Release/ind_prs20082020.pdf,closed by ind_prs17022023_1.pdf
227,Nifty Smallcap 250,APOLLOTYRE,2022-09-30,2023-03-31,,press_release,https://niftyindices.com/Press_Release/ind_prs01092022.pdf,closed by ind_prs17022023_1.pdf
227,Nifty Smallcap 250,ASTRAZEN,2021-09-30,2023-03-31,,press_release,https://niftyindices.com/Press_Release/ind_prs15092021.pdf,closed by ind_prs17022023_1.pdf
227,Nifty Smallcap 250,BHARATRAS,2022-09-30,2023-03-31,,press_release,https://niftyindices.com/Press_Release/ind_prs01092022.pdf,closed by ind_prs17022023_1.pdf
227,Nifty Smallcap 250,CAPLIPOINT,2014-01-01,2023-03-31,,snapshot_floor,,closed by ind_prs17022023_1.pdf
227,Nifty Smallcap 250,DHANI,2022-03-31,2023-03-31,,press_release,https://niftyindices.com/Press_Release/ind_prs24022022_1.pdf,closed by ind_prs17022023_1.pdf
227,Nifty Smallcap 250,DBL,2019-09-27,2023-03-31,,press_release,https://niftyindices.com/Press_Release/ind_prs28082019.pdf,closed by ind_prs17022023_1.pdf
227,Nifty Smallcap 250,FINEORG,2019-03-29,2023-03-31,,press_release,https://niftyindices.com/Press_Release/ind_prs25022019.pdf,closed by ind_prs17022023_1.pdf
227,Nifty Smallcap 250,INDOCO,2020-06-26,2023-03-31,,press_release,https://niftyindices.com/Press_Release/ind_prs10062020.pdf,closed by ind_prs17022023_1.pdf
227,Nifty Smallcap 250,METROBRAND,2022-03-31,2023-03-31,,press_release,https://niftyindices.com/Press_Release/ind_prs24022022_1.pdf,closed by ind_prs17022023_1.pdf
227,Nifty Smallcap 250,MOIL,2014-01-01,2023-03-31,,snapshot_floor,,closed by ind_prs17022023_1.pdf
227,Nifty Smallcap 250,PRIVISCL,2022-03-31,2023-03-31,,press_release,https://niftyindices.com/Press_Release/ind_prs24022022_1.pdf,closed by ind_prs17022023_1.pdf
227,Nifty Smallcap 250,PGHL,2021-09-30,2023-03-31,,press_release,https://niftyindices.com/Press_Release/ind_prs15092021.pdf,closed by ind_prs17022023_1.pdf
227,Nifty Smallcap 250,SFL,2021-03-31,2023-03-31,,press_release,https://niftyindices.com/Press_Release/ind_prs23022021.pdf,closed by ind_prs17022023_1.pdf
227,Nifty Smallcap 250,SHILPAMED,2020-09-25,2023-03-31,,press_release,https://niftyindices.com/Press_Release/ind_prs20082020.pdf,closed by ind_prs17022023_1.pdf
227,Nifty Smallcap 250,SIS,2018-04-02,2023-03-31,,press_release,https://niftyindices.com/Press_Release/ind_prs21022018.pdf,closed by ind_prs17022023_1.pdf
227,Nifty Smallcap 250,SUDARSCHEM,2017-03-31,2023-03-31,,press_release,https://niftyindices.com/Press_Release/ind_prs16022017.pdf,closed by ind_prs17022023_1.pdf
227,Nifty Smallcap 250,SYMPHONY,2021-03-31,2023-03-31,,press_release,https://niftyindices.com/Press_Release/ind_prs23022021.pdf,closed by ind_prs17022023_1.pdf
227,Nifty Smallcap 250,TATACOFFEE,2020-09-14,2023-03-31,,press_release,https://niftyindices.com/Press_Release/ind_prs07092020.pdf,closed by ind_prs17022023_1.pdf
227,Nifty Smallcap 250,THYROCARE,2017-03-31,2023-03-31,,press_release,https://niftyindices.com/Press_Release/ind_prs16022017.pdf,closed by ind_prs17022023_1.pdf
227,Nifty Smallcap 250,TIMKEN,2014-01-01,2023-03-31,,snapshot_floor,,closed by ind_prs17022023_1.pdf
227,Nifty Smallcap 250,WOCKPHARMA,2018-09-28,2023-03-31,,press_release,https://niftyindices.com/Press_Release/ind_prs28082018.pdf,closed by ind_prs17022023_1.pdf
227,Nifty Smallcap 250,BAJAJELEC,2014-01-01,2023-04-28,,snapshot_floor,,closed by ind_prs19042023_1.pdf
227,Nifty Smallcap 250,EDELWEISS,2021-03-31,2023-04-28,,press_release,https://niftyindices.com/Press_Release/ind_prs23022021.pdf,closed by ind_prs19042023_1.pdf
227,Nifty Smallcap 250,MAHABANK,2019-03-29,2023-09-29,,press_release,https://niftyindices.com/Press_Release/ind_prs25022019.pdf,closed by ind_prs17082023.pdf
227,Nifty Smallcap 250,BASF,2014-01-01,2023-09-29,,snapshot_floor,,closed by ind_prs17082023.pdf
227,Nifty Smallcap 250,BDL,2014-01-01,2023-09-29,,snapshot_floor,,closed by ind_prs17082023.pdf
227,Nifty Smallcap 250,CARBORUNIV,2014-01-01,2023-09-29,,snapshot_floor,,closed by ind_prs17082023.pdf
227,Nifty Smallcap 250,FACT,2021-09-30,2023-09-29,,press_release,https://niftyindices.com/Press_Release/ind_prs15092021.pdf,closed by ind_prs17082023.pdf
227,Nifty Smallcap 250,GARFIBRES,2019-09-27,2023-09-29,,press_release,https://niftyindices.com/Press_Release/ind_prs28082019.pdf,closed by ind_prs17082023.pdf
227,Nifty Smallcap 250,GODREJAGRO,2021-09-30,2023-09-29,,press_release,https://niftyindices.com/Press_Release/ind_prs15092021.pdf,closed by ind_prs17082023.pdf
227,Nifty Smallcap 250,GREENPANEL,2022-09-30,2023-09-29,,press_release,https://niftyindices.com/Press_Release/ind_prs01092022.pdf,closed by ind_prs17082023.pdf
227,Nifty Smallcap 250,HIKAL,2021-09-30,2023-09-29,,press_release,https://niftyindices.com/Press_Release/ind_prs15092021.pdf,closed by ind_prs17082023.pdf
227,Nifty Smallcap 250,HGS,2021-09-30,2023-09-29,,press_release,https://niftyindices.com/Press_Release/ind_prs15092021.pdf,closed by ind_prs17082023.pdf
227,Nifty Smallcap 250,IFBIND,2017-09-29,2023-09-29,,press_release,https://niftyindices.com/Press_Release/ind_prs28082017.pdf,closed by ind_prs17082023.pdf
227,Nifty Smallcap 250,IBREALEST,2018-09-28,2023-09-29,,press_release,https://niftyindices.com/Press_Release/ind_prs28082018.pdf,closed by ind_prs17082023.pdf
227,Nifty Smallcap 250,JSL,2017-09-29,2023-09-29,,press_release,https://niftyindices.com/Press_Release/ind_prs28082017.pdf,closed by ind_prs17082023.pdf
227,Nifty Smallcap 250,JINDWORLD,2023-03-31,2023-09-29,,press_release,https://niftyindices.com/Press_Release/ind_prs17022023_1.pdf,closed by ind_prs17082023.pdf
227,Nifty Smallcap 250,KENNAMET,2023-03-31,2023-09-29,,press_release,https://niftyindices.com/Press_Release/ind_prs17022023_1.pdf,closed by ind_prs17082023.pdf
227,Nifty Smallcap 250,RUSTOMJEE,2023-03-31,2023-09-29,,press_release,https://niftyindices.com/Press_Release/ind_prs17022023_1.pdf,closed by ind_prs17082023.pdf
227,Nifty Smallcap 250,KPITTECH,2021-03-31,2023-09-29,,press_release,https://niftyindices.com/Press_Release/ind_prs23022021.pdf,closed by ind_prs17082023.pdf
227,Nifty Smallcap 250,MAHLOG,2018-09-28,2023-09-29,,press_release,https://niftyindices.com/Press_Release/ind_prs28082018.pdf,closed by ind_prs17082023.pdf
227,Nifty Smallcap 250,MAZDOCK,2021-03-31,2023-09-29,,press_release,https://niftyindices.com/Press_Release/ind_prs23022021.pdf,closed by ind_prs17082023.pdf
227,Nifty Smallcap 250,NOCIL,2020-09-14,2023-09-29,,press_release,https://niftyindices.com/Press_Release/ind_prs07092020.pdf,closed by ind_prs17082023.pdf
227,Nifty Smallcap 250,RVNL,2019-09-27,2023-09-29,,press_release,https://niftyindices.com/Press_Release/ind_prs28082019.pdf,closed by ind_prs17082023.pdf
227,Nifty Smallcap 250,TMB,2023-03-31,2023-09-29,,press_release,https://niftyindices.com/Press_Release/ind_prs17022023_1.pdf,closed by ind_prs17082023.pdf
227,Nifty Smallcap 250,TCIEXP,2019-09-27,2023-09-29,,press_release,https://niftyindices.com/Press_Release/ind_prs28082019.pdf,closed by ind_prs17082023.pdf
227,Nifty Smallcap 250,TCNSBRANDS,2019-03-29,2023-09-29,,press_release,https://niftyindices.com/Press_Release/ind_prs25022019.pdf,closed by ind_prs17082023.pdf
227,Nifty Smallcap 250,TCI,2022-09-30,2023-09-29,,press_release,https://niftyindices.com/Press_Release/ind_prs01092022.pdf,closed by ind_prs17082023.pdf
227,Nifty Smallcap 250,UFLEX,2014-01-01,2023-09-29,,snapshot_floor,,closed by ind_prs17082023.pdf
227,Nifty Smallcap 250,KIRLFER,2023-09-29,2023-10-26,,press_release,https://niftyindices.com/Press_Release/ind_prs17082023.pdf,closed by ind_prs17102023.pdf
227,Nifty Smallcap 250,AARTIDRUGS,2020-09-25,2024-03-28,,press_release,https://niftyindices.com/Press_Release/ind_prs20082020.pdf,closed by ind_prs28022024.pdf
227,Nifty Smallcap 250,BCG,2022-03-31,2024-03-28,,press_release,https://niftyindices.com/Press_Release/ind_prs24022022_1.pdf,closed by ind_prs28022024.pdf
227,Nifty Smallcap 250,DELTACORP,2014-01-01,2024-03-28,,snapshot_floor,,closed by ind_prs28022024.pdf
227,Nifty Smallcap 250,EPIGRAL,2014-01-01,2024-03-28,,snapshot_floor,,closed by ind_prs28022024.pdf
227,Nifty Smallcap 250,GRINFRA,2022-03-31,2024-03-28,,press_release,https://niftyindices.com/Press_Release/ind_prs24022022_1.pdf,closed by ind_prs28022024.pdf
227,Nifty Smallcap 250,GALAXYSURF,2018-09-28,2024-03-28,,press_release,https://niftyindices.com/Press_Release/ind_prs28082018.pdf,closed by ind_prs28022024.pdf
227,Nifty Smallcap 250,GOCOLORS,2022-03-31,2024-03-28,,press_release,https://niftyindices.com/Press_Release/ind_prs24022022_1.pdf,closed by ind_prs28022024.pdf
227,Nifty Smallcap 250,GUJALKALI,2017-03-31,2024-03-28,,press_release,https://niftyindices.com/Press_Release/ind_prs16022017.pdf,closed by ind_prs28022024.pdf
227,Nifty Smallcap 250,HLEGLAS,2022-03-31,2024-03-28,,press_release,https://niftyindices.com/Press_Release/ind_prs24022022_1.pdf,closed by ind_prs28022024.pdf
227,Nifty Smallcap 250,IDBI,2022-09-30,2024-03-28,,press_release,https://niftyindices.com/Press_Release/ind_prs01092022.pdf,closed by ind_prs28022024.pdf
227,Nifty Smallcap 250,INFIBEAM,2021-04-29,2024-03-28,,press_release,https://niftyindices.com/Press_Release/ind_prs22042021.pdf,closed by ind_prs28022024.pdf
227,Nifty Smallcap 250,INGERRAND,2023-03-31,2024-03-28,,press_release,https://niftyindices.com/Press_Release/ind_prs17022023_1.pdf,closed by ind_prs28022024.pdf
227,Nifty Smallcap 250,JAMNAAUTO,2019-03-29,2024-03-28,,press_release,https://niftyindices.com/Press_Release/ind_prs25022019.pdf,closed by ind_prs28022024.pdf
227,Nifty Smallcap 250,KALYANKJIL,2021-09-30,2024-03-28,,press_release,https://niftyindices.com/Press_Release/ind_prs15092021.pdf,closed by ind_prs28022024.pdf
227,Nifty Smallcap 250,KEI,2019-03-29,2024-03-28,,press_release,https://niftyindices.com/Press_Release/ind_prs25022019.pdf,closed by ind_prs28022024.pdf
227,Nifty Smallcap 250,LAXMIMACH,2014-01-01,2024-03-28,,snapshot_floor,,closed by ind_prs28022024.pdf
227,Nifty Smallcap 250,LUXIND,2018-09-28,2024-03-28,,press_release,https://niftyindices.com/Press_Release/ind_prs28082018.pdf,closed by ind_prs28022024.pdf
227,Nifty Smallcap 250,NAZARA,2021-09-30,2024-03-28,,press_release,https://niftyindices.com/Press_Release/ind_prs15092021.pdf,closed by ind_prs28022024.pdf
227,Nifty Smallcap 250,ORIENTELEC,2019-03-29,2024-03-28,,press_release,https://niftyindices.com/Press_Release/ind_prs25022019.pdf,closed by ind_prs28022024.pdf
227,Nifty Smallcap 250,POLYPLEX,2020-09-25,2024-03-28,,press_release,https://niftyindices.com/Press_Release/ind_prs20082020.pdf,closed by ind_prs28022024.pdf
227,Nifty Smallcap 250,PGHL,2023-09-29,2024-03-28,,press_release,https://niftyindices.com/Press_Release/ind_prs17082023.pdf,closed by ind_prs28022024.pdf
227,Nifty Smallcap 250,RAIN,2014-01-01,2024-03-28,,snapshot_floor,,closed by ind_prs28022024.pdf
227,Nifty Smallcap 250,RALLIS,2014-01-01,2024-03-28,,snapshot_floor,,closed by ind_prs28022024.pdf
227,Nifty Smallcap 250,ROSSARI,2021-03-31,2024-03-28,,press_release,https://niftyindices.com/Press_Release/ind_prs23022021.pdf,closed by ind_prs28022024.pdf
227,Nifty Smallcap 250,SHARDACROP,2022-09-30,2024-03-28,,press_release,https://niftyindices.com/Press_Release/ind_prs01092022.pdf,closed by ind_prs28022024.pdf
227,Nifty Smallcap 250,SFL,2023-09-29,2024-03-28,,press_release,https://niftyindices.com/Press_Release/ind_prs17082023.pdf,closed by ind_prs28022024.pdf
227,Nifty Smallcap 250,SHOPERSTOP,2022-09-30,2024-03-28,,press_release,https://niftyindices.com/Press_Release/ind_prs16092022.pdf,closed by ind_prs28022024.pdf
227,Nifty Smallcap 250,SJVN,2021-09-30,2024-03-28,,press_release,https://niftyindices.com/Press_Release/ind_prs15092021.pdf,closed by ind_prs28022024.pdf
227,Nifty Smallcap 250,SUPRAJIT,2019-03-29,2024-03-28,,press_release,https://niftyindices.com/Press_Release/ind_prs25022019.pdf,closed by ind_prs28022024.pdf
227,Nifty Smallcap 250,SUZLON,2018-09-28,2024-03-28,,press_release,https://niftyindices.com/Press_Release/ind_prs28082018.pdf,closed by ind_prs28022024.pdf
227,Nifty Smallcap 250,SYMPHONY,2023-09-29,2024-03-28,,press_release,https://niftyindices.com/Press_Release/ind_prs17082023.pdf,closed by ind_prs28022024.pdf
227,Nifty Smallcap 250,TEAMLEASE,2018-09-28,2024-03-28,,press_release,https://niftyindices.com/Press_Release/ind_prs28082018.pdf,closed by ind_prs28022024.pdf
227,Nifty Smallcap 250,TTKPRESTIG,2022-03-31,2024-03-28,,press_release,https://niftyindices.com/Press_Release/ind_prs24022022_1.pdf,closed by ind_prs28022024.pdf
227,Nifty Smallcap 250,VGUARD,2021-09-30,2024-03-28,,press_release,https://niftyindices.com/Press_Release/ind_prs15092021.pdf,closed by ind_prs28022024.pdf
227,Nifty Smallcap 250,VMART,2018-09-28,2024-03-28,,press_release,https://niftyindices.com/Press_Release/ind_prs28082018.pdf,closed by ind_prs28022024.pdf
227,Nifty Smallcap 250,ZYDUSWELL,2022-03-31,2024-03-28,,press_release,https://niftyindices.com/Press_Release/ind_prs24022022_1.pdf,closed by ind_prs28022024.pdf
227,Nifty Smallcap 250,BSE,2017-09-29,2024-03-28,,press_release,https://niftyindices.com/Press_Release/ind_prs28082017.pdf,closed by ind_prs19032024.pdf
227,Nifty Smallcap 250,AETHER,2022-09-30,2024-09-30,,press_release,https://niftyindices.com/Press_Release/ind_prs01092022.pdf,closed by ind_prs23082024.pdf
227,Nifty Smallcap 250,ALLCARGO,2023-09-29,2024-09-30,,press_release,https://niftyindices.com/Press_Release/ind_prs17082023.pdf,closed by ind_prs23082024.pdf
227,Nifty Smallcap 250,ANURAS,2021-09-30,2024-09-30,,press_release,https://niftyindices.com/Press_Release/ind_prs15092021.pdf,closed by ind_prs23082024.pdf
227,Nifty Smallcap 250,BORORENEW,2022-03-31,2024-09-30,,press_release,https://niftyindices.com/Press_Release/ind_prs24022022_1.pdf,closed by ind_prs23082024.pdf
227,Nifty Smallcap 250,CENTRALBK,2020-09-25,2024-09-30,,press_release,https://niftyindices.com/Press_Release/ind_prs20082020.pdf,closed by ind_prs23082024.pdf
227,Nifty Smallcap 250,COCHINSHIP,2014-01-01,2024-09-30,,snapshot_floor,,closed by ind_prs23082024.pdf
227,Nifty Smallcap 250,CSBBANK,2020-06-26,2024-09-30,,press_release,https://niftyindices.com/Press_Release/ind_prs10062020.pdf,closed by ind_prs23082024.pdf
227,Nifty Smallcap 250,DCMSHRIRAM,2014-01-01,2024-09-30,,snapshot_floor,,closed by ind_prs23082024.pdf
227,Nifty Smallcap 250,EPL,2019-03-29,2024-09-30,,press_release,https://niftyindices.com/Press_Release/ind_prs25022019.pdf,closed by ind_prs23082024.pdf
227,Nifty Smallcap 250,EXIDEIND,2022-09-30,2024-09-30,,press_release,https://niftyindices.com/Press_Release/ind_prs01092022.pdf,closed by ind_prs23082024.pdf
227,Nifty Smallcap 250,FDC,2018-09-28,2024-09-30,,press_release,https://niftyindices.com/Press_Release/ind_prs28082018.pdf,closed by ind_prs23082024.pdf
227,Nifty Smallcap 250,GLS,2023-09-29,2024-09-30,,press_release,https://niftyindices.com/Press_Release/ind_prs17082023.pdf,closed by ind_prs23082024.pdf
227,Nifty Smallcap 250,MEDANTA,2023-03-31,2024-09-30,,press_release,https://niftyindices.com/Press_Release/ind_prs17022023_1.pdf,closed by ind_prs23082024.pdf
227,Nifty Smallcap 250,GMMPFAUDLR,2020-06-26,2024-09-30,,press_release,https://niftyindices.com/Press_Release/ind_prs10062020.pdf,closed by ind_prs23082024.pdf
227,Nifty Smallcap 250,HAPPYFORGE,2024-03-28,2024-09-30,,press_release,https://niftyindices.com/Press_Release/ind_prs28022024.pdf,closed by ind_prs23082024.pdf
227,Nifty Smallcap 250,POWERINDIA,2020-09-25,2024-09-30,,press_release,https://niftyindices.com/Press_Release/ind_prs20082020.pdf,closed by ind_prs23082024.pdf
227,Nifty Smallcap 250,HUDCO,2021-03-31,2024-09-30,,press_release,https://niftyindices.com/Press_Release/ind_prs23022021.pdf,closed by ind_prs23082024.pdf
227,Nifty Smallcap 250,IOB,2020-09-25,2024-09-30,,press_release,https://niftyindices.com/Press_Release/ind_prs20082020.pdf,closed by ind_prs23082024.pdf
227,Nifty Smallcap 250,INDIGOPNTS,2021-09-30,2024-09-30,,press_release,https://niftyindices.com/Press_Release/ind_prs15092021.pdf,closed by ind_prs23082024.pdf
227,Nifty Smallcap 250,IRB,2018-09-28,2024-09-30,,press_release,https://niftyindices.com/Press_Release/ind_prs28082018.pdf,closed by ind_prs23082024.pdf
227,Nifty Smallcap 250,JAIBALAJI,2024-03-28,2024-09-30,,press_release,https://niftyindices.com/Press_Release/ind_prs28022024.pdf,closed by ind_prs23082024.pdf
227,Nifty Smallcap 250,JKPAPER,2019-03-29,2024-09-30,,press_release,https://niftyindices.com/Press_Release/ind_prs25022019.pdf,closed by ind_prs23082024.pdf
227,Nifty Smallcap 250,KRBL,2020-06-26,2024-09-30,,press_release,https://niftyindices.com/Press_Release/ind_prs10062020.pdf,closed by ind_prs23082024.pdf
227,Nifty Smallcap 250,LXCHEM,2021-09-30,2024-09-30,,press_release,https://niftyindices.com/Press_Release/ind_prs15092021.pdf,closed by ind_prs23082024.pdf
227,Nifty Smallcap 250,MHRIL,2014-01-01,2024-09-30,,snapshot_floor,,closed by ind_prs23082024.pdf
227,Nifty Smallcap 250,MRPL,2021-03-31,2024-09-30,,press_release,https://niftyindices.com/Press_Release/ind_prs23022021.pdf,closed by ind_prs23082024.pdf
227,Nifty Smallcap 250,MEDPLUS,2022-03-31,2024-09-30,,press_release,https://niftyindices.com/Press_Release/ind_prs24022022_1.pdf,closed by ind_prs23082024.pdf
227,Nifty Smallcap 250,MTARTECH,2022-04-07,2024-09-30,,press_release,https://niftyindices.com/Press_Release/ind_prs06042022.pdf,closed by ind_prs23082024.pdf
227,Nifty Smallcap 250,NAM-INDIA,2023-09-29,2024-09-30,,press_release,https://niftyindices.com/Press_Release/ind_prs17082023.pdf,closed by ind_prs23082024.pdf
227,Nifty Smallcap 250,NLCINDIA,2021-03-31,2024-09-30,,press_release,https://niftyindices.com/Press_Release/ind_prs23022021.pdf,closed by ind_prs23082024.pdf
227,Nifty Smallcap 250,PRINCEPIPE,2021-03-31,2024-09-30,,press_release,https://niftyindices.com/Press_Release/ind_prs23022021.pdf,closed by ind_prs23082024.pdf
227,Nifty Smallcap 250,RBA,2021-04-29,2024-09-30,,press_release,https://niftyindices.com/Press_Release/ind_prs22042021.pdf,closed by ind_prs23082024.pdf
227,Nifty Smallcap 250,SAFARI,2023-09-29,2024-09-30,,press_release,https://niftyindices.com/Press_Release/ind_prs17082023.pdf,closed by ind_prs23082024.pdf
227,Nifty Smallcap 250,STLTECH,2014-01-01,2024-09-30,,snapshot_floor,,closed by ind_prs23082024.pdf
227,Nifty Smallcap 250,SUNTECK,2014-01-01,2024-09-30,,snapshot_floor,,closed by ind_prs23082024.pdf
227,Nifty Smallcap 250,TMB,2024-03-28,2024-09-30,,press_release,https://niftyindices.com/Press_Release/ind_prs28022024.pdf,closed by ind_prs23082024.pdf
227,Nifty Smallcap 250,TATAINVEST,2022-03-31,2024-09-30,,press_release,https://niftyindices.com/Press_Release/ind_prs24022022_1.pdf,closed by ind_prs23082024.pdf
227,Nifty Smallcap 250,VAIBHAVGBL,2022-03-31,2024-09-30,,press_release,https://niftyindices.com/Press_Release/ind_prs24022022_1.pdf,closed by ind_prs23082024.pdf
227,Nifty Smallcap 250,IDFC,2018-09-28,2024-10-10,,press_release,https://niftyindices.com/Press_Release/ind_prs28082018.pdf,closed by ind_prs04102024.pdf
227,Nifty Smallcap 250,TV18BRDCST,2019-03-29,2024-10-16,,press_release,https://niftyindices.com/Press_Release/ind_prs25022019.pdf,closed by ind_prs10102024.pdf
227,Nifty Smallcap 250,ISEC,2024-09-30,2025-03-21,,press_release,https://niftyindices.com/Press_Release/ind_prs23082024.pdf,closed by ind_prs17032025.pdf
227,Nifty Smallcap 250,360ONE,2014-01-01,2025-03-28,,snapshot_floor,,closed by ind_prs21022025.pdf
227,Nifty Smallcap 250,APARINDS,2023-03-31,2025-03-28,,press_release,https://niftyindices.com/Press_Release/ind_prs17022023_1.pdf,closed by ind_prs21022025.pdf
227,Nifty Smallcap 250,ACI,2023-03-31,2025-03-28,,press_release,https://niftyindices.com/Press_Release/ind_prs17022023_1.pdf,closed by ind_prs21022025.pdf
227,Nifty Smallcap 250,AVANTIFEED,2019-03-29,2025-03-28,,press_release,https://niftyindices.com/Press_Release/ind_prs25022019.pdf,closed by ind_prs21022025.pdf
227,Nifty Smallcap 250,BALAMINES,2021-03-31,2025-03-28,,press_release,https://niftyindices.com/Press_Release/ind_prs23022021.pdf,closed by ind_prs21022025.pdf
227,Nifty Smallcap 250,BIRLACORPN,2014-01-01,2025-03-28,,snapshot_floor,,closed by ind_prs21022025.pdf
227,Nifty Smallcap 250,BLUESTARCO,2014-01-01,2025-03-28,,snapshot_floor,,closed by ind_prs21022025.pdf
227,Nifty Smallcap 250,CELLO,2024-03-28,2025-03-28,,press_release,https://niftyindices.com/Press_Release/ind_prs28022024.pdf,closed by ind_prs21022025.pdf
227,Nifty Smallcap 250,CHEMPLASTS,2022-03-31,2025-03-28,,press_release,https://niftyindices.com/Press_Release/ind_prs24022022_1.pdf,closed by ind_prs21022025.pdf
227,Nifty Smallcap 250,CIEINDIA,2014-01-01,2025-03-28,,snapshot_floor,,closed by ind_prs21022025.pdf
227,Nifty Smallcap 250,EASEMYTRIP,2022-03-31,2025-03-28,,press_release,https://niftyindices.com/Press_Release/ind_prs24022022_1.pdf,closed by ind_prs21022025.pdf
227,Nifty Smallcap 250,EQUITASBNK,2021-09-30,2025-03-28,,press_release,https://niftyindices.com/Press_Release/ind_prs15092021.pdf,closed by ind_prs21022025.pdf
227,Nifty Smallcap 250,FINEORG,2023-09-29,2025-03-28,,press_release,https://niftyindices.com/Press_Release/ind_prs17082023.pdf,closed by ind_prs21022025.pdf
227,Nifty Smallcap 250,GRINFRA,2024-09-30,2025-03-28,,press_release,https://niftyindices.com/Press_Release/ind_prs23082024.pdf,closed by ind_prs21022025.pdf
227,Nifty Smallcap 250,GVT&D,2014-01-01,2025-03-28,,snapshot_floor,,closed by ind_prs21022025.pdf
227,Nifty Smallcap 250,GLENMARK,2022-09-30,2025-03-28,,press_release,https://niftyindices.com/Press_Release/ind_prs01092022.pdf,closed by ind_prs21022025.pdf
227,Nifty Smallcap 250,GAEL,2020-09-25,2025-03-28,,press_release,https://niftyindices.com/Press_Release/ind_prs20082020.pdf,closed by ind_prs21022025.pdf
227,Nifty Smallcap 250,GSFC,2014-01-01,2025-03-28,,snapshot_floor,,closed by ind_prs21022025.pdf
227,Nifty Smallcap 250,JKLAKSHMI,2014-01-01,2025-03-28,,snapshot_floor,,closed by ind_prs21022025.pdf
227,Nifty Smallcap 250,KSB,2023-03-31,2025-03-28,,press_release,https://niftyindices.com/Press_Release/ind_prs17022023_1.pdf,closed by ind_prs21022025.pdf
227,Nifty Smallcap 250,MAHLIFE,2022-09-30,2025-03-28,,press_release,https://niftyindices.com/Press_Release/ind_prs01092022.pdf,closed by ind_prs21022025.pdf
227,Nifty Smallcap 250,MOTILALOFS,2022-03-31,2025-03-28,,press_release,https://niftyindices.com/Press_Release/ind_prs24022022_1.pdf,closed by ind_prs21022025.pdf
227,Nifty Smallcap 250,NATIONALUM,2023-03-31,2025-03-28,,press_release,https://niftyindices.com/Press_Release/ind_prs17022023_1.pdf,closed by ind_prs21022025.pdf
227,Nifty Smallcap 250,NUVOCO,2022-09-30,2025-03-28,,press_release,https://niftyindices.com/Press_Release/ind_prs01092022.pdf,closed by ind_prs21022025.pdf
227,Nifty Smallcap 250,RAJESHEXPO,2024-03-28,2025-03-28,,press_release,https://niftyindices.com/Press_Release/ind_prs28022024.pdf,closed by ind_prs21022025.pdf
227,Nifty Smallcap 250,RATNAMANI,2019-09-27,2025-03-28,,press_release,https://niftyindices.com/Press_Release/ind_prs28082019.pdf,closed by ind_prs21022025.pdf
227,Nifty Smallcap 250,SANOFI,2023-03-31,2025-03-28,,press_release,https://niftyindices.com/Press_Release/ind_prs17022023_1.pdf,closed by ind_prs21022025.pdf
227,Nifty Smallcap 250,SPARC,2019-09-27,2025-03-28,,press_release,https://niftyindices.com/Press_Release/ind_prs28082019.pdf,closed by ind_prs21022025.pdf
227,Nifty Smallcap 250,TVSSCS,2024-03-28,2025-03-28,,press_release,https://niftyindices.com/Press_Release/ind_prs28022024.pdf,closed by ind_prs21022025.pdf
227,Nifty Smallcap 250,UJJIVANSFB,2023-09-29,2025-03-28,,press_release,https://niftyindices.com/Press_Release/ind_prs17082023.pdf,closed by ind_prs21022025.pdf
227,Nifty Smallcap 250,VIPIND,2014-01-01,2025-03-28,,snapshot_floor,,closed by ind_prs21022025.pdf
227,Nifty Smallcap 250,VARROC,2020-06-26,2025-03-28,,press_release,https://niftyindices.com/Press_Release/ind_prs10062020.pdf,closed by ind_prs21022025.pdf
227,Nifty Smallcap 250,VINATIORGA,2024-09-30,2025-03-28,,press_release,https://niftyindices.com/Press_Release/ind_prs23082024.pdf,closed by ind_prs21022025.pdf
227,Nifty Smallcap 250,QUESS,2020-09-25,2025-04-11,,press_release,https://niftyindices.com/Press_Release/ind_prs20082020.pdf,closed by ind_prs04042025_2.pdf
227,Nifty Smallcap 250,PEL,2024-09-30,2025-09-23,,press_release,https://niftyindices.com/Press_Release/ind_prs23082024.pdf,closed by ind_prs15092025_1.pdf
227,Nifty Smallcap 250,ALIVUS,2025-03-28,2025-09-30,,press_release,https://niftyindices.com/Press_Release/ind_prs21022025.pdf,closed by ind_prs22082025.pdf
227,Nifty Smallcap 250,FACT,2025-03-28,2025-09-30,,press_release,https://niftyindices.com/Press_Release/ind_prs21022025.pdf,closed by ind_prs22082025.pdf
227,Nifty Smallcap 250,GODFRYPHLP,2014-01-01,2025-09-30,,snapshot_floor,,closed by ind_prs22082025.pdf
227,Nifty Smallcap 250,GNFC,2017-03-31,2025-09-30,,press_release,https://niftyindices.com/Press_Release/ind_prs16022017.pdf,closed by ind_prs22082025.pdf
227,Nifty Smallcap 250,GPPL,2018-04-02,2025-09-30,,press_release,https://niftyindices.com/Press_Release/ind_prs21022018.pdf,closed by ind_prs22082025.pdf
227,Nifty Smallcap 250,IDBI,2025-03-28,2025-09-30,,press_release,https://niftyindices.com/Press_Release/ind_prs21022025.pdf,closed by ind_prs22082025.pdf
227,Nifty Smallcap 250,IOB,2025-03-28,2025-09-30,,press_release,https://niftyindices.com/Press_Release/ind_prs21022025.pdf,closed by ind_prs22082025.pdf
227,Nifty Smallcap 250,JSWHL,2025-03-28,2025-09-30,,press_release,https://niftyindices.com/Press_Release/ind_prs21022025.pdf,closed by ind_prs22082025.pdf
227,Nifty Smallcap 250,JUSTDIAL,2017-03-31,2025-09-30,,press_release,https://niftyindices.com/Press_Release/ind_prs16022017.pdf,closed by ind_prs22082025.pdf
227,Nifty Smallcap 250,KANSAINER,2024-09-30,2025-09-30,,press_release,https://niftyindices.com/Press_Release/ind_prs23082024.pdf,closed by ind_prs22082025.pdf
227,Nifty Smallcap 250,KNRCON,2018-04-02,2025-09-30,,press_release,https://niftyindices.com/Press_Release/ind_prs21022018.pdf,closed by ind_prs22082025.pdf
227,Nifty Smallcap 250,MASTEK,2021-09-30,2025-09-30,,press_release,https://niftyindices.com/Press_Release/ind_prs15092021.pdf,closed by ind_prs22082025.pdf
227,Nifty Smallcap 250,NETWORK18,2020-11-02,2025-09-30,,press_release,https://niftyindices.com/Press_Release/ind_prs26102020.pdf,closed by ind_prs22082025.pdf
227,Nifty Smallcap 250,PNCINFRA,2014-01-01,2025-09-30,,snapshot_floor,,closed by ind_prs22082025.pdf
227,Nifty Smallcap 250,RTNINDIA,2022-03-31,2025-09-30,,press_release,https://niftyindices.com/Press_Release/ind_prs24022022_1.pdf,closed by ind_prs22082025.pdf
227,Nifty Smallcap 250,RAYMONDLSL,2025-03-21,2025-09-30,,press_release,https://niftyindices.com/Press_Release/ind_prs17032025.pdf,closed by ind_prs22082025.pdf
227,Nifty Smallcap 250,RAYMOND,2022-09-30,2025-09-30,,press_release,https://niftyindices.com/Press_Release/ind_prs01092022.pdf,closed by ind_prs22082025.pdf
227,Nifty Smallcap 250,ROUTE,2021-03-31,2025-09-30,,press_release,https://niftyindices.com/Press_Release/ind_prs23022021.pdf,closed by ind_prs22082025.pdf
227,Nifty Smallcap 250,RENUKA,2022-03-31,2025-09-30,,press_release,https://niftyindices.com/Press_Release/ind_prs24022022_1.pdf,closed by ind_prs22082025.pdf
227,Nifty Smallcap 250,SWSOLAR,2020-03-27,2025-09-30,,press_release,https://niftyindices.com/Press_Release/ind_prs18022020.pdf,closed by ind_prs22082025.pdf
227,Nifty Smallcap 250,TANLA,2021-03-31,2025-09-30,,press_release,https://niftyindices.com/Press_Release/ind_prs23022021.pdf,closed by ind_prs22082025.pdf
227,Nifty Smallcap 250,UCOBANK,2022-12-30,2025-09-30,,press_release,https://niftyindices.com/Press_Release/ind_prs06122022.pdf,closed by ind_prs22082025.pdf
227,Nifty Smallcap 250,WESTLIFE,2019-12-27,2025-09-30,,press_release,https://niftyindices.com/Press_Release/ind_prs16122019.pdf,closed by ind_prs22082025.pdf
227,Nifty Smallcap 250,SKFINDIA,2025-03-28,2025-12-31,,press_release,https://niftyindices.com/Press_Release/ind_prs21022025.pdf,closed by ind_prs11122025.pdf
227,Nifty Smallcap 250,AKUMS,2024-10-16,2026-03-30,,press_release,https://niftyindices.com/Press_Release/ind_prs10102024.pdf,closed by ind_prs23022026.pdf
227,Nifty Smallcap 250,APLLTD,2023-03-31,2026-03-30,,press_release,https://niftyindices.com/Press_Release/ind_prs17022023_1.pdf,closed by ind_prs23022026.pdf
227,Nifty Smallcap 250,ALKYLAMINE,2023-09-29,2026-03-30,,press_release,https://niftyindices.com/Press_Release/ind_prs17082023.pdf,closed by ind_prs23022026.pdf
227,Nifty Smallcap 250,ALOKINDS,2023-09-29,2026-03-30,,press_release,https://niftyindices.com/Press_Release/ind_prs17082023.pdf,closed by ind_prs23022026.pdf
227,Nifty Smallcap 250,ASTRAZEN,2024-03-28,2026-03-30,,press_release,https://niftyindices.com/Press_Release/ind_prs28022024.pdf,closed by ind_prs23022026.pdf
227,Nifty Smallcap 250,AIIL,2025-03-28,2026-03-30,,press_release,https://niftyindices.com/Press_Release/ind_prs21022025.pdf,closed by ind_prs23022026.pdf
227,Nifty Smallcap 250,BASF,2024-09-30,2026-03-30,,press_release,https://niftyindices.com/Press_Release/ind_prs23082024.pdf,closed by ind_prs23022026.pdf
227,Nifty Smallcap 250,CAMPUS,2022-08-08,2026-03-30,,press_release,https://niftyindices.com/Press_Release/ind_prs11072022.pdf,closed by ind_prs23022026.pdf
227,Nifty Smallcap 250,CENTURYPLY,2014-01-01,2026-03-30,,snapshot_floor,,closed by ind_prs23022026.pdf
227,Nifty Smallcap 250,CERA,2014-01-01,2026-03-30,,snapshot_floor,,closed by ind_prs23022026.pdf
227,Nifty Smallcap 250,AGARWALEYE,2025-09-30,2026-03-30,,press_release,https://niftyindices.com/Press_Release/ind_prs22082025.pdf,closed by ind_prs23022026.pdf
227,Nifty Smallcap 250,FINPIPE,2014-01-01,2026-03-30,,snapshot_floor,,closed by ind_prs23022026.pdf
227,Nifty Smallcap 250,GODREJAGRO,2024-09-30,2026-03-30,,press_release,https://niftyindices.com/Press_Release/ind_prs23082024.pdf,closed by ind_prs23022026.pdf
227,Nifty Smallcap 250,HAPPSTMNDS,2023-09-29,2026-03-30,,press_release,https://niftyindices.com/Press_Release/ind_prs17082023.pdf,closed by ind_prs23022026.pdf
227,Nifty Smallcap 250,INOXINDIA,2024-09-30,2026-03-30,,press_release,https://niftyindices.com/Press_Release/ind_prs23082024.pdf,closed by ind_prs23022026.pdf
227,Nifty Smallcap 250,JYOTHYLAB,2018-04-02,2026-03-30,,press_release,https://niftyindices.com/Press_Release/ind_prs21022018.pdf,closed by ind_prs23022026.pdf
227,Nifty Smallcap 250,KIRLOSBROS,2024-09-30,2026-03-30,,press_release,https://niftyindices.com/Press_Release/ind_prs23082024.pdf,closed by ind_prs23022026.pdf
227,Nifty Smallcap 250,KSB,2025-09-30,2026-03-30,,press_release,https://niftyindices.com/Press_Release/ind_prs22082025.pdf,closed by ind_prs23022026.pdf
227,Nifty Smallcap 250,LAURUSLABS,2024-09-30,2026-03-30,,press_release,https://niftyindices.com/Press_Release/ind_prs23082024.pdf,closed by ind_prs23022026.pdf
227,Nifty Smallcap 250,MAHSCOOTER,2025-09-30,2026-03-30,,press_release,https://niftyindices.com/Press_Release/ind_prs22082025.pdf,closed by ind_prs23022026.pdf
227,Nifty Smallcap 250,MAHSEAMLES,2024-03-28,2026-03-30,,press_release,https://niftyindices.com/Press_Release/ind_prs28022024.pdf,closed by ind_prs23022026.pdf
227,Nifty Smallcap 250,METROPOLIS,2022-09-30,2026-03-30,,press_release,https://niftyindices.com/Press_Release/ind_prs01092022.pdf,closed by ind_prs23022026.pdf
227,Nifty Smallcap 250,MCX,2019-09-27,2026-03-30,,press_release,https://niftyindices.com/Press_Release/ind_prs28082019.pdf,closed by ind_prs23022026.pdf
227,Nifty Smallcap 250,PRAJIND,2021-09-30,2026-03-30,,press_release,https://niftyindices.com/Press_Release/ind_prs15092021.pdf,closed by ind_prs23022026.pdf
227,Nifty Smallcap 250,RADICO,2014-01-01,2026-03-30,,snapshot_floor,,closed by ind_prs23022026.pdf
227,Nifty Smallcap 250,RCF,2014-01-01,2026-03-30,,snapshot_floor,,closed by ind_prs23022026.pdf
227,Nifty Smallcap 250,RELINFRA,2025-09-23,2026-03-30,,press_release,https://niftyindices.com/Press_Release/ind_prs15092025_1.pdf,closed by ind_prs23022026.pdf
227,Nifty Smallcap 250,SUNDRMFAST,2025-04-11,2026-03-30,,press_release,https://niftyindices.com/Press_Release/ind_prs04042025_2.pdf,closed by ind_prs23022026.pdf
227,Nifty Smallcap 250,TRIVENI,2022-05-31,2026-03-30,,press_release,https://niftyindices.com/Press_Release/ind_prs24052022.pdf,closed by ind_prs23022026.pdf
227,Nifty Smallcap 250,DBREALTY,2024-09-30,2026-03-30,,press_release,https://niftyindices.com/Press_Release/ind_prs23082024.pdf,closed by ind_prs23022026.pdf
227,Nifty Smallcap 250,MANYAVAR,2024-09-30,2026-03-30,,press_release,https://niftyindices.com/Press_Release/ind_prs23082024.pdf,closed by ind_prs23022026.pdf
227,Nifty Smallcap 250,VENTIVE,2025-09-30,2026-03-30,,press_release,https://niftyindices.com/Press_Release/ind_prs22082025.pdf,closed by ind_prs23022026.pdf
227,Nifty Smallcap 250,VGUARD,2014-01-01,2026-03-30,,snapshot_floor,https://niftyindices.com/Press_Release/ind_prs23022026.pdf,orphan-exclude (no prior include in coverage)
227,Nifty Smallcap 250,GSPL,2023-03-31,2026-05-12,,press_release,https://niftyindices.com/Press_Release/ind_prs17022023_1.pdf,closed by ind_prs04052026.pdf
227,Nifty Smallcap 250,SOBHA,2014-01-01,,,snapshot_floor,,
227,Nifty Smallcap 250,KEC,2014-01-01,,,snapshot_floor,,
227,Nifty Smallcap 250,INDIACEM,2014-01-01,,,snapshot_floor,,
227,Nifty Smallcap 250,COHANCE,2014-01-01,,,snapshot_floor,,
227,Nifty Smallcap 250,AEGISLOG,2014-01-01,,,snapshot_floor,,
227,Nifty Smallcap 250,FSL,2014-01-01,,,snapshot_floor,,
227,Nifty Smallcap 250,ASTERDM,2014-01-01,,,snapshot_floor,,
227,Nifty Smallcap 250,NCC,2014-01-01,,,snapshot_floor,,
227,Nifty Smallcap 250,HBLENGINE,2014-01-01,,,snapshot_floor,,
227,Nifty Smallcap 250,RHIM,2014-01-01,,,snapshot_floor,,
227,Nifty Smallcap 250,WELCORP,2014-01-01,,,snapshot_floor,,
227,Nifty Smallcap 250,CEATLTD,2014-01-01,,,snapshot_floor,,
227,Nifty Smallcap 250,EIDPARRY,2014-01-01,,,snapshot_floor,,
227,Nifty Smallcap 250,BALRAMCHIN,2014-01-01,,,snapshot_floor,,
227,Nifty Smallcap 250,CCL,2014-01-01,,,snapshot_floor,,
227,Nifty Smallcap 250,SWANCORP,2014-01-01,,,snapshot_floor,,
227,Nifty Smallcap 250,GRANULES,2014-01-01,,,snapshot_floor,,
227,Nifty Smallcap 250,HFCL,2014-01-01,,,snapshot_floor,,
227,Nifty Smallcap 250,CHAMBLFERT,2014-01-01,,,snapshot_floor,,
227,Nifty Smallcap 250,WELSPUNLIV,2014-01-01,,,snapshot_floor,,
227,Nifty Smallcap 250,SONATSOFTW,2014-01-01,,,snapshot_floor,,
227,Nifty Smallcap 250,JBCHEPHARM,2014-01-01,,,snapshot_floor,,
227,Nifty Smallcap 250,JSWDULUX,2014-01-01,,,snapshot_floor,,
227,Nifty Smallcap 250,KPIL,2014-01-01,,,snapshot_floor,,
227,Nifty Smallcap 250,PCBL,2014-01-01,,,snapshot_floor,,
227,Nifty Smallcap 250,ABREL,2014-01-01,,,snapshot_floor,,
227,Nifty Smallcap 250,ANGELONE,2014-01-01,,,snapshot_floor,,
227,Nifty Smallcap 250,REDINGTON,2014-01-01,,,snapshot_floor,,
227,Nifty Smallcap 250,MMTC,2014-01-01,,,snapshot_floor,,
227,Nifty Smallcap 250,CANFINHOME,2014-01-01,,,snapshot_floor,,
227,Nifty Smallcap 250,SHILPI,2017-03-31,2017-09-30,,press_release,https://niftyindices.com/Press_Release/ind_prs16022017.pdf,"inferred-exclude: not in NSE current snapshot, no PR found (closed at next semi-annual review)"
227,Nifty Smallcap 250,BRIGADE,2017-09-29,,,press_release,https://niftyindices.com/Press_Release/ind_prs28082017.pdf,
227,Nifty Smallcap 250,CYIENT,2017-09-29,,,press_release,https://niftyindices.com/Press_Release/ind_prs28082017.pdf,
227,Nifty Smallcap 250,ECLERX,2017-09-29,,,press_release,https://niftyindices.com/Press_Release/ind_prs28082017.pdf,
227,Nifty Smallcap 250,GESHIP,2017-09-29,,,press_release,https://niftyindices.com/Press_Release/ind_prs28082017.pdf,
227,Nifty Smallcap 250,CDSL,2018-04-02,,,press_release,https://niftyindices.com/Press_Release/ind_prs21022018.pdf,
227,Nifty Smallcap 250,NH,2018-04-02,,,press_release,https://niftyindices.com/Press_Release/ind_prs21022018.pdf,
227,Nifty Smallcap 250,VTL,2018-04-02,,,press_release,https://niftyindices.com/Press_Release/ind_prs21022018.pdf,
227,Nifty Smallcap 250,WELSPUNIND,2018-04-02,2018-09-30,,press_release,https://niftyindices.com/Press_Release/ind_prs21022018.pdf,"inferred-exclude: not in NSE current snapshot, no PR found (closed at next semi-annual review)"
227,Nifty Smallcap 250,ELGIEQUIP,2018-09-28,,,press_release,https://niftyindices.com/Press_Release/ind_prs28082018.pdf,
227,Nifty Smallcap 250,KARURVYSYA,2018-09-28,,,press_release,https://niftyindices.com/Press_Release/ind_prs28082018.pdf,
227,Nifty Smallcap 250,PHILIPCARB,2018-09-28,2018-09-30,,press_release,https://niftyindices.com/Press_Release/ind_prs28082018.pdf,"inferred-exclude: not in NSE current snapshot, no PR found (closed at next semi-annual review)"
227,Nifty Smallcap 250,ZENSARTECH,2018-09-28,,,press_release,https://niftyindices.com/Press_Release/ind_prs28082018.pdf,
227,Nifty Smallcap 250,RITES,2018-12-28,,,press_release,https://niftyindices.com/Press_Release/ind_prs14122018.pdf,
227,Nifty Smallcap 250,IIFL,2019-09-27,,,press_release,https://niftyindices.com/Press_Release/ind_prs17092019.pdf,
227,Nifty Smallcap 250,AMBER,2019-09-27,,,press_release,https://niftyindices.com/Press_Release/ind_prs28082019.pdf,
227,Nifty Smallcap 250,BSOFT,2019-09-27,,,press_release,https://niftyindices.com/Press_Release/ind_prs28082019.pdf,
227,Nifty Smallcap 250,FINCABLES,2019-09-27,,,press_release,https://niftyindices.com/Press_Release/ind_prs28082019.pdf,
227,Nifty Smallcap 250,JCHAC,2019-09-27,2019-09-30,,press_release,https://niftyindices.com/Press_Release/ind_prs28082019.pdf,"inferred-exclude: not in NSE current snapshot, no PR found (closed at next semi-annual review)"
227,Nifty Smallcap 250,ORIENTREF,2019-09-27,2019-09-30,,press_release,https://niftyindices.com/Press_Release/ind_prs28082019.pdf,"inferred-exclude: not in NSE current snapshot, no PR found (closed at next semi-annual review)"
227,Nifty Smallcap 250,CENTURYTEX,2020-06-26,2020-09-30,,press_release,https://niftyindices.com/Press_Release/ind_prs10062020.pdf,"inferred-exclude: not in NSE current snapshot, no PR found (closed at next semi-annual review)"
227,Nifty Smallcap 250,FSC,2020-03-27,2020-03-31,,press_release,https://niftyindices.com/Press_Release/ind_prs18022020.pdf,"inferred-exclude: not in NSE current snapshot, no PR found (closed at next semi-annual review)"
227,Nifty Smallcap 250,GRAPHITE,2020-06-26,,,press_release,https://niftyindices.com/Press_Release/ind_prs10062020.pdf,
227,Nifty Smallcap 250,HEG,2020-06-26,,,press_release,https://niftyindices.com/Press_Release/ind_prs10062020.pdf,
227,Nifty Smallcap 250,NBCC,2020-06-26,,,press_release,https://niftyindices.com/Press_Release/ind_prs10062020.pdf,
227,Nifty Smallcap 250,STRTECH,2020-06-26,2020-09-30,,press_release,https://niftyindices.com/Press_Release/ind_prs10062020.pdf,"inferred-exclude: not in NSE current snapshot, no PR found (closed at next semi-annual review)"
227,Nifty Smallcap 250,ENGINERSIN,2020-06-26,,,press_release,https://niftyindices.com/Press_Release/ind_prs10062020.pdf,
227,Nifty Smallcap 250,POLYMED,2020-06-26,,,press_release,https://niftyindices.com/Press_Release/ind_prs10062020.pdf,
227,Nifty Smallcap 250,CHALET,2020-09-25,,,press_release,https://niftyindices.com/Press_Release/ind_prs20082020.pdf,
227,Nifty Smallcap 250,EIHOTEL,2020-09-25,,,press_release,https://niftyindices.com/Press_Release/ind_prs20082020.pdf,
227,Nifty Smallcap 250,PAPERPROD,2020-09-25,2020-09-30,,press_release,https://niftyindices.com/Press_Release/ind_prs20082020.pdf,"inferred-exclude: not in NSE current snapshot, no PR found (closed at next semi-annual review)"
227,Nifty Smallcap 250,PNBHOUSING,2020-09-25,,,press_release,https://niftyindices.com/Press_Release/ind_prs20082020.pdf,
227,Nifty Smallcap 250,MAHINDCIE,2020-11-25,2021-03-31,,press_release,https://niftyindices.com/Press_Release/ind_prs18112020.pdf,"inferred-exclude: not in NSE current snapshot, no PR found (closed at next semi-annual review)"
227,Nifty Smallcap 250,ANGELBRKG,2021-03-31,2021-09-30,,press_release,https://niftyindices.com/Press_Release/ind_prs23022021.pdf,"inferred-exclude: not in NSE current snapshot, no PR found (closed at next semi-annual review)"
227,Nifty Smallcap 250,ASAHIINDIA,2021-03-31,,,press_release,https://niftyindices.com/Press_Release/ind_prs23022021.pdf,
227,Nifty Smallcap 250,CAMS,2021-03-31,,,press_release,https://niftyindices.com/Press_Release/ind_prs23022021.pdf,
227,Nifty Smallcap 250,INTELLECT,2021-03-31,,,press_release,https://niftyindices.com/Press_Release/ind_prs23022021.pdf,
227,Nifty Smallcap 250,TRITURBINE,2021-03-31,,,press_release,https://niftyindices.com/Press_Release/ind_prs23022021.pdf,
227,Nifty Smallcap 250,UTIAMC,2021-03-31,,,press_release,https://niftyindices.com/Press_Release/ind_prs23022021.pdf,
227,Nifty Smallcap 250,BBTC,2021-09-30,,,press_release,https://niftyindices.com/Press_Release/ind_prs15092021.pdf,
227,Nifty Smallcap 250,CESC,2021-09-30,,,press_release,https://niftyindices.com/Press_Release/ind_prs15092021.pdf,
227,Nifty Smallcap 250,CREDITACC,2021-09-30,,,press_release,https://niftyindices.com/Press_Release/ind_prs15092021.pdf,
227,Nifty Smallcap 250,HOMEFIRST,2021-09-30,,,press_release,https://niftyindices.com/Press_Release/ind_prs15092021.pdf,
227,Nifty Smallcap 250,IIFLWAM,2021-09-30,2022-03-31,,press_release,https://niftyindices.com/Press_Release/ind_prs15092021.pdf,"inferred-exclude: not in NSE current snapshot, no PR found (closed at next semi-annual review)"
227,Nifty Smallcap 250,SAMMAANCAP,2021-09-30,,,press_release,https://niftyindices.com/Press_Release/ind_prs15092021.pdf,
227,Nifty Smallcap 250,JMFINANCIL,2021-09-30,,,press_release,https://niftyindices.com/Press_Release/ind_prs15092021.pdf,
227,Nifty Smallcap 250,JUBLINGREA,2021-09-30,,,press_release,https://niftyindices.com/Press_Release/ind_prs15092021.pdf,
227,Nifty Smallcap 250,JUBLPHARMA,2021-09-30,,,press_release,https://niftyindices.com/Press_Release/ind_prs15092021.pdf,
227,Nifty Smallcap 250,ARE&M,2022-03-31,,,press_release,https://niftyindices.com/Press_Release/ind_prs24022022_1.pdf,
227,Nifty Smallcap 250,APTUS,2022-03-31,,,press_release,https://niftyindices.com/Press_Release/ind_prs24022022_1.pdf,
227,Nifty Smallcap 250,MAPMYINDIA,2022-03-31,,,press_release,https://niftyindices.com/Press_Release/ind_prs24022022_1.pdf,
227,Nifty Smallcap 250,CASTROLIND,2022-03-31,,,press_release,https://niftyindices.com/Press_Release/ind_prs24022022_1.pdf,
227,Nifty Smallcap 250,CHOLAHLDNG,2022-03-31,,,press_release,https://niftyindices.com/Press_Release/ind_prs24022022_1.pdf,
227,Nifty Smallcap 250,CUB,2022-03-31,,,press_release,https://niftyindices.com/Press_Release/ind_prs24022022_1.pdf,
227,Nifty Smallcap 250,HINDCOPPER,2022-03-31,,,press_release,https://niftyindices.com/Press_Release/ind_prs24022022_1.pdf,
227,Nifty Smallcap 250,ITI,2022-03-31,,,press_release,https://niftyindices.com/Press_Release/ind_prs24022022_1.pdf,
227,Nifty Smallcap 250,KIMS,2022-03-31,,,press_release,https://niftyindices.com/Press_Release/ind_prs24022022_1.pdf,
227,Nifty Smallcap 250,LATENTVIEW,2022-03-31,,,press_release,https://niftyindices.com/Press_Release/ind_prs24022022_1.pdf,
227,Nifty Smallcap 250,MGL,2022-03-31,,,press_release,https://niftyindices.com/Press_Release/ind_prs24022022_1.pdf,
227,Nifty Smallcap 250,RBLBANK,2022-03-31,,,press_release,https://niftyindices.com/Press_Release/ind_prs24022022_1.pdf,
227,Nifty Smallcap 250,SAPPHIRE,2022-03-31,,,press_release,https://niftyindices.com/Press_Release/ind_prs24022022_1.pdf,
227,Nifty Smallcap 250,SHYAMMETL,2022-03-31,,,press_release,https://niftyindices.com/Press_Release/ind_prs24022022_1.pdf,
227,Nifty Smallcap 250,SUVENPHAR,2022-03-31,2022-09-30,,press_release,https://niftyindices.com/Press_Release/ind_prs24022022_1.pdf,"inferred-exclude: not in NSE current snapshot, no PR found (closed at next semi-annual review)"
227,Nifty Smallcap 250,VIJAYA,2022-03-31,,,press_release,https://niftyindices.com/Press_Release/ind_prs24022022_1.pdf,
227,Nifty Smallcap 250,CGCL,2022-04-12,,,press_release,https://niftyindices.com/Press_Release/ind_prs05042022_1.pdf,
227,Nifty Smallcap 250,DEEPAKFERT,2022-09-30,,,press_release,https://niftyindices.com/Press_Release/ind_prs01092022.pdf,
227,Nifty Smallcap 250,JBMA,2022-09-30,,,press_release,https://niftyindices.com/Press_Release/ind_prs01092022.pdf,
227,Nifty Smallcap 250,MANAPPURAM,2022-09-30,,,press_release,https://niftyindices.com/Press_Release/ind_prs01092022.pdf,
227,Nifty Smallcap 250,OLECTRA,2022-09-30,,,press_release,https://niftyindices.com/Press_Release/ind_prs01092022.pdf,
227,Nifty Smallcap 250,SWANENERGY,2022-09-30,2023-03-31,,press_release,https://niftyindices.com/Press_Release/ind_prs01092022.pdf,"inferred-exclude: not in NSE current snapshot, no PR found (closed at next semi-annual review)"
227,Nifty Smallcap 250,TEJASNET,2022-09-30,,,press_release,https://niftyindices.com/Press_Release/ind_prs01092022.pdf,
227,Nifty Smallcap 250,BEML,2022-12-30,,,press_release,https://niftyindices.com/Press_Release/ind_prs06122022.pdf,
227,Nifty Smallcap 250,LEMONTREE,2022-12-30,,,press_release,https://niftyindices.com/Press_Release/ind_prs06122022.pdf,
227,Nifty Smallcap 250,RAINBOW,2022-12-30,,,press_release,https://niftyindices.com/Press_Release/ind_prs22122022.pdf,
227,Nifty Smallcap 250,PVRINOX,2023-02-06,,,merger,https://www.nseindia.com/companies-listing/corporate-filings-actions,
227,Nifty Smallcap 250,PPLPHARMA,2023-02-17,,,press_release,https://niftyindices.com/Press_Release/ind_prs09022023_1.pdf,
227,Nifty Smallcap 250,BIKAJI,2023-03-31,,,press_release,https://niftyindices.com/Press_Release/ind_prs17022023_1.pdf,
227,Nifty Smallcap 250,BLS,2023-03-31,,,press_release,https://niftyindices.com/Press_Release/ind_prs17022023_1.pdf,
227,Nifty Smallcap 250,CRAFTSMAN,2023-03-31,,,press_release,https://niftyindices.com/Press_Release/ind_prs17022023_1.pdf,
227,Nifty Smallcap 250,DATAPATTNS,2023-03-31,,,press_release,https://niftyindices.com/Press_Release/ind_prs17022023_1.pdf,
227,Nifty Smallcap 250,FIVESTAR,2023-03-31,,,press_release,https://niftyindices.com/Press_Release/ind_prs17022023_1.pdf,
227,Nifty Smallcap 250,INDIAMART,2023-03-31,,,press_release,https://niftyindices.com/Press_Release/ind_prs17022023_1.pdf,
227,Nifty Smallcap 250,IEX,2023-03-31,,,press_release,https://niftyindices.com/Press_Release/ind_prs17022023_1.pdf,
227,Nifty Smallcap 250,KFINTECH,2023-03-31,,,press_release,https://niftyindices.com/Press_Release/ind_prs17022023_1.pdf,
227,Nifty Smallcap 250,MFL,2023-03-31,2023-09-30,,press_release,https://niftyindices.com/Press_Release/ind_prs17022023_1.pdf,"inferred-exclude: not in NSE current snapshot, no PR found (closed at next semi-annual review)"
227,Nifty Smallcap 250,NATCOPHARM,2023-03-31,,,press_release,https://niftyindices.com/Press_Release/ind_prs17022023_1.pdf,
227,Nifty Smallcap 250,ERIS,2023-04-28,,,press_release,https://niftyindices.com/Press_Release/ind_prs19042023_1.pdf,
227,Nifty Smallcap 250,NSLNISP,2023-04-28,,,press_release,https://niftyindices.com/Press_Release/ind_prs19042023_1.pdf,
227,Nifty Smallcap 250,AAVAS,2023-09-29,,,press_release,https://niftyindices.com/Press_Release/ind_prs17082023.pdf,
227,Nifty Smallcap 250,AFFLE,2023-09-29,,,press_release,https://niftyindices.com/Press_Release/ind_prs17082023.pdf,
227,Nifty Smallcap 250,CLEAN,2023-09-29,,,press_release,https://niftyindices.com/Press_Release/ind_prs17082023.pdf,
227,Nifty Smallcap 250,GILLETTE,2023-09-29,,,press_release,https://niftyindices.com/Press_Release/ind_prs17082023.pdf,
227,Nifty Smallcap 250,GPIL,2023-09-29,,,press_release,https://niftyindices.com/Press_Release/ind_prs17082023.pdf,
227,Nifty Smallcap 250,IRCON,2023-09-29,,,press_release,https://niftyindices.com/Press_Release/ind_prs17082023.pdf,
227,Nifty Smallcap 250,JINDALSAW,2023-09-29,,,press_release,https://niftyindices.com/Press_Release/ind_prs17082023.pdf,
227,Nifty Smallcap 250,KAYNES,2023-09-29,,,press_release,https://niftyindices.com/Press_Release/ind_prs17082023.pdf,
227,Nifty Smallcap 250,MINDACORP,2023-09-29,,,press_release,https://niftyindices.com/Press_Release/ind_prs17082023.pdf,
227,Nifty Smallcap 250,SAREGAMA,2023-09-29,,,press_release,https://niftyindices.com/Press_Release/ind_prs17082023.pdf,
227,Nifty Smallcap 250,SYRMA,2023-09-29,,,press_release,https://niftyindices.com/Press_Release/ind_prs17082023.pdf,
227,Nifty Smallcap 250,TTML,2023-09-29,,,press_release,https://niftyindices.com/Press_Release/ind_prs17082023.pdf,
227,Nifty Smallcap 250,USHAMART,2023-09-29,,,press_release,https://niftyindices.com/Press_Release/ind_prs17082023.pdf,
227,Nifty Smallcap 250,CONCORDBIO,2023-10-26,,,press_release,https://niftyindices.com/Press_Release/ind_prs17102023.pdf,
227,Nifty Smallcap 250,AARTIIND,2024-03-28,,,press_release,https://niftyindices.com/Press_Release/ind_prs28022024.pdf,
227,Nifty Smallcap 250,ACE,2024-03-28,,,press_release,https://niftyindices.com/Press_Release/ind_prs28022024.pdf,
227,Nifty Smallcap 250,ANANDRATHI,2024-03-28,,,press_release,https://niftyindices.com/Press_Release/ind_prs28022024.pdf,
227,Nifty Smallcap 250,BLUEDART,2024-03-28,,,press_release,https://niftyindices.com/Press_Release/ind_prs28022024.pdf,
227,Nifty Smallcap 250,CAPLIPOINT,2024-03-28,,,press_release,https://niftyindices.com/Press_Release/ind_prs28022024.pdf,
227,Nifty Smallcap 250,CHENNPETRO,2024-03-28,,,press_release,https://niftyindices.com/Press_Release/ind_prs28022024.pdf,
227,Nifty Smallcap 250,CROMPTON,2024-03-28,,,press_release,https://niftyindices.com/Press_Release/ind_prs28022024.pdf,
227,Nifty Smallcap 250,DOMS,2024-03-28,,,press_release,https://niftyindices.com/Press_Release/ind_prs28022024.pdf,
227,Nifty Smallcap 250,ELECON,2024-03-28,,,press_release,https://niftyindices.com/Press_Release/ind_prs28022024.pdf,
227,Nifty Smallcap 250,GRSE,2024-03-28,,,press_release,https://niftyindices.com/Press_Release/ind_prs28022024.pdf,
227,Nifty Smallcap 250,GMDCLTD,2024-03-28,,,press_release,https://niftyindices.com/Press_Release/ind_prs28022024.pdf,
227,Nifty Smallcap 250,HBLPOWER,2024-03-28,2024-03-31,,press_release,https://niftyindices.com/Press_Release/ind_prs28022024.pdf,"inferred-exclude: not in NSE current snapshot, no PR found (closed at next semi-annual review)"
227,Nifty Smallcap 250,HSCL,2024-03-28,,,press_release,https://niftyindices.com/Press_Release/ind_prs28022024.pdf,
227,Nifty Smallcap 250,HONASA,2024-03-28,,,press_release,https://niftyindices.com/Press_Release/ind_prs28022024.pdf,
227,Nifty Smallcap 250,INOXWIND,2024-03-28,,,press_release,https://niftyindices.com/Press_Release/ind_prs28022024.pdf,
227,Nifty Smallcap 250,J&KBANK,2024-03-28,,,press_release,https://niftyindices.com/Press_Release/ind_prs28022024.pdf,
227,Nifty Smallcap 250,JWL,2024-03-28,,,press_release,https://niftyindices.com/Press_Release/ind_prs28022024.pdf,
227,Nifty Smallcap 250,NAVINFLUOR,2024-03-28,,,press_release,https://niftyindices.com/Press_Release/ind_prs28022024.pdf,
227,Nifty Smallcap 250,NUVAMA,2024-03-28,,,press_release,https://niftyindices.com/Press_Release/ind_prs28022024.pdf,
227,Nifty Smallcap 250,RRKABEL,2024-03-28,,,press_release,https://niftyindices.com/Press_Release/ind_prs28022024.pdf,
227,Nifty Smallcap 250,RAILTEL,2024-03-28,,,press_release,https://niftyindices.com/Press_Release/ind_prs28022024.pdf,
227,Nifty Smallcap 250,RKFORGE,2024-03-28,,,press_release,https://niftyindices.com/Press_Release/ind_prs28022024.pdf,
227,Nifty Smallcap 250,SBFC,2024-03-28,,,press_release,https://niftyindices.com/Press_Release/ind_prs28022024.pdf,
227,Nifty Smallcap 250,SCHNEIDER,2024-03-28,,,press_release,https://niftyindices.com/Press_Release/ind_prs28022024.pdf,
227,Nifty Smallcap 250,SIGNATURE,2024-03-28,,,press_release,https://niftyindices.com/Press_Release/ind_prs28022024.pdf,
227,Nifty Smallcap 250,TITAGARH,2024-03-28,,,press_release,https://niftyindices.com/Press_Release/ind_prs28022024.pdf,
227,Nifty Smallcap 250,TRIDENT,2024-03-28,,,press_release,https://niftyindices.com/Press_Release/ind_prs28022024.pdf,
227,Nifty Smallcap 250,WHIRLPOOL,2024-03-28,,,press_release,https://niftyindices.com/Press_Release/ind_prs28022024.pdf,
227,Nifty Smallcap 250,AADHARHFC,2024-09-30,,,press_release,https://niftyindices.com/Press_Release/ind_prs23082024.pdf,
227,Nifty Smallcap 250,ABSLAMC,2024-09-30,,,press_release,https://niftyindices.com/Press_Release/ind_prs23082024.pdf,
227,Nifty Smallcap 250,ANANTRAJ,2024-09-30,,,press_release,https://niftyindices.com/Press_Release/ind_prs23082024.pdf,
227,Nifty Smallcap 250,ATUL,2024-09-30,,,press_release,https://niftyindices.com/Press_Release/ind_prs23082024.pdf,
227,Nifty Smallcap 250,BATAINDIA,2024-09-30,,,press_release,https://niftyindices.com/Press_Release/ind_prs23082024.pdf,
227,Nifty Smallcap 250,DEVYANI,2024-09-30,,,press_release,https://niftyindices.com/Press_Release/ind_prs23082024.pdf,
227,Nifty Smallcap 250,LALPATHLAB,2024-09-30,,,press_release,https://niftyindices.com/Press_Release/ind_prs23082024.pdf,
227,Nifty Smallcap 250,GET&D,2024-09-30,2025-03-31,,press_release,https://niftyindices.com/Press_Release/ind_prs23082024.pdf,"inferred-exclude: not in NSE current snapshot, no PR found (closed at next semi-annual review)"
227,Nifty Smallcap 250,GODIGIT,2024-09-30,,,press_release,https://niftyindices.com/Press_Release/ind_prs23082024.pdf,
227,Nifty Smallcap 250,IFCI,2024-09-30,,,press_release,https://niftyindices.com/Press_Release/ind_prs23082024.pdf,
227,Nifty Smallcap 250,INDGN,2024-09-30,,,press_release,https://niftyindices.com/Press_Release/ind_prs23082024.pdf,
227,Nifty Smallcap 250,JPPOWER,2024-09-30,,,press_release,https://niftyindices.com/Press_Release/ind_prs23082024.pdf,
227,Nifty Smallcap 250,JKTYRE,2024-09-30,,,press_release,https://niftyindices.com/Press_Release/ind_prs23082024.pdf,
227,Nifty Smallcap 250,JYOTICNC,2024-09-30,,,press_release,https://niftyindices.com/Press_Release/ind_prs23082024.pdf,
227,Nifty Smallcap 250,KAJARIACER,2024-09-30,,,press_release,https://niftyindices.com/Press_Release/ind_prs23082024.pdf,
227,Nifty Smallcap 250,KIRLOSENG,2024-09-30,,,press_release,https://niftyindices.com/Press_Release/ind_prs23082024.pdf,
227,Nifty Smallcap 250,NETWEB,2024-09-30,,,press_release,https://niftyindices.com/Press_Release/ind_prs23082024.pdf,
227,Nifty Smallcap 250,NEWGEN,2024-09-30,,,press_release,https://niftyindices.com/Press_Release/ind_prs23082024.pdf,
227,Nifty Smallcap 250,PFIZER,2024-09-30,,,press_release,https://niftyindices.com/Press_Release/ind_prs23082024.pdf,
227,Nifty Smallcap 250,PTCIL,2024-09-30,,,press_release,https://niftyindices.com/Press_Release/ind_prs23082024.pdf,
227,Nifty Smallcap 250,SCI,2024-09-30,,,press_release,https://niftyindices.com/Press_Release/ind_prs23082024.pdf,
227,Nifty Smallcap 250,SUMICHEM,2024-09-30,,,press_release,https://niftyindices.com/Press_Release/ind_prs23082024.pdf,
227,Nifty Smallcap 250,TBOTEK,2024-09-30,,,press_release,https://niftyindices.com/Press_Release/ind_prs23082024.pdf,
227,Nifty Smallcap 250,TECHNOE,2024-09-30,,,press_release,https://niftyindices.com/Press_Release/ind_prs23082024.pdf,
227,Nifty Smallcap 250,RAMCOCEM,2024-09-30,,,press_release,https://niftyindices.com/Press_Release/ind_prs23082024.pdf,
227,Nifty Smallcap 250,ZEEL,2024-09-30,,,press_release,https://niftyindices.com/Press_Release/ind_prs23082024.pdf,
227,Nifty Smallcap 250,EMCURE,2024-10-10,,,press_release,https://niftyindices.com/Press_Release/ind_prs04102024.pdf,
227,Nifty Smallcap 250,ACMESOLAR,2025-03-28,,,press_release,https://niftyindices.com/Press_Release/ind_prs21022025.pdf,
227,Nifty Smallcap 250,AFCONS,2025-03-28,,,press_release,https://niftyindices.com/Press_Release/ind_prs21022025.pdf,
227,Nifty Smallcap 250,BAYERCROP,2025-03-28,,,press_release,https://niftyindices.com/Press_Release/ind_prs21022025.pdf,
227,Nifty Smallcap 250,FIRSTCRY,2025-03-28,,,press_release,https://niftyindices.com/Press_Release/ind_prs21022025.pdf,
227,Nifty Smallcap 250,CARBORUNIV,2025-03-28,,,press_release,https://niftyindices.com/Press_Release/ind_prs21022025.pdf,
227,Nifty Smallcap 250,DCMSHRIRAM,2025-03-28,,,press_release,https://niftyindices.com/Press_Release/ind_prs21022025.pdf,
227,Nifty Smallcap 250,DELHIVERY,2025-03-28,,,press_release,https://niftyindices.com/Press_Release/ind_prs21022025.pdf,
227,Nifty Smallcap 250,GRAVITA,2025-03-28,,,press_release,https://niftyindices.com/Press_Release/ind_prs21022025.pdf,
227,Nifty Smallcap 250,IGIL,2025-03-28,,,press_release,https://niftyindices.com/Press_Release/ind_prs21022025.pdf,
227,Nifty Smallcap 250,IKS,2025-03-28,,,press_release,https://niftyindices.com/Press_Release/ind_prs21022025.pdf,
227,Nifty Smallcap 250,LTFOODS,2025-03-28,,,press_release,https://niftyindices.com/Press_Release/ind_prs21022025.pdf,
227,Nifty Smallcap 250,NAVA,2025-03-28,,,press_release,https://niftyindices.com/Press_Release/ind_prs21022025.pdf,
227,Nifty Smallcap 250,NEULANDLAB,2025-03-28,,,press_release,https://niftyindices.com/Press_Release/ind_prs21022025.pdf,
227,Nifty Smallcap 250,NIVABUPA,2025-03-28,,,press_release,https://niftyindices.com/Press_Release/ind_prs21022025.pdf,
227,Nifty Smallcap 250,PGEL,2025-03-28,,,press_release,https://niftyindices.com/Press_Release/ind_prs21022025.pdf,
227,Nifty Smallcap 250,POONAWALLA,2025-03-28,,,press_release,https://niftyindices.com/Press_Release/ind_prs21022025.pdf,
227,Nifty Smallcap 250,RPOWER,2025-03-28,,,press_release,https://niftyindices.com/Press_Release/ind_prs21022025.pdf,
227,Nifty Smallcap 250,SAGILITY,2025-03-28,,,press_release,https://niftyindices.com/Press_Release/ind_prs21022025.pdf,
227,Nifty Smallcap 250,SAILIFE,2025-03-28,,,press_release,https://niftyindices.com/Press_Release/ind_prs21022025.pdf,
227,Nifty Smallcap 250,SARDAEN,2025-03-28,,,press_release,https://niftyindices.com/Press_Release/ind_prs21022025.pdf,
227,Nifty Smallcap 250,TATACHEM,2025-03-28,,,press_release,https://niftyindices.com/Press_Release/ind_prs21022025.pdf,
227,Nifty Smallcap 250,TIMKEN,2025-03-28,,,press_release,https://niftyindices.com/Press_Release/ind_prs21022025.pdf,
227,Nifty Smallcap 250,TARIL,2025-03-28,,,press_release,https://niftyindices.com/Press_Release/ind_prs21022025.pdf,
227,Nifty Smallcap 250,WOCKPHARMA,2025-03-28,,,press_release,https://niftyindices.com/Press_Release/ind_prs21022025.pdf,
227,Nifty Smallcap 250,ZENTEC,2025-03-28,,,press_release,https://niftyindices.com/Press_Release/ind_prs21022025.pdf,
227,Nifty Smallcap 250,ZFCVINDIA,2025-03-28,,,press_release,https://niftyindices.com/Press_Release/ind_prs21022025.pdf,
227,Nifty Smallcap 250,ABFRL,2025-09-30,,,press_release,https://niftyindices.com/Press_Release/ind_prs22082025.pdf,
227,Nifty Smallcap 250,ABLBL,2025-09-30,,,press_release,https://niftyindices.com/Press_Release/ind_prs22082025.pdf,
227,Nifty Smallcap 250,AEGISVOPAK,2025-09-30,,,press_release,https://niftyindices.com/Press_Release/ind_prs22082025.pdf,
227,Nifty Smallcap 250,AKZOINDIA,2025-09-30,2026-03-31,,press_release,https://niftyindices.com/Press_Release/ind_prs22082025.pdf,"inferred-exclude: not in NSE current snapshot, no PR found (closed at next semi-annual review)"
227,Nifty Smallcap 250,ATHERENERG,2025-09-30,,,press_release,https://niftyindices.com/Press_Release/ind_prs22082025.pdf,
227,Nifty Smallcap 250,BANDHANBNK,2025-09-30,,,press_release,https://niftyindices.com/Press_Release/ind_prs22082025.pdf,
227,Nifty Smallcap 250,BLUEJET,2025-09-30,,,press_release,https://niftyindices.com/Press_Release/ind_prs22082025.pdf,
227,Nifty Smallcap 250,CHOICEIN,2025-09-30,,,press_release,https://niftyindices.com/Press_Release/ind_prs22082025.pdf,
227,Nifty Smallcap 250,EMAMILTD,2025-09-30,,,press_release,https://niftyindices.com/Press_Release/ind_prs22082025.pdf,
227,Nifty Smallcap 250,FORCEMOT,2025-09-30,,,press_release,https://niftyindices.com/Press_Release/ind_prs22082025.pdf,
227,Nifty Smallcap 250,GLAND,2025-09-30,,,press_release,https://niftyindices.com/Press_Release/ind_prs22082025.pdf,
227,Nifty Smallcap 250,MRPL,2025-09-30,,,press_release,https://niftyindices.com/Press_Release/ind_prs22082025.pdf,
227,Nifty Smallcap 250,MOTHERSON,2025-09-30,,,press_release,https://niftyindices.com/Press_Release/ind_prs22082025.pdf,
227,Nifty Smallcap 250,NUVOCO,2025-09-30,,,press_release,https://niftyindices.com/Press_Release/ind_prs22082025.pdf,
227,Nifty Smallcap 250,OLAELEC,2025-09-30,,,press_release,https://niftyindices.com/Press_Release/ind_prs22082025.pdf,
227,Nifty Smallcap 250,ONESOURCE,2025-09-30,,,press_release,https://niftyindices.com/Press_Release/ind_prs22082025.pdf,
227,Nifty Smallcap 250,THELEELA,2025-09-30,,,press_release,https://niftyindices.com/Press_Release/ind_prs22082025.pdf,
227,Nifty Smallcap 250,STARHEALTH,2025-09-30,,,press_release,https://niftyindices.com/Press_Release/ind_prs22082025.pdf,
227,Nifty Smallcap 250,SUNTV,2025-09-30,,,press_release,https://niftyindices.com/Press_Release/ind_prs22082025.pdf,
227,Nifty Smallcap 250,JSWCEMENT,2025-12-31,,,press_release,https://niftyindices.com/Press_Release/ind_prs11122025.pdf,
227,Nifty Smallcap 250,ACUTAAS,2026-03-30,,,press_release,https://niftyindices.com/Press_Release/ind_prs23022026.pdf,
227,Nifty Smallcap 250,CPPLUS,2026-03-30,,,press_release,https://niftyindices.com/Press_Release/ind_prs23022026.pdf,
227,Nifty Smallcap 250,ABDL,2026-03-30,,,press_release,https://niftyindices.com/Press_Release/ind_prs23022026.pdf,
227,Nifty Smallcap 250,ANURAS,2026-03-30,,,press_release,https://niftyindices.com/Press_Release/ind_prs23022026.pdf,
227,Nifty Smallcap 250,BELRISE,2026-03-30,,,press_release,https://niftyindices.com/Press_Release/ind_prs23022026.pdf,
227,Nifty Smallcap 250,CANHLIFE,2026-03-30,,,press_release,https://niftyindices.com/Press_Release/ind_prs23022026.pdf,
227,Nifty Smallcap 250,CARTRADE,2026-03-30,,,press_release,https://niftyindices.com/Press_Release/ind_prs23022026.pdf,
227,Nifty Smallcap 250,CEMPRO,2026-03-30,,,press_release,https://niftyindices.com/Press_Release/ind_prs23022026.pdf,
227,Nifty Smallcap 250,DEEPAKNTR,2026-03-30,,,press_release,https://niftyindices.com/Press_Release/ind_prs23022026.pdf,
227,Nifty Smallcap 250,EMMVEE,2026-03-30,,,press_release,https://niftyindices.com/Press_Release/ind_prs23022026.pdf,
227,Nifty Smallcap 250,FACT,2026-03-30,,,press_release,https://niftyindices.com/Press_Release/ind_prs23022026.pdf,
227,Nifty Smallcap 250,GABRIEL,2026-03-30,,,press_release,https://niftyindices.com/Press_Release/ind_prs23022026.pdf,
227,Nifty Smallcap 250,GALLANTT,2026-03-30,,,press_release,https://niftyindices.com/Press_Release/ind_prs23022026.pdf,
227,Nifty Smallcap 250,IDBI,2026-03-30,,,press_release,https://niftyindices.com/Press_Release/ind_prs23022026.pdf,
227,Nifty Smallcap 250,IOB,2026-03-30,,,press_release,https://niftyindices.com/Press_Release/ind_prs23022026.pdf,
227,Nifty Smallcap 250,IGL,2026-03-30,,,press_release,https://niftyindices.com/Press_Release/ind_prs23022026.pdf,
227,Nifty Smallcap 250,IRB,2026-03-30,,,press_release,https://niftyindices.com/Press_Release/ind_prs23022026.pdf,
227,Nifty Smallcap 250,JAINREC,2026-03-30,,,press_release,https://niftyindices.com/Press_Release/ind_prs23022026.pdf,
227,Nifty Smallcap 250,MEESHO,2026-03-30,,,press_release,https://niftyindices.com/Press_Release/ind_prs23022026.pdf,
227,Nifty Smallcap 250,PARADEEP,2026-03-30,,,press_release,https://niftyindices.com/Press_Release/ind_prs23022026.pdf,
227,Nifty Smallcap 250,PWL,2026-03-30,,,press_release,https://niftyindices.com/Press_Release/ind_prs23022026.pdf,
227,Nifty Smallcap 250,PINELABS,2026-03-30,,,press_release,https://niftyindices.com/Press_Release/ind_prs23022026.pdf,
227,Nifty Smallcap 250,PIRAMALFIN,2026-03-30,,,press_release,https://niftyindices.com/Press_Release/ind_prs23022026.pdf,
227,Nifty Smallcap 250,SONACOMS,2026-03-30,,,press_release,https://niftyindices.com/Press_Release/ind_prs23022026.pdf,
227,Nifty Smallcap 250,SPLPETRO,2026-03-30,,,press_release,https://niftyindices.com/Press_Release/ind_prs23022026.pdf,
227,Nifty Smallcap 250,SYNGENE,2026-03-30,,,press_release,https://niftyindices.com/Press_Release/ind_prs23022026.pdf,
227,Nifty Smallcap 250,TATATECH,2026-03-30,,,press_release,https://niftyindices.com/Press_Release/ind_prs23022026.pdf,
227,Nifty Smallcap 250,TEGA,2026-03-30,,,press_release,https://niftyindices.com/Press_Release/ind_prs23022026.pdf,
227,Nifty Smallcap 250,TENNIND,2026-03-30,,,press_release,https://niftyindices.com/Press_Release/ind_prs23022026.pdf,
227,Nifty Smallcap 250,TRAVELFOOD,2026-03-30,,,press_release,https://niftyindices.com/Press_Release/ind_prs23022026.pdf,
227,Nifty Smallcap 250,UCOBANK,2026-03-30,,,press_release,https://niftyindices.com/Press_Release/ind_prs23022026.pdf,
227,Nifty Smallcap 250,URBANCO,2026-03-30,,,press_release,https://niftyindices.com/Press_Release/ind_prs23022026.pdf,
227,Nifty Smallcap 250,ZYDUSWELL,2026-03-30,,,press_release,https://niftyindices.com/Press_Release/ind_prs23022026.pdf,
